Copyright 1986-2022 Xilinx, Inc. All Rights Reserved.
---------------------------------------------------------------------------------------------------------------------------------------------------------------------------------------------------------------------------------------------------------------------
| Tool Version : Vivado v.2022.2 (lin64) Build 3671981 Fri Oct 14 04:59:54 MDT 2022
| Date         : Thu May  7 12:00:06 2026
| Host         : finn_dev_slowman running 64-bit Ubuntu 22.04.1 LTS
| Command      : report_timing_summary -max_paths 10 -report_unconstrained -warn_on_violation -file top_wrapper_timing_summary_postroute_physopted.rpt -pb top_wrapper_timing_summary_postroute_physopted.pb -rpx top_wrapper_timing_summary_postroute_physopted.rpx
| Design       : top_wrapper
| Device       : 7z020-clg400
| Speed File   : -1  PRODUCTION 1.12 2019-11-22
---------------------------------------------------------------------------------------------------------------------------------------------------------------------------------------------------------------------------------------------------------------------

Timing Summary Report

------------------------------------------------------------------------------------------------
| Timer Settings
| --------------
------------------------------------------------------------------------------------------------

  Enable Multi Corner Analysis               :  Yes
  Enable Pessimism Removal                   :  Yes
  Pessimism Removal Resolution               :  Nearest Common Node
  Enable Input Delay Default Clock           :  No
  Enable Preset / Clear Arcs                 :  No
  Disable Flight Delays                      :  No
  Ignore I/O Paths                           :  No
  Timing Early Launch at Borrowing Latches   :  No
  Borrow Time for Max Delay Exceptions       :  Yes
  Merge Timing Exceptions                    :  Yes

  Corner  Analyze    Analyze    
  Name    Max Paths  Min Paths  
  ------  ---------  ---------  
  Slow    Yes        Yes        
  Fast    Yes        Yes        


------------------------------------------------------------------------------------------------
| Report Methodology
| ------------------
------------------------------------------------------------------------------------------------

Rule      Severity  Description                                  Violations  
--------  --------  -------------------------------------------  ----------  
ULMTCS-1  Warning   Control Sets use limits recommend reduction  1           

Note: This report is based on the most recent report_methodology run and may not be up-to-date. Run report_methodology on the current design for the latest report.



check_timing report

Table of Contents
-----------------
1. checking no_clock (0)
2. checking constant_clock (0)
3. checking pulse_width_clock (0)
4. checking unconstrained_internal_endpoints (0)
5. checking no_input_delay (0)
6. checking no_output_delay (0)
7. checking multiple_clock (0)
8. checking generated_clocks (0)
9. checking loops (0)
10. checking partial_input_delay (0)
11. checking partial_output_delay (0)
12. checking latch_loops (0)

1. checking no_clock (0)
------------------------
 There are 0 register/latch pins with no clock.


2. checking constant_clock (0)
------------------------------
 There are 0 register/latch pins with constant_clock.


3. checking pulse_width_clock (0)
---------------------------------
 There are 0 register/latch pins which need pulse_width check


4. checking unconstrained_internal_endpoints (0)
------------------------------------------------
 There are 0 pins that are not constrained for maximum delay.

 There are 0 pins that are not constrained for maximum delay due to constant clock.


5. checking no_input_delay (0)
------------------------------
 There are 0 input ports with no input delay specified.

 There are 0 input ports with no input delay but user has a false path constraint.


6. checking no_output_delay (0)
-------------------------------
 There are 0 ports with no output delay specified.

 There are 0 ports with no output delay but user has a false path constraint

 There are 0 ports with no output delay but with a timing clock defined on it or propagating through it


7. checking multiple_clock (0)
------------------------------
 There are 0 register/latch pins with multiple clocks.


8. checking generated_clocks (0)
--------------------------------
 There are 0 generated clocks that are not connected to a clock source.


9. checking loops (0)
---------------------
 There are 0 combinational loops in the design.


10. checking partial_input_delay (0)
------------------------------------
 There are 0 input ports with partial input delay specified.


11. checking partial_output_delay (0)
-------------------------------------
 There are 0 ports with partial output delay specified.


12. checking latch_loops (0)
----------------------------
 There are 0 combinational latch loops in the design through latch input



------------------------------------------------------------------------------------------------
| Design Timing Summary
| ---------------------
------------------------------------------------------------------------------------------------

    WNS(ns)      TNS(ns)  TNS Failing Endpoints  TNS Total Endpoints      WHS(ns)      THS(ns)  THS Failing Endpoints  THS Total Endpoints     WPWS(ns)     TPWS(ns)  TPWS Failing Endpoints  TPWS Total Endpoints  
    -------      -------  ---------------------  -------------------      -------      -------  ---------------------  -------------------     --------     --------  ----------------------  --------------------  
      0.244        0.000                      0                86396        0.012        0.000                      0                86396        3.750        0.000                       0                 32226  


All user specified timing constraints are met.


------------------------------------------------------------------------------------------------
| Clock Summary
| -------------
------------------------------------------------------------------------------------------------

Clock       Waveform(ns)       Period(ns)      Frequency(MHz)
-----       ------------       ----------      --------------
clk_fpga_0  {0.000 5.000}      10.000          100.000         


------------------------------------------------------------------------------------------------
| Intra Clock Table
| -----------------
------------------------------------------------------------------------------------------------

Clock             WNS(ns)      TNS(ns)  TNS Failing Endpoints  TNS Total Endpoints      WHS(ns)      THS(ns)  THS Failing Endpoints  THS Total Endpoints     WPWS(ns)     TPWS(ns)  TPWS Failing Endpoints  TPWS Total Endpoints  
-----             -------      -------  ---------------------  -------------------      -------      -------  ---------------------  -------------------     --------     --------  ----------------------  --------------------  
clk_fpga_0          0.244        0.000                      0                86396        0.012        0.000                      0                86396        3.750        0.000                       0                 32226  


------------------------------------------------------------------------------------------------
| Inter Clock Table
| -----------------
------------------------------------------------------------------------------------------------

From Clock    To Clock          WNS(ns)      TNS(ns)  TNS Failing Endpoints  TNS Total Endpoints      WHS(ns)      THS(ns)  THS Failing Endpoints  THS Total Endpoints  
----------    --------          -------      -------  ---------------------  -------------------      -------      -------  ---------------------  -------------------  


------------------------------------------------------------------------------------------------
| Other Path Groups Table
| -----------------------
------------------------------------------------------------------------------------------------

Path Group    From Clock    To Clock          WNS(ns)      TNS(ns)  TNS Failing Endpoints  TNS Total Endpoints      WHS(ns)      THS(ns)  THS Failing Endpoints  THS Total Endpoints  
----------    ----------    --------          -------      -------  ---------------------  -------------------      -------      -------  ---------------------  -------------------  


------------------------------------------------------------------------------------------------
| User Ignored Path Table
| -----------------------
------------------------------------------------------------------------------------------------

Path Group    From Clock    To Clock    
----------    ----------    --------    
(none)                      clk_fpga_0    
(none)        clk_fpga_0    clk_fpga_0    


------------------------------------------------------------------------------------------------
| Unconstrained Path Table
| ------------------------
------------------------------------------------------------------------------------------------

Path Group    From Clock    To Clock    
----------    ----------    --------    


------------------------------------------------------------------------------------------------
| Timing Details
| --------------
------------------------------------------------------------------------------------------------


---------------------------------------------------------------------------------------------------
From Clock:  clk_fpga_0
  To Clock:  clk_fpga_0

Setup :            0  Failing Endpoints,  Worst Slack        0.244ns,  Total Violation        0.000ns
Hold  :            0  Failing Endpoints,  Worst Slack        0.012ns,  Total Violation        0.000ns
PW    :            0  Failing Endpoints,  Worst Slack        3.750ns,  Total Violation        0.000ns
---------------------------------------------------------------------------------------------------


Max Delay Paths
--------------------------------------------------------------------------------------
Slack (MET) :             0.244ns  (required time - arrival time)
  Source:                 top_i/StreamingDataflowPartition_1/inst/StreamingDataflowPartition_1_MVAU_hls_7/inst/grp_Matrix_Vector_Activate_Batch_fu_30/flow_control_loop_pipe_sequential_init_U/ap_loop_init_int_reg_rep/C
                            (rising edge-triggered cell FDRE clocked by clk_fpga_0  {rise@0.000ns fall@5.000ns period=10.000ns})
  Destination:            top_i/StreamingDataflowPartition_1/inst/StreamingDataflowPartition_1_MVAU_hls_7/inst/grp_Matrix_Vector_Activate_Batch_fu_30/inputBuf_V_324_fu_2516_reg[14]/CE
                            (rising edge-triggered cell FDRE clocked by clk_fpga_0  {rise@0.000ns fall@5.000ns period=10.000ns})
  Path Group:             clk_fpga_0
  Path Type:              Setup (Max at Slow Process Corner)
  Requirement:            10.000ns  (clk_fpga_0 rise@10.000ns - clk_fpga_0 rise@0.000ns)
  Data Path Delay:        9.298ns  (logic 1.599ns (17.198%)  route 7.699ns (82.802%))
  Logic Levels:           6  (LUT5=3 LUT6=3)
  Clock Path Skew:        -0.100ns (DCD - SCD + CPR)
    Destination Clock Delay (DCD):    2.793ns = ( 12.793 - 10.000 ) 
    Source Clock Delay      (SCD):    3.008ns
    Clock Pessimism Removal (CPR):    0.115ns
  Clock Uncertainty:      0.154ns  ((TSJ^2 + TIJ^2)^1/2 + DJ) / 2 + PE
    Total System Jitter     (TSJ):    0.071ns
    Total Input Jitter      (TIJ):    0.300ns
    Discrete Jitter          (DJ):    0.000ns
    Phase Error              (PE):    0.000ns

    Location             Delay type                Incr(ns)  Path(ns)    Netlist Resource(s)
  -------------------------------------------------------------------    -------------------
                         (clock clk_fpga_0 rise edge)
                                                      0.000     0.000 r  
    PS7_X0Y0             PS7                          0.000     0.000 r  top_i/zynq_ps/inst/PS7_i/FCLKCLK[0]
                         net (fo=1, routed)           1.193     1.193    top_i/zynq_ps/inst/FCLK_CLK_unbuffered[0]
    BUFGCTRL_X0Y16       BUFG (Prop_bufg_I_O)         0.101     1.294 r  top_i/zynq_ps/inst/buffer_fclk_clk_0.FCLK_CLK_0_BUFG/O
                         net (fo=32227, routed)       1.714     3.008    top_i/StreamingDataflowPartition_1/inst/StreamingDataflowPartition_1_MVAU_hls_7/inst/grp_Matrix_Vector_Activate_Batch_fu_30/flow_control_loop_pipe_sequential_init_U/ap_clk
    SLICE_X63Y56         FDRE                                         r  top_i/StreamingDataflowPartition_1/inst/StreamingDataflowPartition_1_MVAU_hls_7/inst/grp_Matrix_Vector_Activate_Batch_fu_30/flow_control_loop_pipe_sequential_init_U/ap_loop_init_int_reg_rep/C
  -------------------------------------------------------------------    -------------------
    SLICE_X63Y56         FDRE (Prop_fdre_C_Q)         0.456     3.464 r  top_i/StreamingDataflowPartition_1/inst/StreamingDataflowPartition_1_MVAU_hls_7/inst/grp_Matrix_Vector_Activate_Batch_fu_30/flow_control_loop_pipe_sequential_init_U/ap_loop_init_int_reg_rep/Q
                         net (fo=88, routed)          1.388     4.852    top_i/StreamingDataflowPartition_1/inst/StreamingDataflowPartition_1_MVAU_hls_7/inst/grp_Matrix_Vector_Activate_Batch_fu_30/flow_control_loop_pipe_sequential_init_U/ap_loop_init_int_reg_rep_n_3
    SLICE_X63Y49         LUT5 (Prop_lut5_I2_O)        0.124     4.976 f  top_i/StreamingDataflowPartition_1/inst/StreamingDataflowPartition_1_MVAU_hls_7/inst/grp_Matrix_Vector_Activate_Batch_fu_30/flow_control_loop_pipe_sequential_init_U/ap_CS_iter1_fsm[1]_i_19/O
                         net (fo=1, routed)           0.571     5.548    top_i/StreamingDataflowPartition_1/inst/StreamingDataflowPartition_1_MVAU_hls_7/inst/grp_Matrix_Vector_Activate_Batch_fu_30/flow_control_loop_pipe_sequential_init_U/ap_CS_iter1_fsm[1]_i_19_n_3
    SLICE_X63Y48         LUT6 (Prop_lut6_I0_O)        0.124     5.672 r  top_i/StreamingDataflowPartition_1/inst/StreamingDataflowPartition_1_MVAU_hls_7/inst/grp_Matrix_Vector_Activate_Batch_fu_30/flow_control_loop_pipe_sequential_init_U/ap_CS_iter1_fsm[1]_i_9/O
                         net (fo=1, routed)           0.949     6.621    top_i/StreamingDataflowPartition_1/inst/StreamingDataflowPartition_1_MVAU_hls_7/inst/grp_Matrix_Vector_Activate_Batch_fu_30/flow_control_loop_pipe_sequential_init_U/ap_CS_iter1_fsm[1]_i_9_n_3
    SLICE_X64Y50         LUT6 (Prop_lut6_I5_O)        0.124     6.745 r  top_i/StreamingDataflowPartition_1/inst/StreamingDataflowPartition_1_MVAU_hls_7/inst/grp_Matrix_Vector_Activate_Batch_fu_30/flow_control_loop_pipe_sequential_init_U/ap_CS_iter1_fsm[1]_i_2/O
                         net (fo=6, routed)           0.718     7.463    top_i/StreamingDataflowPartition_1/inst/StreamingDataflowPartition_1_MVAU_hls_7/inst/grp_Matrix_Vector_Activate_Batch_fu_30/flow_control_loop_pipe_sequential_init_U/icmp_ln126_fu_3540_p2
    SLICE_X65Y56         LUT5 (Prop_lut5_I4_O)        0.119     7.582 r  top_i/StreamingDataflowPartition_1/inst/StreamingDataflowPartition_1_MVAU_hls_7/inst/grp_Matrix_Vector_Activate_Batch_fu_30/flow_control_loop_pipe_sequential_init_U/inElem_reg_12815[15]_i_1/O
                         net (fo=454, routed)         1.142     8.724    top_i/StreamingDataflowPartition_1/inst/StreamingDataflowPartition_1_MVAU_hls_7/inst/grp_Matrix_Vector_Activate_Batch_fu_30/flow_control_loop_pipe_sequential_init_U/grp_Matrix_Vector_Activate_Batch_fu_30_ap_start_reg_reg_rep_1[0]
    SLICE_X69Y49         LUT5 (Prop_lut5_I0_O)        0.326     9.050 r  top_i/StreamingDataflowPartition_1/inst/StreamingDataflowPartition_1_MVAU_hls_7/inst/grp_Matrix_Vector_Activate_Batch_fu_30/flow_control_loop_pipe_sequential_init_U/inputBuf_V_4_fu_1236[15]_i_2/O
                         net (fo=23, routed)          1.376    10.425    top_i/StreamingDataflowPartition_1/inst/StreamingDataflowPartition_1_MVAU_hls_7/inst/grp_Matrix_Vector_Activate_Batch_fu_30/flow_control_loop_pipe_sequential_init_U/inputBuf_V_4_fu_1236[15]_i_2_n_3
    SLICE_X81Y30         LUT6 (Prop_lut6_I5_O)        0.326    10.751 r  top_i/StreamingDataflowPartition_1/inst/StreamingDataflowPartition_1_MVAU_hls_7/inst/grp_Matrix_Vector_Activate_Batch_fu_30/flow_control_loop_pipe_sequential_init_U/inputBuf_V_324_fu_2516[15]_i_1/O
                         net (fo=16, routed)          1.554    12.306    top_i/StreamingDataflowPartition_1/inst/StreamingDataflowPartition_1_MVAU_hls_7/inst/grp_Matrix_Vector_Activate_Batch_fu_30/inputBuf_V_324_fu_25160
    SLICE_X103Y20        FDRE                                         r  top_i/StreamingDataflowPartition_1/inst/StreamingDataflowPartition_1_MVAU_hls_7/inst/grp_Matrix_Vector_Activate_Batch_fu_30/inputBuf_V_324_fu_2516_reg[14]/CE
  -------------------------------------------------------------------    -------------------

                         (clock clk_fpga_0 rise edge)
                                                     10.000    10.000 r  
    PS7_X0Y0             PS7                          0.000    10.000 r  top_i/zynq_ps/inst/PS7_i/FCLKCLK[0]
                         net (fo=1, routed)           1.088    11.088    top_i/zynq_ps/inst/FCLK_CLK_unbuffered[0]
    BUFGCTRL_X0Y16       BUFG (Prop_bufg_I_O)         0.091    11.179 r  top_i/zynq_ps/inst/buffer_fclk_clk_0.FCLK_CLK_0_BUFG/O
                         net (fo=32227, routed)       1.614    12.793    top_i/StreamingDataflowPartition_1/inst/StreamingDataflowPartition_1_MVAU_hls_7/inst/grp_Matrix_Vector_Activate_Batch_fu_30/ap_clk
    SLICE_X103Y20        FDRE                                         r  top_i/StreamingDataflowPartition_1/inst/StreamingDataflowPartition_1_MVAU_hls_7/inst/grp_Matrix_Vector_Activate_Batch_fu_30/inputBuf_V_324_fu_2516_reg[14]/C
                         clock pessimism              0.115    12.908    
                         clock uncertainty           -0.154    12.754    
    SLICE_X103Y20        FDRE (Setup_fdre_C_CE)      -0.205    12.549    top_i/StreamingDataflowPartition_1/inst/StreamingDataflowPartition_1_MVAU_hls_7/inst/grp_Matrix_Vector_Activate_Batch_fu_30/inputBuf_V_324_fu_2516_reg[14]
  -------------------------------------------------------------------
                         required time                         12.549    
                         arrival time                         -12.306    
  -------------------------------------------------------------------
                         slack                                  0.244    

Slack (MET) :             0.244ns  (required time - arrival time)
  Source:                 top_i/StreamingDataflowPartition_1/inst/StreamingDataflowPartition_1_MVAU_hls_7/inst/grp_Matrix_Vector_Activate_Batch_fu_30/flow_control_loop_pipe_sequential_init_U/ap_loop_init_int_reg_rep/C
                            (rising edge-triggered cell FDRE clocked by clk_fpga_0  {rise@0.000ns fall@5.000ns period=10.000ns})
  Destination:            top_i/StreamingDataflowPartition_1/inst/StreamingDataflowPartition_1_MVAU_hls_7/inst/grp_Matrix_Vector_Activate_Batch_fu_30/inputBuf_V_324_fu_2516_reg[5]/CE
                            (rising edge-triggered cell FDRE clocked by clk_fpga_0  {rise@0.000ns fall@5.000ns period=10.000ns})
  Path Group:             clk_fpga_0
  Path Type:              Setup (Max at Slow Process Corner)
  Requirement:            10.000ns  (clk_fpga_0 rise@10.000ns - clk_fpga_0 rise@0.000ns)
  Data Path Delay:        9.298ns  (logic 1.599ns (17.198%)  route 7.699ns (82.802%))
  Logic Levels:           6  (LUT5=3 LUT6=3)
  Clock Path Skew:        -0.100ns (DCD - SCD + CPR)
    Destination Clock Delay (DCD):    2.793ns = ( 12.793 - 10.000 ) 
    Source Clock Delay      (SCD):    3.008ns
    Clock Pessimism Removal (CPR):    0.115ns
  Clock Uncertainty:      0.154ns  ((TSJ^2 + TIJ^2)^1/2 + DJ) / 2 + PE
    Total System Jitter     (TSJ):    0.071ns
    Total Input Jitter      (TIJ):    0.300ns
    Discrete Jitter          (DJ):    0.000ns
    Phase Error              (PE):    0.000ns

    Location             Delay type                Incr(ns)  Path(ns)    Netlist Resource(s)
  -------------------------------------------------------------------    -------------------
                         (clock clk_fpga_0 rise edge)
                                                      0.000     0.000 r  
    PS7_X0Y0             PS7                          0.000     0.000 r  top_i/zynq_ps/inst/PS7_i/FCLKCLK[0]
                         net (fo=1, routed)           1.193     1.193    top_i/zynq_ps/inst/FCLK_CLK_unbuffered[0]
    BUFGCTRL_X0Y16       BUFG (Prop_bufg_I_O)         0.101     1.294 r  top_i/zynq_ps/inst/buffer_fclk_clk_0.FCLK_CLK_0_BUFG/O
                         net (fo=32227, routed)       1.714     3.008    top_i/StreamingDataflowPartition_1/inst/StreamingDataflowPartition_1_MVAU_hls_7/inst/grp_Matrix_Vector_Activate_Batch_fu_30/flow_control_loop_pipe_sequential_init_U/ap_clk
    SLICE_X63Y56         FDRE                                         r  top_i/StreamingDataflowPartition_1/inst/StreamingDataflowPartition_1_MVAU_hls_7/inst/grp_Matrix_Vector_Activate_Batch_fu_30/flow_control_loop_pipe_sequential_init_U/ap_loop_init_int_reg_rep/C
  -------------------------------------------------------------------    -------------------
    SLICE_X63Y56         FDRE (Prop_fdre_C_Q)         0.456     3.464 r  top_i/StreamingDataflowPartition_1/inst/StreamingDataflowPartition_1_MVAU_hls_7/inst/grp_Matrix_Vector_Activate_Batch_fu_30/flow_control_loop_pipe_sequential_init_U/ap_loop_init_int_reg_rep/Q
                         net (fo=88, routed)          1.388     4.852    top_i/StreamingDataflowPartition_1/inst/StreamingDataflowPartition_1_MVAU_hls_7/inst/grp_Matrix_Vector_Activate_Batch_fu_30/flow_control_loop_pipe_sequential_init_U/ap_loop_init_int_reg_rep_n_3
    SLICE_X63Y49         LUT5 (Prop_lut5_I2_O)        0.124     4.976 f  top_i/StreamingDataflowPartition_1/inst/StreamingDataflowPartition_1_MVAU_hls_7/inst/grp_Matrix_Vector_Activate_Batch_fu_30/flow_control_loop_pipe_sequential_init_U/ap_CS_iter1_fsm[1]_i_19/O
                         net (fo=1, routed)           0.571     5.548    top_i/StreamingDataflowPartition_1/inst/StreamingDataflowPartition_1_MVAU_hls_7/inst/grp_Matrix_Vector_Activate_Batch_fu_30/flow_control_loop_pipe_sequential_init_U/ap_CS_iter1_fsm[1]_i_19_n_3
    SLICE_X63Y48         LUT6 (Prop_lut6_I0_O)        0.124     5.672 r  top_i/StreamingDataflowPartition_1/inst/StreamingDataflowPartition_1_MVAU_hls_7/inst/grp_Matrix_Vector_Activate_Batch_fu_30/flow_control_loop_pipe_sequential_init_U/ap_CS_iter1_fsm[1]_i_9/O
                         net (fo=1, routed)           0.949     6.621    top_i/StreamingDataflowPartition_1/inst/StreamingDataflowPartition_1_MVAU_hls_7/inst/grp_Matrix_Vector_Activate_Batch_fu_30/flow_control_loop_pipe_sequential_init_U/ap_CS_iter1_fsm[1]_i_9_n_3
    SLICE_X64Y50         LUT6 (Prop_lut6_I5_O)        0.124     6.745 r  top_i/StreamingDataflowPartition_1/inst/StreamingDataflowPartition_1_MVAU_hls_7/inst/grp_Matrix_Vector_Activate_Batch_fu_30/flow_control_loop_pipe_sequential_init_U/ap_CS_iter1_fsm[1]_i_2/O
                         net (fo=6, routed)           0.718     7.463    top_i/StreamingDataflowPartition_1/inst/StreamingDataflowPartition_1_MVAU_hls_7/inst/grp_Matrix_Vector_Activate_Batch_fu_30/flow_control_loop_pipe_sequential_init_U/icmp_ln126_fu_3540_p2
    SLICE_X65Y56         LUT5 (Prop_lut5_I4_O)        0.119     7.582 r  top_i/StreamingDataflowPartition_1/inst/StreamingDataflowPartition_1_MVAU_hls_7/inst/grp_Matrix_Vector_Activate_Batch_fu_30/flow_control_loop_pipe_sequential_init_U/inElem_reg_12815[15]_i_1/O
                         net (fo=454, routed)         1.142     8.724    top_i/StreamingDataflowPartition_1/inst/StreamingDataflowPartition_1_MVAU_hls_7/inst/grp_Matrix_Vector_Activate_Batch_fu_30/flow_control_loop_pipe_sequential_init_U/grp_Matrix_Vector_Activate_Batch_fu_30_ap_start_reg_reg_rep_1[0]
    SLICE_X69Y49         LUT5 (Prop_lut5_I0_O)        0.326     9.050 r  top_i/StreamingDataflowPartition_1/inst/StreamingDataflowPartition_1_MVAU_hls_7/inst/grp_Matrix_Vector_Activate_Batch_fu_30/flow_control_loop_pipe_sequential_init_U/inputBuf_V_4_fu_1236[15]_i_2/O
                         net (fo=23, routed)          1.376    10.425    top_i/StreamingDataflowPartition_1/inst/StreamingDataflowPartition_1_MVAU_hls_7/inst/grp_Matrix_Vector_Activate_Batch_fu_30/flow_control_loop_pipe_sequential_init_U/inputBuf_V_4_fu_1236[15]_i_2_n_3
    SLICE_X81Y30         LUT6 (Prop_lut6_I5_O)        0.326    10.751 r  top_i/StreamingDataflowPartition_1/inst/StreamingDataflowPartition_1_MVAU_hls_7/inst/grp_Matrix_Vector_Activate_Batch_fu_30/flow_control_loop_pipe_sequential_init_U/inputBuf_V_324_fu_2516[15]_i_1/O
                         net (fo=16, routed)          1.554    12.306    top_i/StreamingDataflowPartition_1/inst/StreamingDataflowPartition_1_MVAU_hls_7/inst/grp_Matrix_Vector_Activate_Batch_fu_30/inputBuf_V_324_fu_25160
    SLICE_X103Y20        FDRE                                         r  top_i/StreamingDataflowPartition_1/inst/StreamingDataflowPartition_1_MVAU_hls_7/inst/grp_Matrix_Vector_Activate_Batch_fu_30/inputBuf_V_324_fu_2516_reg[5]/CE
  -------------------------------------------------------------------    -------------------

                         (clock clk_fpga_0 rise edge)
                                                     10.000    10.000 r  
    PS7_X0Y0             PS7                          0.000    10.000 r  top_i/zynq_ps/inst/PS7_i/FCLKCLK[0]
                         net (fo=1, routed)           1.088    11.088    top_i/zynq_ps/inst/FCLK_CLK_unbuffered[0]
    BUFGCTRL_X0Y16       BUFG (Prop_bufg_I_O)         0.091    11.179 r  top_i/zynq_ps/inst/buffer_fclk_clk_0.FCLK_CLK_0_BUFG/O
                         net (fo=32227, routed)       1.614    12.793    top_i/StreamingDataflowPartition_1/inst/StreamingDataflowPartition_1_MVAU_hls_7/inst/grp_Matrix_Vector_Activate_Batch_fu_30/ap_clk
    SLICE_X103Y20        FDRE                                         r  top_i/StreamingDataflowPartition_1/inst/StreamingDataflowPartition_1_MVAU_hls_7/inst/grp_Matrix_Vector_Activate_Batch_fu_30/inputBuf_V_324_fu_2516_reg[5]/C
                         clock pessimism              0.115    12.908    
                         clock uncertainty           -0.154    12.754    
    SLICE_X103Y20        FDRE (Setup_fdre_C_CE)      -0.205    12.549    top_i/StreamingDataflowPartition_1/inst/StreamingDataflowPartition_1_MVAU_hls_7/inst/grp_Matrix_Vector_Activate_Batch_fu_30/inputBuf_V_324_fu_2516_reg[5]
  -------------------------------------------------------------------
                         required time                         12.549    
                         arrival time                         -12.306    
  -------------------------------------------------------------------
                         slack                                  0.244    

Slack (MET) :             0.244ns  (required time - arrival time)
  Source:                 top_i/StreamingDataflowPartition_1/inst/StreamingDataflowPartition_1_MVAU_hls_7/inst/grp_Matrix_Vector_Activate_Batch_fu_30/flow_control_loop_pipe_sequential_init_U/ap_loop_init_int_reg_rep/C
                            (rising edge-triggered cell FDRE clocked by clk_fpga_0  {rise@0.000ns fall@5.000ns period=10.000ns})
  Destination:            top_i/StreamingDataflowPartition_1/inst/StreamingDataflowPartition_1_MVAU_hls_7/inst/grp_Matrix_Vector_Activate_Batch_fu_30/inputBuf_V_324_fu_2516_reg[9]/CE
                            (rising edge-triggered cell FDRE clocked by clk_fpga_0  {rise@0.000ns fall@5.000ns period=10.000ns})
  Path Group:             clk_fpga_0
  Path Type:              Setup (Max at Slow Process Corner)
  Requirement:            10.000ns  (clk_fpga_0 rise@10.000ns - clk_fpga_0 rise@0.000ns)
  Data Path Delay:        9.298ns  (logic 1.599ns (17.198%)  route 7.699ns (82.802%))
  Logic Levels:           6  (LUT5=3 LUT6=3)
  Clock Path Skew:        -0.100ns (DCD - SCD + CPR)
    Destination Clock Delay (DCD):    2.793ns = ( 12.793 - 10.000 ) 
    Source Clock Delay      (SCD):    3.008ns
    Clock Pessimism Removal (CPR):    0.115ns
  Clock Uncertainty:      0.154ns  ((TSJ^2 + TIJ^2)^1/2 + DJ) / 2 + PE
    Total System Jitter     (TSJ):    0.071ns
    Total Input Jitter      (TIJ):    0.300ns
    Discrete Jitter          (DJ):    0.000ns
    Phase Error              (PE):    0.000ns

    Location             Delay type                Incr(ns)  Path(ns)    Netlist Resource(s)
  -------------------------------------------------------------------    -------------------
                         (clock clk_fpga_0 rise edge)
                                                      0.000     0.000 r  
    PS7_X0Y0             PS7                          0.000     0.000 r  top_i/zynq_ps/inst/PS7_i/FCLKCLK[0]
                         net (fo=1, routed)           1.193     1.193    top_i/zynq_ps/inst/FCLK_CLK_unbuffered[0]
    BUFGCTRL_X0Y16       BUFG (Prop_bufg_I_O)         0.101     1.294 r  top_i/zynq_ps/inst/buffer_fclk_clk_0.FCLK_CLK_0_BUFG/O
                         net (fo=32227, routed)       1.714     3.008    top_i/StreamingDataflowPartition_1/inst/StreamingDataflowPartition_1_MVAU_hls_7/inst/grp_Matrix_Vector_Activate_Batch_fu_30/flow_control_loop_pipe_sequential_init_U/ap_clk
    SLICE_X63Y56         FDRE                                         r  top_i/StreamingDataflowPartition_1/inst/StreamingDataflowPartition_1_MVAU_hls_7/inst/grp_Matrix_Vector_Activate_Batch_fu_30/flow_control_loop_pipe_sequential_init_U/ap_loop_init_int_reg_rep/C
  -------------------------------------------------------------------    -------------------
    SLICE_X63Y56         FDRE (Prop_fdre_C_Q)         0.456     3.464 r  top_i/StreamingDataflowPartition_1/inst/StreamingDataflowPartition_1_MVAU_hls_7/inst/grp_Matrix_Vector_Activate_Batch_fu_30/flow_control_loop_pipe_sequential_init_U/ap_loop_init_int_reg_rep/Q
                         net (fo=88, routed)          1.388     4.852    top_i/StreamingDataflowPartition_1/inst/StreamingDataflowPartition_1_MVAU_hls_7/inst/grp_Matrix_Vector_Activate_Batch_fu_30/flow_control_loop_pipe_sequential_init_U/ap_loop_init_int_reg_rep_n_3
    SLICE_X63Y49         LUT5 (Prop_lut5_I2_O)        0.124     4.976 f  top_i/StreamingDataflowPartition_1/inst/StreamingDataflowPartition_1_MVAU_hls_7/inst/grp_Matrix_Vector_Activate_Batch_fu_30/flow_control_loop_pipe_sequential_init_U/ap_CS_iter1_fsm[1]_i_19/O
                         net (fo=1, routed)           0.571     5.548    top_i/StreamingDataflowPartition_1/inst/StreamingDataflowPartition_1_MVAU_hls_7/inst/grp_Matrix_Vector_Activate_Batch_fu_30/flow_control_loop_pipe_sequential_init_U/ap_CS_iter1_fsm[1]_i_19_n_3
    SLICE_X63Y48         LUT6 (Prop_lut6_I0_O)        0.124     5.672 r  top_i/StreamingDataflowPartition_1/inst/StreamingDataflowPartition_1_MVAU_hls_7/inst/grp_Matrix_Vector_Activate_Batch_fu_30/flow_control_loop_pipe_sequential_init_U/ap_CS_iter1_fsm[1]_i_9/O
                         net (fo=1, routed)           0.949     6.621    top_i/StreamingDataflowPartition_1/inst/StreamingDataflowPartition_1_MVAU_hls_7/inst/grp_Matrix_Vector_Activate_Batch_fu_30/flow_control_loop_pipe_sequential_init_U/ap_CS_iter1_fsm[1]_i_9_n_3
    SLICE_X64Y50         LUT6 (Prop_lut6_I5_O)        0.124     6.745 r  top_i/StreamingDataflowPartition_1/inst/StreamingDataflowPartition_1_MVAU_hls_7/inst/grp_Matrix_Vector_Activate_Batch_fu_30/flow_control_loop_pipe_sequential_init_U/ap_CS_iter1_fsm[1]_i_2/O
                         net (fo=6, routed)           0.718     7.463    top_i/StreamingDataflowPartition_1/inst/StreamingDataflowPartition_1_MVAU_hls_7/inst/grp_Matrix_Vector_Activate_Batch_fu_30/flow_control_loop_pipe_sequential_init_U/icmp_ln126_fu_3540_p2
    SLICE_X65Y56         LUT5 (Prop_lut5_I4_O)        0.119     7.582 r  top_i/StreamingDataflowPartition_1/inst/StreamingDataflowPartition_1_MVAU_hls_7/inst/grp_Matrix_Vector_Activate_Batch_fu_30/flow_control_loop_pipe_sequential_init_U/inElem_reg_12815[15]_i_1/O
                         net (fo=454, routed)         1.142     8.724    top_i/StreamingDataflowPartition_1/inst/StreamingDataflowPartition_1_MVAU_hls_7/inst/grp_Matrix_Vector_Activate_Batch_fu_30/flow_control_loop_pipe_sequential_init_U/grp_Matrix_Vector_Activate_Batch_fu_30_ap_start_reg_reg_rep_1[0]
    SLICE_X69Y49         LUT5 (Prop_lut5_I0_O)        0.326     9.050 r  top_i/StreamingDataflowPartition_1/inst/StreamingDataflowPartition_1_MVAU_hls_7/inst/grp_Matrix_Vector_Activate_Batch_fu_30/flow_control_loop_pipe_sequential_init_U/inputBuf_V_4_fu_1236[15]_i_2/O
                         net (fo=23, routed)          1.376    10.425    top_i/StreamingDataflowPartition_1/inst/StreamingDataflowPartition_1_MVAU_hls_7/inst/grp_Matrix_Vector_Activate_Batch_fu_30/flow_control_loop_pipe_sequential_init_U/inputBuf_V_4_fu_1236[15]_i_2_n_3
    SLICE_X81Y30         LUT6 (Prop_lut6_I5_O)        0.326    10.751 r  top_i/StreamingDataflowPartition_1/inst/StreamingDataflowPartition_1_MVAU_hls_7/inst/grp_Matrix_Vector_Activate_Batch_fu_30/flow_control_loop_pipe_sequential_init_U/inputBuf_V_324_fu_2516[15]_i_1/O
                         net (fo=16, routed)          1.554    12.306    top_i/StreamingDataflowPartition_1/inst/StreamingDataflowPartition_1_MVAU_hls_7/inst/grp_Matrix_Vector_Activate_Batch_fu_30/inputBuf_V_324_fu_25160
    SLICE_X103Y20        FDRE                                         r  top_i/StreamingDataflowPartition_1/inst/StreamingDataflowPartition_1_MVAU_hls_7/inst/grp_Matrix_Vector_Activate_Batch_fu_30/inputBuf_V_324_fu_2516_reg[9]/CE
  -------------------------------------------------------------------    -------------------

                         (clock clk_fpga_0 rise edge)
                                                     10.000    10.000 r  
    PS7_X0Y0             PS7                          0.000    10.000 r  top_i/zynq_ps/inst/PS7_i/FCLKCLK[0]
                         net (fo=1, routed)           1.088    11.088    top_i/zynq_ps/inst/FCLK_CLK_unbuffered[0]
    BUFGCTRL_X0Y16       BUFG (Prop_bufg_I_O)         0.091    11.179 r  top_i/zynq_ps/inst/buffer_fclk_clk_0.FCLK_CLK_0_BUFG/O
                         net (fo=32227, routed)       1.614    12.793    top_i/StreamingDataflowPartition_1/inst/StreamingDataflowPartition_1_MVAU_hls_7/inst/grp_Matrix_Vector_Activate_Batch_fu_30/ap_clk
    SLICE_X103Y20        FDRE                                         r  top_i/StreamingDataflowPartition_1/inst/StreamingDataflowPartition_1_MVAU_hls_7/inst/grp_Matrix_Vector_Activate_Batch_fu_30/inputBuf_V_324_fu_2516_reg[9]/C
                         clock pessimism              0.115    12.908    
                         clock uncertainty           -0.154    12.754    
    SLICE_X103Y20        FDRE (Setup_fdre_C_CE)      -0.205    12.549    top_i/StreamingDataflowPartition_1/inst/StreamingDataflowPartition_1_MVAU_hls_7/inst/grp_Matrix_Vector_Activate_Batch_fu_30/inputBuf_V_324_fu_2516_reg[9]
  -------------------------------------------------------------------
                         required time                         12.549    
                         arrival time                         -12.306    
  -------------------------------------------------------------------
                         slack                                  0.244    

Slack (MET) :             0.278ns  (required time - arrival time)
  Source:                 top_i/StreamingDataflowPartition_1/inst/StreamingDataflowPartition_1_MVAU_hls_7/inst/grp_Matrix_Vector_Activate_Batch_fu_30/flow_control_loop_pipe_sequential_init_U/ap_loop_init_int_reg_rep/C
                            (rising edge-triggered cell FDRE clocked by clk_fpga_0  {rise@0.000ns fall@5.000ns period=10.000ns})
  Destination:            top_i/StreamingDataflowPartition_1/inst/StreamingDataflowPartition_1_MVAU_hls_7/inst/grp_Matrix_Vector_Activate_Batch_fu_30/inputBuf_V_328_fu_2532_reg[10]/CE
                            (rising edge-triggered cell FDRE clocked by clk_fpga_0  {rise@0.000ns fall@5.000ns period=10.000ns})
  Path Group:             clk_fpga_0
  Path Type:              Setup (Max at Slow Process Corner)
  Requirement:            10.000ns  (clk_fpga_0 rise@10.000ns - clk_fpga_0 rise@0.000ns)
  Data Path Delay:        9.304ns  (logic 1.599ns (17.186%)  route 7.705ns (82.814%))
  Logic Levels:           6  (LUT5=3 LUT6=3)
  Clock Path Skew:        -0.095ns (DCD - SCD + CPR)
    Destination Clock Delay (DCD):    2.798ns = ( 12.799 - 10.000 ) 
    Source Clock Delay      (SCD):    3.008ns
    Clock Pessimism Removal (CPR):    0.115ns
  Clock Uncertainty:      0.154ns  ((TSJ^2 + TIJ^2)^1/2 + DJ) / 2 + PE
    Total System Jitter     (TSJ):    0.071ns
    Total Input Jitter      (TIJ):    0.300ns
    Discrete Jitter          (DJ):    0.000ns
    Phase Error              (PE):    0.000ns

    Location             Delay type                Incr(ns)  Path(ns)    Netlist Resource(s)
  -------------------------------------------------------------------    -------------------
                         (clock clk_fpga_0 rise edge)
                                                      0.000     0.000 r  
    PS7_X0Y0             PS7                          0.000     0.000 r  top_i/zynq_ps/inst/PS7_i/FCLKCLK[0]
                         net (fo=1, routed)           1.193     1.193    top_i/zynq_ps/inst/FCLK_CLK_unbuffered[0]
    BUFGCTRL_X0Y16       BUFG (Prop_bufg_I_O)         0.101     1.294 r  top_i/zynq_ps/inst/buffer_fclk_clk_0.FCLK_CLK_0_BUFG/O
                         net (fo=32227, routed)       1.714     3.008    top_i/StreamingDataflowPartition_1/inst/StreamingDataflowPartition_1_MVAU_hls_7/inst/grp_Matrix_Vector_Activate_Batch_fu_30/flow_control_loop_pipe_sequential_init_U/ap_clk
    SLICE_X63Y56         FDRE                                         r  top_i/StreamingDataflowPartition_1/inst/StreamingDataflowPartition_1_MVAU_hls_7/inst/grp_Matrix_Vector_Activate_Batch_fu_30/flow_control_loop_pipe_sequential_init_U/ap_loop_init_int_reg_rep/C
  -------------------------------------------------------------------    -------------------
    SLICE_X63Y56         FDRE (Prop_fdre_C_Q)         0.456     3.464 r  top_i/StreamingDataflowPartition_1/inst/StreamingDataflowPartition_1_MVAU_hls_7/inst/grp_Matrix_Vector_Activate_Batch_fu_30/flow_control_loop_pipe_sequential_init_U/ap_loop_init_int_reg_rep/Q
                         net (fo=88, routed)          1.388     4.852    top_i/StreamingDataflowPartition_1/inst/StreamingDataflowPartition_1_MVAU_hls_7/inst/grp_Matrix_Vector_Activate_Batch_fu_30/flow_control_loop_pipe_sequential_init_U/ap_loop_init_int_reg_rep_n_3
    SLICE_X63Y49         LUT5 (Prop_lut5_I2_O)        0.124     4.976 f  top_i/StreamingDataflowPartition_1/inst/StreamingDataflowPartition_1_MVAU_hls_7/inst/grp_Matrix_Vector_Activate_Batch_fu_30/flow_control_loop_pipe_sequential_init_U/ap_CS_iter1_fsm[1]_i_19/O
                         net (fo=1, routed)           0.571     5.548    top_i/StreamingDataflowPartition_1/inst/StreamingDataflowPartition_1_MVAU_hls_7/inst/grp_Matrix_Vector_Activate_Batch_fu_30/flow_control_loop_pipe_sequential_init_U/ap_CS_iter1_fsm[1]_i_19_n_3
    SLICE_X63Y48         LUT6 (Prop_lut6_I0_O)        0.124     5.672 r  top_i/StreamingDataflowPartition_1/inst/StreamingDataflowPartition_1_MVAU_hls_7/inst/grp_Matrix_Vector_Activate_Batch_fu_30/flow_control_loop_pipe_sequential_init_U/ap_CS_iter1_fsm[1]_i_9/O
                         net (fo=1, routed)           0.949     6.621    top_i/StreamingDataflowPartition_1/inst/StreamingDataflowPartition_1_MVAU_hls_7/inst/grp_Matrix_Vector_Activate_Batch_fu_30/flow_control_loop_pipe_sequential_init_U/ap_CS_iter1_fsm[1]_i_9_n_3
    SLICE_X64Y50         LUT6 (Prop_lut6_I5_O)        0.124     6.745 r  top_i/StreamingDataflowPartition_1/inst/StreamingDataflowPartition_1_MVAU_hls_7/inst/grp_Matrix_Vector_Activate_Batch_fu_30/flow_control_loop_pipe_sequential_init_U/ap_CS_iter1_fsm[1]_i_2/O
                         net (fo=6, routed)           0.718     7.463    top_i/StreamingDataflowPartition_1/inst/StreamingDataflowPartition_1_MVAU_hls_7/inst/grp_Matrix_Vector_Activate_Batch_fu_30/flow_control_loop_pipe_sequential_init_U/icmp_ln126_fu_3540_p2
    SLICE_X65Y56         LUT5 (Prop_lut5_I4_O)        0.119     7.582 r  top_i/StreamingDataflowPartition_1/inst/StreamingDataflowPartition_1_MVAU_hls_7/inst/grp_Matrix_Vector_Activate_Batch_fu_30/flow_control_loop_pipe_sequential_init_U/inElem_reg_12815[15]_i_1/O
                         net (fo=454, routed)         1.142     8.724    top_i/StreamingDataflowPartition_1/inst/StreamingDataflowPartition_1_MVAU_hls_7/inst/grp_Matrix_Vector_Activate_Batch_fu_30/flow_control_loop_pipe_sequential_init_U/grp_Matrix_Vector_Activate_Batch_fu_30_ap_start_reg_reg_rep_1[0]
    SLICE_X69Y49         LUT5 (Prop_lut5_I0_O)        0.326     9.050 r  top_i/StreamingDataflowPartition_1/inst/StreamingDataflowPartition_1_MVAU_hls_7/inst/grp_Matrix_Vector_Activate_Batch_fu_30/flow_control_loop_pipe_sequential_init_U/inputBuf_V_4_fu_1236[15]_i_2/O
                         net (fo=23, routed)          1.520    10.569    top_i/StreamingDataflowPartition_1/inst/StreamingDataflowPartition_1_MVAU_hls_7/inst/grp_Matrix_Vector_Activate_Batch_fu_30/flow_control_loop_pipe_sequential_init_U/inputBuf_V_4_fu_1236[15]_i_2_n_3
    SLICE_X81Y28         LUT6 (Prop_lut6_I5_O)        0.326    10.895 r  top_i/StreamingDataflowPartition_1/inst/StreamingDataflowPartition_1_MVAU_hls_7/inst/grp_Matrix_Vector_Activate_Batch_fu_30/flow_control_loop_pipe_sequential_init_U/inputBuf_V_328_fu_2532[15]_i_1/O
                         net (fo=16, routed)          1.417    12.312    top_i/StreamingDataflowPartition_1/inst/StreamingDataflowPartition_1_MVAU_hls_7/inst/grp_Matrix_Vector_Activate_Batch_fu_30/inputBuf_V_328_fu_25320
    SLICE_X100Y15        FDRE                                         r  top_i/StreamingDataflowPartition_1/inst/StreamingDataflowPartition_1_MVAU_hls_7/inst/grp_Matrix_Vector_Activate_Batch_fu_30/inputBuf_V_328_fu_2532_reg[10]/CE
  -------------------------------------------------------------------    -------------------

                         (clock clk_fpga_0 rise edge)
                                                     10.000    10.000 r  
    PS7_X0Y0             PS7                          0.000    10.000 r  top_i/zynq_ps/inst/PS7_i/FCLKCLK[0]
                         net (fo=1, routed)           1.088    11.088    top_i/zynq_ps/inst/FCLK_CLK_unbuffered[0]
    BUFGCTRL_X0Y16       BUFG (Prop_bufg_I_O)         0.091    11.179 r  top_i/zynq_ps/inst/buffer_fclk_clk_0.FCLK_CLK_0_BUFG/O
                         net (fo=32227, routed)       1.619    12.799    top_i/StreamingDataflowPartition_1/inst/StreamingDataflowPartition_1_MVAU_hls_7/inst/grp_Matrix_Vector_Activate_Batch_fu_30/ap_clk
    SLICE_X100Y15        FDRE                                         r  top_i/StreamingDataflowPartition_1/inst/StreamingDataflowPartition_1_MVAU_hls_7/inst/grp_Matrix_Vector_Activate_Batch_fu_30/inputBuf_V_328_fu_2532_reg[10]/C
                         clock pessimism              0.115    12.913    
                         clock uncertainty           -0.154    12.759    
    SLICE_X100Y15        FDRE (Setup_fdre_C_CE)      -0.169    12.590    top_i/StreamingDataflowPartition_1/inst/StreamingDataflowPartition_1_MVAU_hls_7/inst/grp_Matrix_Vector_Activate_Batch_fu_30/inputBuf_V_328_fu_2532_reg[10]
  -------------------------------------------------------------------
                         required time                         12.590    
                         arrival time                         -12.312    
  -------------------------------------------------------------------
                         slack                                  0.278    

Slack (MET) :             0.278ns  (required time - arrival time)
  Source:                 top_i/StreamingDataflowPartition_1/inst/StreamingDataflowPartition_1_MVAU_hls_7/inst/grp_Matrix_Vector_Activate_Batch_fu_30/flow_control_loop_pipe_sequential_init_U/ap_loop_init_int_reg_rep/C
                            (rising edge-triggered cell FDRE clocked by clk_fpga_0  {rise@0.000ns fall@5.000ns period=10.000ns})
  Destination:            top_i/StreamingDataflowPartition_1/inst/StreamingDataflowPartition_1_MVAU_hls_7/inst/grp_Matrix_Vector_Activate_Batch_fu_30/inputBuf_V_328_fu_2532_reg[11]/CE
                            (rising edge-triggered cell FDRE clocked by clk_fpga_0  {rise@0.000ns fall@5.000ns period=10.000ns})
  Path Group:             clk_fpga_0
  Path Type:              Setup (Max at Slow Process Corner)
  Requirement:            10.000ns  (clk_fpga_0 rise@10.000ns - clk_fpga_0 rise@0.000ns)
  Data Path Delay:        9.304ns  (logic 1.599ns (17.186%)  route 7.705ns (82.814%))
  Logic Levels:           6  (LUT5=3 LUT6=3)
  Clock Path Skew:        -0.095ns (DCD - SCD + CPR)
    Destination Clock Delay (DCD):    2.798ns = ( 12.799 - 10.000 ) 
    Source Clock Delay      (SCD):    3.008ns
    Clock Pessimism Removal (CPR):    0.115ns
  Clock Uncertainty:      0.154ns  ((TSJ^2 + TIJ^2)^1/2 + DJ) / 2 + PE
    Total System Jitter     (TSJ):    0.071ns
    Total Input Jitter      (TIJ):    0.300ns
    Discrete Jitter          (DJ):    0.000ns
    Phase Error              (PE):    0.000ns

    Location             Delay type                Incr(ns)  Path(ns)    Netlist Resource(s)
  -------------------------------------------------------------------    -------------------
                         (clock clk_fpga_0 rise edge)
                                                      0.000     0.000 r  
    PS7_X0Y0             PS7                          0.000     0.000 r  top_i/zynq_ps/inst/PS7_i/FCLKCLK[0]
                         net (fo=1, routed)           1.193     1.193    top_i/zynq_ps/inst/FCLK_CLK_unbuffered[0]
    BUFGCTRL_X0Y16       BUFG (Prop_bufg_I_O)         0.101     1.294 r  top_i/zynq_ps/inst/buffer_fclk_clk_0.FCLK_CLK_0_BUFG/O
                         net (fo=32227, routed)       1.714     3.008    top_i/StreamingDataflowPartition_1/inst/StreamingDataflowPartition_1_MVAU_hls_7/inst/grp_Matrix_Vector_Activate_Batch_fu_30/flow_control_loop_pipe_sequential_init_U/ap_clk
    SLICE_X63Y56         FDRE                                         r  top_i/StreamingDataflowPartition_1/inst/StreamingDataflowPartition_1_MVAU_hls_7/inst/grp_Matrix_Vector_Activate_Batch_fu_30/flow_control_loop_pipe_sequential_init_U/ap_loop_init_int_reg_rep/C
  -------------------------------------------------------------------    -------------------
    SLICE_X63Y56         FDRE (Prop_fdre_C_Q)         0.456     3.464 r  top_i/StreamingDataflowPartition_1/inst/StreamingDataflowPartition_1_MVAU_hls_7/inst/grp_Matrix_Vector_Activate_Batch_fu_30/flow_control_loop_pipe_sequential_init_U/ap_loop_init_int_reg_rep/Q
                         net (fo=88, routed)          1.388     4.852    top_i/StreamingDataflowPartition_1/inst/StreamingDataflowPartition_1_MVAU_hls_7/inst/grp_Matrix_Vector_Activate_Batch_fu_30/flow_control_loop_pipe_sequential_init_U/ap_loop_init_int_reg_rep_n_3
    SLICE_X63Y49         LUT5 (Prop_lut5_I2_O)        0.124     4.976 f  top_i/StreamingDataflowPartition_1/inst/StreamingDataflowPartition_1_MVAU_hls_7/inst/grp_Matrix_Vector_Activate_Batch_fu_30/flow_control_loop_pipe_sequential_init_U/ap_CS_iter1_fsm[1]_i_19/O
                         net (fo=1, routed)           0.571     5.548    top_i/StreamingDataflowPartition_1/inst/StreamingDataflowPartition_1_MVAU_hls_7/inst/grp_Matrix_Vector_Activate_Batch_fu_30/flow_control_loop_pipe_sequential_init_U/ap_CS_iter1_fsm[1]_i_19_n_3
    SLICE_X63Y48         LUT6 (Prop_lut6_I0_O)        0.124     5.672 r  top_i/StreamingDataflowPartition_1/inst/StreamingDataflowPartition_1_MVAU_hls_7/inst/grp_Matrix_Vector_Activate_Batch_fu_30/flow_control_loop_pipe_sequential_init_U/ap_CS_iter1_fsm[1]_i_9/O
                         net (fo=1, routed)           0.949     6.621    top_i/StreamingDataflowPartition_1/inst/StreamingDataflowPartition_1_MVAU_hls_7/inst/grp_Matrix_Vector_Activate_Batch_fu_30/flow_control_loop_pipe_sequential_init_U/ap_CS_iter1_fsm[1]_i_9_n_3
    SLICE_X64Y50         LUT6 (Prop_lut6_I5_O)        0.124     6.745 r  top_i/StreamingDataflowPartition_1/inst/StreamingDataflowPartition_1_MVAU_hls_7/inst/grp_Matrix_Vector_Activate_Batch_fu_30/flow_control_loop_pipe_sequential_init_U/ap_CS_iter1_fsm[1]_i_2/O
                         net (fo=6, routed)           0.718     7.463    top_i/StreamingDataflowPartition_1/inst/StreamingDataflowPartition_1_MVAU_hls_7/inst/grp_Matrix_Vector_Activate_Batch_fu_30/flow_control_loop_pipe_sequential_init_U/icmp_ln126_fu_3540_p2
    SLICE_X65Y56         LUT5 (Prop_lut5_I4_O)        0.119     7.582 r  top_i/StreamingDataflowPartition_1/inst/StreamingDataflowPartition_1_MVAU_hls_7/inst/grp_Matrix_Vector_Activate_Batch_fu_30/flow_control_loop_pipe_sequential_init_U/inElem_reg_12815[15]_i_1/O
                         net (fo=454, routed)         1.142     8.724    top_i/StreamingDataflowPartition_1/inst/StreamingDataflowPartition_1_MVAU_hls_7/inst/grp_Matrix_Vector_Activate_Batch_fu_30/flow_control_loop_pipe_sequential_init_U/grp_Matrix_Vector_Activate_Batch_fu_30_ap_start_reg_reg_rep_1[0]
    SLICE_X69Y49         LUT5 (Prop_lut5_I0_O)        0.326     9.050 r  top_i/StreamingDataflowPartition_1/inst/StreamingDataflowPartition_1_MVAU_hls_7/inst/grp_Matrix_Vector_Activate_Batch_fu_30/flow_control_loop_pipe_sequential_init_U/inputBuf_V_4_fu_1236[15]_i_2/O
                         net (fo=23, routed)          1.520    10.569    top_i/StreamingDataflowPartition_1/inst/StreamingDataflowPartition_1_MVAU_hls_7/inst/grp_Matrix_Vector_Activate_Batch_fu_30/flow_control_loop_pipe_sequential_init_U/inputBuf_V_4_fu_1236[15]_i_2_n_3
    SLICE_X81Y28         LUT6 (Prop_lut6_I5_O)        0.326    10.895 r  top_i/StreamingDataflowPartition_1/inst/StreamingDataflowPartition_1_MVAU_hls_7/inst/grp_Matrix_Vector_Activate_Batch_fu_30/flow_control_loop_pipe_sequential_init_U/inputBuf_V_328_fu_2532[15]_i_1/O
                         net (fo=16, routed)          1.417    12.312    top_i/StreamingDataflowPartition_1/inst/StreamingDataflowPartition_1_MVAU_hls_7/inst/grp_Matrix_Vector_Activate_Batch_fu_30/inputBuf_V_328_fu_25320
    SLICE_X100Y15        FDRE                                         r  top_i/StreamingDataflowPartition_1/inst/StreamingDataflowPartition_1_MVAU_hls_7/inst/grp_Matrix_Vector_Activate_Batch_fu_30/inputBuf_V_328_fu_2532_reg[11]/CE
  -------------------------------------------------------------------    -------------------

                         (clock clk_fpga_0 rise edge)
                                                     10.000    10.000 r  
    PS7_X0Y0             PS7                          0.000    10.000 r  top_i/zynq_ps/inst/PS7_i/FCLKCLK[0]
                         net (fo=1, routed)           1.088    11.088    top_i/zynq_ps/inst/FCLK_CLK_unbuffered[0]
    BUFGCTRL_X0Y16       BUFG (Prop_bufg_I_O)         0.091    11.179 r  top_i/zynq_ps/inst/buffer_fclk_clk_0.FCLK_CLK_0_BUFG/O
                         net (fo=32227, routed)       1.619    12.799    top_i/StreamingDataflowPartition_1/inst/StreamingDataflowPartition_1_MVAU_hls_7/inst/grp_Matrix_Vector_Activate_Batch_fu_30/ap_clk
    SLICE_X100Y15        FDRE                                         r  top_i/StreamingDataflowPartition_1/inst/StreamingDataflowPartition_1_MVAU_hls_7/inst/grp_Matrix_Vector_Activate_Batch_fu_30/inputBuf_V_328_fu_2532_reg[11]/C
                         clock pessimism              0.115    12.913    
                         clock uncertainty           -0.154    12.759    
    SLICE_X100Y15        FDRE (Setup_fdre_C_CE)      -0.169    12.590    top_i/StreamingDataflowPartition_1/inst/StreamingDataflowPartition_1_MVAU_hls_7/inst/grp_Matrix_Vector_Activate_Batch_fu_30/inputBuf_V_328_fu_2532_reg[11]
  -------------------------------------------------------------------
                         required time                         12.590    
                         arrival time                         -12.312    
  -------------------------------------------------------------------
                         slack                                  0.278    

Slack (MET) :             0.278ns  (required time - arrival time)
  Source:                 top_i/StreamingDataflowPartition_1/inst/StreamingDataflowPartition_1_MVAU_hls_7/inst/grp_Matrix_Vector_Activate_Batch_fu_30/flow_control_loop_pipe_sequential_init_U/ap_loop_init_int_reg_rep/C
                            (rising edge-triggered cell FDRE clocked by clk_fpga_0  {rise@0.000ns fall@5.000ns period=10.000ns})
  Destination:            top_i/StreamingDataflowPartition_1/inst/StreamingDataflowPartition_1_MVAU_hls_7/inst/grp_Matrix_Vector_Activate_Batch_fu_30/inputBuf_V_328_fu_2532_reg[2]/CE
                            (rising edge-triggered cell FDRE clocked by clk_fpga_0  {rise@0.000ns fall@5.000ns period=10.000ns})
  Path Group:             clk_fpga_0
  Path Type:              Setup (Max at Slow Process Corner)
  Requirement:            10.000ns  (clk_fpga_0 rise@10.000ns - clk_fpga_0 rise@0.000ns)
  Data Path Delay:        9.304ns  (logic 1.599ns (17.186%)  route 7.705ns (82.814%))
  Logic Levels:           6  (LUT5=3 LUT6=3)
  Clock Path Skew:        -0.095ns (DCD - SCD + CPR)
    Destination Clock Delay (DCD):    2.798ns = ( 12.799 - 10.000 ) 
    Source Clock Delay      (SCD):    3.008ns
    Clock Pessimism Removal (CPR):    0.115ns
  Clock Uncertainty:      0.154ns  ((TSJ^2 + TIJ^2)^1/2 + DJ) / 2 + PE
    Total System Jitter     (TSJ):    0.071ns
    Total Input Jitter      (TIJ):    0.300ns
    Discrete Jitter          (DJ):    0.000ns
    Phase Error              (PE):    0.000ns

    Location             Delay type                Incr(ns)  Path(ns)    Netlist Resource(s)
  -------------------------------------------------------------------    -------------------
                         (clock clk_fpga_0 rise edge)
                                                      0.000     0.000 r  
    PS7_X0Y0             PS7                          0.000     0.000 r  top_i/zynq_ps/inst/PS7_i/FCLKCLK[0]
                         net (fo=1, routed)           1.193     1.193    top_i/zynq_ps/inst/FCLK_CLK_unbuffered[0]
    BUFGCTRL_X0Y16       BUFG (Prop_bufg_I_O)         0.101     1.294 r  top_i/zynq_ps/inst/buffer_fclk_clk_0.FCLK_CLK_0_BUFG/O
                         net (fo=32227, routed)       1.714     3.008    top_i/StreamingDataflowPartition_1/inst/StreamingDataflowPartition_1_MVAU_hls_7/inst/grp_Matrix_Vector_Activate_Batch_fu_30/flow_control_loop_pipe_sequential_init_U/ap_clk
    SLICE_X63Y56         FDRE                                         r  top_i/StreamingDataflowPartition_1/inst/StreamingDataflowPartition_1_MVAU_hls_7/inst/grp_Matrix_Vector_Activate_Batch_fu_30/flow_control_loop_pipe_sequential_init_U/ap_loop_init_int_reg_rep/C
  -------------------------------------------------------------------    -------------------
    SLICE_X63Y56         FDRE (Prop_fdre_C_Q)         0.456     3.464 r  top_i/StreamingDataflowPartition_1/inst/StreamingDataflowPartition_1_MVAU_hls_7/inst/grp_Matrix_Vector_Activate_Batch_fu_30/flow_control_loop_pipe_sequential_init_U/ap_loop_init_int_reg_rep/Q
                         net (fo=88, routed)          1.388     4.852    top_i/StreamingDataflowPartition_1/inst/StreamingDataflowPartition_1_MVAU_hls_7/inst/grp_Matrix_Vector_Activate_Batch_fu_30/flow_control_loop_pipe_sequential_init_U/ap_loop_init_int_reg_rep_n_3
    SLICE_X63Y49         LUT5 (Prop_lut5_I2_O)        0.124     4.976 f  top_i/StreamingDataflowPartition_1/inst/StreamingDataflowPartition_1_MVAU_hls_7/inst/grp_Matrix_Vector_Activate_Batch_fu_30/flow_control_loop_pipe_sequential_init_U/ap_CS_iter1_fsm[1]_i_19/O
                         net (fo=1, routed)           0.571     5.548    top_i/StreamingDataflowPartition_1/inst/StreamingDataflowPartition_1_MVAU_hls_7/inst/grp_Matrix_Vector_Activate_Batch_fu_30/flow_control_loop_pipe_sequential_init_U/ap_CS_iter1_fsm[1]_i_19_n_3
    SLICE_X63Y48         LUT6 (Prop_lut6_I0_O)        0.124     5.672 r  top_i/StreamingDataflowPartition_1/inst/StreamingDataflowPartition_1_MVAU_hls_7/inst/grp_Matrix_Vector_Activate_Batch_fu_30/flow_control_loop_pipe_sequential_init_U/ap_CS_iter1_fsm[1]_i_9/O
                         net (fo=1, routed)           0.949     6.621    top_i/StreamingDataflowPartition_1/inst/StreamingDataflowPartition_1_MVAU_hls_7/inst/grp_Matrix_Vector_Activate_Batch_fu_30/flow_control_loop_pipe_sequential_init_U/ap_CS_iter1_fsm[1]_i_9_n_3
    SLICE_X64Y50         LUT6 (Prop_lut6_I5_O)        0.124     6.745 r  top_i/StreamingDataflowPartition_1/inst/StreamingDataflowPartition_1_MVAU_hls_7/inst/grp_Matrix_Vector_Activate_Batch_fu_30/flow_control_loop_pipe_sequential_init_U/ap_CS_iter1_fsm[1]_i_2/O
                         net (fo=6, routed)           0.718     7.463    top_i/StreamingDataflowPartition_1/inst/StreamingDataflowPartition_1_MVAU_hls_7/inst/grp_Matrix_Vector_Activate_Batch_fu_30/flow_control_loop_pipe_sequential_init_U/icmp_ln126_fu_3540_p2
    SLICE_X65Y56         LUT5 (Prop_lut5_I4_O)        0.119     7.582 r  top_i/StreamingDataflowPartition_1/inst/StreamingDataflowPartition_1_MVAU_hls_7/inst/grp_Matrix_Vector_Activate_Batch_fu_30/flow_control_loop_pipe_sequential_init_U/inElem_reg_12815[15]_i_1/O
                         net (fo=454, routed)         1.142     8.724    top_i/StreamingDataflowPartition_1/inst/StreamingDataflowPartition_1_MVAU_hls_7/inst/grp_Matrix_Vector_Activate_Batch_fu_30/flow_control_loop_pipe_sequential_init_U/grp_Matrix_Vector_Activate_Batch_fu_30_ap_start_reg_reg_rep_1[0]
    SLICE_X69Y49         LUT5 (Prop_lut5_I0_O)        0.326     9.050 r  top_i/StreamingDataflowPartition_1/inst/StreamingDataflowPartition_1_MVAU_hls_7/inst/grp_Matrix_Vector_Activate_Batch_fu_30/flow_control_loop_pipe_sequential_init_U/inputBuf_V_4_fu_1236[15]_i_2/O
                         net (fo=23, routed)          1.520    10.569    top_i/StreamingDataflowPartition_1/inst/StreamingDataflowPartition_1_MVAU_hls_7/inst/grp_Matrix_Vector_Activate_Batch_fu_30/flow_control_loop_pipe_sequential_init_U/inputBuf_V_4_fu_1236[15]_i_2_n_3
    SLICE_X81Y28         LUT6 (Prop_lut6_I5_O)        0.326    10.895 r  top_i/StreamingDataflowPartition_1/inst/StreamingDataflowPartition_1_MVAU_hls_7/inst/grp_Matrix_Vector_Activate_Batch_fu_30/flow_control_loop_pipe_sequential_init_U/inputBuf_V_328_fu_2532[15]_i_1/O
                         net (fo=16, routed)          1.417    12.312    top_i/StreamingDataflowPartition_1/inst/StreamingDataflowPartition_1_MVAU_hls_7/inst/grp_Matrix_Vector_Activate_Batch_fu_30/inputBuf_V_328_fu_25320
    SLICE_X100Y15        FDRE                                         r  top_i/StreamingDataflowPartition_1/inst/StreamingDataflowPartition_1_MVAU_hls_7/inst/grp_Matrix_Vector_Activate_Batch_fu_30/inputBuf_V_328_fu_2532_reg[2]/CE
  -------------------------------------------------------------------    -------------------

                         (clock clk_fpga_0 rise edge)
                                                     10.000    10.000 r  
    PS7_X0Y0             PS7                          0.000    10.000 r  top_i/zynq_ps/inst/PS7_i/FCLKCLK[0]
                         net (fo=1, routed)           1.088    11.088    top_i/zynq_ps/inst/FCLK_CLK_unbuffered[0]
    BUFGCTRL_X0Y16       BUFG (Prop_bufg_I_O)         0.091    11.179 r  top_i/zynq_ps/inst/buffer_fclk_clk_0.FCLK_CLK_0_BUFG/O
                         net (fo=32227, routed)       1.619    12.799    top_i/StreamingDataflowPartition_1/inst/StreamingDataflowPartition_1_MVAU_hls_7/inst/grp_Matrix_Vector_Activate_Batch_fu_30/ap_clk
    SLICE_X100Y15        FDRE                                         r  top_i/StreamingDataflowPartition_1/inst/StreamingDataflowPartition_1_MVAU_hls_7/inst/grp_Matrix_Vector_Activate_Batch_fu_30/inputBuf_V_328_fu_2532_reg[2]/C
                         clock pessimism              0.115    12.913    
                         clock uncertainty           -0.154    12.759    
    SLICE_X100Y15        FDRE (Setup_fdre_C_CE)      -0.169    12.590    top_i/StreamingDataflowPartition_1/inst/StreamingDataflowPartition_1_MVAU_hls_7/inst/grp_Matrix_Vector_Activate_Batch_fu_30/inputBuf_V_328_fu_2532_reg[2]
  -------------------------------------------------------------------
                         required time                         12.590    
                         arrival time                         -12.312    
  -------------------------------------------------------------------
                         slack                                  0.278    

Slack (MET) :             0.278ns  (required time - arrival time)
  Source:                 top_i/StreamingDataflowPartition_1/inst/StreamingDataflowPartition_1_MVAU_hls_7/inst/grp_Matrix_Vector_Activate_Batch_fu_30/flow_control_loop_pipe_sequential_init_U/ap_loop_init_int_reg_rep/C
                            (rising edge-triggered cell FDRE clocked by clk_fpga_0  {rise@0.000ns fall@5.000ns period=10.000ns})
  Destination:            top_i/StreamingDataflowPartition_1/inst/StreamingDataflowPartition_1_MVAU_hls_7/inst/grp_Matrix_Vector_Activate_Batch_fu_30/inputBuf_V_328_fu_2532_reg[5]/CE
                            (rising edge-triggered cell FDRE clocked by clk_fpga_0  {rise@0.000ns fall@5.000ns period=10.000ns})
  Path Group:             clk_fpga_0
  Path Type:              Setup (Max at Slow Process Corner)
  Requirement:            10.000ns  (clk_fpga_0 rise@10.000ns - clk_fpga_0 rise@0.000ns)
  Data Path Delay:        9.304ns  (logic 1.599ns (17.186%)  route 7.705ns (82.814%))
  Logic Levels:           6  (LUT5=3 LUT6=3)
  Clock Path Skew:        -0.095ns (DCD - SCD + CPR)
    Destination Clock Delay (DCD):    2.798ns = ( 12.799 - 10.000 ) 
    Source Clock Delay      (SCD):    3.008ns
    Clock Pessimism Removal (CPR):    0.115ns
  Clock Uncertainty:      0.154ns  ((TSJ^2 + TIJ^2)^1/2 + DJ) / 2 + PE
    Total System Jitter     (TSJ):    0.071ns
    Total Input Jitter      (TIJ):    0.300ns
    Discrete Jitter          (DJ):    0.000ns
    Phase Error              (PE):    0.000ns

    Location             Delay type                Incr(ns)  Path(ns)    Netlist Resource(s)
  -------------------------------------------------------------------    -------------------
                         (clock clk_fpga_0 rise edge)
                                                      0.000     0.000 r  
    PS7_X0Y0             PS7                          0.000     0.000 r  top_i/zynq_ps/inst/PS7_i/FCLKCLK[0]
                         net (fo=1, routed)           1.193     1.193    top_i/zynq_ps/inst/FCLK_CLK_unbuffered[0]
    BUFGCTRL_X0Y16       BUFG (Prop_bufg_I_O)         0.101     1.294 r  top_i/zynq_ps/inst/buffer_fclk_clk_0.FCLK_CLK_0_BUFG/O
                         net (fo=32227, routed)       1.714     3.008    top_i/StreamingDataflowPartition_1/inst/StreamingDataflowPartition_1_MVAU_hls_7/inst/grp_Matrix_Vector_Activate_Batch_fu_30/flow_control_loop_pipe_sequential_init_U/ap_clk
    SLICE_X63Y56         FDRE                                         r  top_i/StreamingDataflowPartition_1/inst/StreamingDataflowPartition_1_MVAU_hls_7/inst/grp_Matrix_Vector_Activate_Batch_fu_30/flow_control_loop_pipe_sequential_init_U/ap_loop_init_int_reg_rep/C
  -------------------------------------------------------------------    -------------------
    SLICE_X63Y56         FDRE (Prop_fdre_C_Q)         0.456     3.464 r  top_i/StreamingDataflowPartition_1/inst/StreamingDataflowPartition_1_MVAU_hls_7/inst/grp_Matrix_Vector_Activate_Batch_fu_30/flow_control_loop_pipe_sequential_init_U/ap_loop_init_int_reg_rep/Q
                         net (fo=88, routed)          1.388     4.852    top_i/StreamingDataflowPartition_1/inst/StreamingDataflowPartition_1_MVAU_hls_7/inst/grp_Matrix_Vector_Activate_Batch_fu_30/flow_control_loop_pipe_sequential_init_U/ap_loop_init_int_reg_rep_n_3
    SLICE_X63Y49         LUT5 (Prop_lut5_I2_O)        0.124     4.976 f  top_i/StreamingDataflowPartition_1/inst/StreamingDataflowPartition_1_MVAU_hls_7/inst/grp_Matrix_Vector_Activate_Batch_fu_30/flow_control_loop_pipe_sequential_init_U/ap_CS_iter1_fsm[1]_i_19/O
                         net (fo=1, routed)           0.571     5.548    top_i/StreamingDataflowPartition_1/inst/StreamingDataflowPartition_1_MVAU_hls_7/inst/grp_Matrix_Vector_Activate_Batch_fu_30/flow_control_loop_pipe_sequential_init_U/ap_CS_iter1_fsm[1]_i_19_n_3
    SLICE_X63Y48         LUT6 (Prop_lut6_I0_O)        0.124     5.672 r  top_i/StreamingDataflowPartition_1/inst/StreamingDataflowPartition_1_MVAU_hls_7/inst/grp_Matrix_Vector_Activate_Batch_fu_30/flow_control_loop_pipe_sequential_init_U/ap_CS_iter1_fsm[1]_i_9/O
                         net (fo=1, routed)           0.949     6.621    top_i/StreamingDataflowPartition_1/inst/StreamingDataflowPartition_1_MVAU_hls_7/inst/grp_Matrix_Vector_Activate_Batch_fu_30/flow_control_loop_pipe_sequential_init_U/ap_CS_iter1_fsm[1]_i_9_n_3
    SLICE_X64Y50         LUT6 (Prop_lut6_I5_O)        0.124     6.745 r  top_i/StreamingDataflowPartition_1/inst/StreamingDataflowPartition_1_MVAU_hls_7/inst/grp_Matrix_Vector_Activate_Batch_fu_30/flow_control_loop_pipe_sequential_init_U/ap_CS_iter1_fsm[1]_i_2/O
                         net (fo=6, routed)           0.718     7.463    top_i/StreamingDataflowPartition_1/inst/StreamingDataflowPartition_1_MVAU_hls_7/inst/grp_Matrix_Vector_Activate_Batch_fu_30/flow_control_loop_pipe_sequential_init_U/icmp_ln126_fu_3540_p2
    SLICE_X65Y56         LUT5 (Prop_lut5_I4_O)        0.119     7.582 r  top_i/StreamingDataflowPartition_1/inst/StreamingDataflowPartition_1_MVAU_hls_7/inst/grp_Matrix_Vector_Activate_Batch_fu_30/flow_control_loop_pipe_sequential_init_U/inElem_reg_12815[15]_i_1/O
                         net (fo=454, routed)         1.142     8.724    top_i/StreamingDataflowPartition_1/inst/StreamingDataflowPartition_1_MVAU_hls_7/inst/grp_Matrix_Vector_Activate_Batch_fu_30/flow_control_loop_pipe_sequential_init_U/grp_Matrix_Vector_Activate_Batch_fu_30_ap_start_reg_reg_rep_1[0]
    SLICE_X69Y49         LUT5 (Prop_lut5_I0_O)        0.326     9.050 r  top_i/StreamingDataflowPartition_1/inst/StreamingDataflowPartition_1_MVAU_hls_7/inst/grp_Matrix_Vector_Activate_Batch_fu_30/flow_control_loop_pipe_sequential_init_U/inputBuf_V_4_fu_1236[15]_i_2/O
                         net (fo=23, routed)          1.520    10.569    top_i/StreamingDataflowPartition_1/inst/StreamingDataflowPartition_1_MVAU_hls_7/inst/grp_Matrix_Vector_Activate_Batch_fu_30/flow_control_loop_pipe_sequential_init_U/inputBuf_V_4_fu_1236[15]_i_2_n_3
    SLICE_X81Y28         LUT6 (Prop_lut6_I5_O)        0.326    10.895 r  top_i/StreamingDataflowPartition_1/inst/StreamingDataflowPartition_1_MVAU_hls_7/inst/grp_Matrix_Vector_Activate_Batch_fu_30/flow_control_loop_pipe_sequential_init_U/inputBuf_V_328_fu_2532[15]_i_1/O
                         net (fo=16, routed)          1.417    12.312    top_i/StreamingDataflowPartition_1/inst/StreamingDataflowPartition_1_MVAU_hls_7/inst/grp_Matrix_Vector_Activate_Batch_fu_30/inputBuf_V_328_fu_25320
    SLICE_X100Y15        FDRE                                         r  top_i/StreamingDataflowPartition_1/inst/StreamingDataflowPartition_1_MVAU_hls_7/inst/grp_Matrix_Vector_Activate_Batch_fu_30/inputBuf_V_328_fu_2532_reg[5]/CE
  -------------------------------------------------------------------    -------------------

                         (clock clk_fpga_0 rise edge)
                                                     10.000    10.000 r  
    PS7_X0Y0             PS7                          0.000    10.000 r  top_i/zynq_ps/inst/PS7_i/FCLKCLK[0]
                         net (fo=1, routed)           1.088    11.088    top_i/zynq_ps/inst/FCLK_CLK_unbuffered[0]
    BUFGCTRL_X0Y16       BUFG (Prop_bufg_I_O)         0.091    11.179 r  top_i/zynq_ps/inst/buffer_fclk_clk_0.FCLK_CLK_0_BUFG/O
                         net (fo=32227, routed)       1.619    12.799    top_i/StreamingDataflowPartition_1/inst/StreamingDataflowPartition_1_MVAU_hls_7/inst/grp_Matrix_Vector_Activate_Batch_fu_30/ap_clk
    SLICE_X100Y15        FDRE                                         r  top_i/StreamingDataflowPartition_1/inst/StreamingDataflowPartition_1_MVAU_hls_7/inst/grp_Matrix_Vector_Activate_Batch_fu_30/inputBuf_V_328_fu_2532_reg[5]/C
                         clock pessimism              0.115    12.913    
                         clock uncertainty           -0.154    12.759    
    SLICE_X100Y15        FDRE (Setup_fdre_C_CE)      -0.169    12.590    top_i/StreamingDataflowPartition_1/inst/StreamingDataflowPartition_1_MVAU_hls_7/inst/grp_Matrix_Vector_Activate_Batch_fu_30/inputBuf_V_328_fu_2532_reg[5]
  -------------------------------------------------------------------
                         required time                         12.590    
                         arrival time                         -12.312    
  -------------------------------------------------------------------
                         slack                                  0.278    

Slack (MET) :             0.368ns  (required time - arrival time)
  Source:                 top_i/StreamingDataflowPartition_1/inst/StreamingDataflowPartition_1_MVAU_hls_7/inst/grp_Matrix_Vector_Activate_Batch_fu_30/flow_control_loop_pipe_sequential_init_U/ap_loop_init_int_reg_rep/C
                            (rising edge-triggered cell FDRE clocked by clk_fpga_0  {rise@0.000ns fall@5.000ns period=10.000ns})
  Destination:            top_i/StreamingDataflowPartition_1/inst/StreamingDataflowPartition_1_MVAU_hls_7/inst/grp_Matrix_Vector_Activate_Batch_fu_30/inputBuf_V_322_fu_2508_reg[14]/CE
                            (rising edge-triggered cell FDRE clocked by clk_fpga_0  {rise@0.000ns fall@5.000ns period=10.000ns})
  Path Group:             clk_fpga_0
  Path Type:              Setup (Max at Slow Process Corner)
  Requirement:            10.000ns  (clk_fpga_0 rise@10.000ns - clk_fpga_0 rise@0.000ns)
  Data Path Delay:        9.208ns  (logic 1.599ns (17.365%)  route 7.609ns (82.635%))
  Logic Levels:           6  (LUT5=3 LUT6=3)
  Clock Path Skew:        -0.101ns (DCD - SCD + CPR)
    Destination Clock Delay (DCD):    2.792ns = ( 12.792 - 10.000 ) 
    Source Clock Delay      (SCD):    3.008ns
    Clock Pessimism Removal (CPR):    0.115ns
  Clock Uncertainty:      0.154ns  ((TSJ^2 + TIJ^2)^1/2 + DJ) / 2 + PE
    Total System Jitter     (TSJ):    0.071ns
    Total Input Jitter      (TIJ):    0.300ns
    Discrete Jitter          (DJ):    0.000ns
    Phase Error              (PE):    0.000ns

    Location             Delay type                Incr(ns)  Path(ns)    Netlist Resource(s)
  -------------------------------------------------------------------    -------------------
                         (clock clk_fpga_0 rise edge)
                                                      0.000     0.000 r  
    PS7_X0Y0             PS7                          0.000     0.000 r  top_i/zynq_ps/inst/PS7_i/FCLKCLK[0]
                         net (fo=1, routed)           1.193     1.193    top_i/zynq_ps/inst/FCLK_CLK_unbuffered[0]
    BUFGCTRL_X0Y16       BUFG (Prop_bufg_I_O)         0.101     1.294 r  top_i/zynq_ps/inst/buffer_fclk_clk_0.FCLK_CLK_0_BUFG/O
                         net (fo=32227, routed)       1.714     3.008    top_i/StreamingDataflowPartition_1/inst/StreamingDataflowPartition_1_MVAU_hls_7/inst/grp_Matrix_Vector_Activate_Batch_fu_30/flow_control_loop_pipe_sequential_init_U/ap_clk
    SLICE_X63Y56         FDRE                                         r  top_i/StreamingDataflowPartition_1/inst/StreamingDataflowPartition_1_MVAU_hls_7/inst/grp_Matrix_Vector_Activate_Batch_fu_30/flow_control_loop_pipe_sequential_init_U/ap_loop_init_int_reg_rep/C
  -------------------------------------------------------------------    -------------------
    SLICE_X63Y56         FDRE (Prop_fdre_C_Q)         0.456     3.464 r  top_i/StreamingDataflowPartition_1/inst/StreamingDataflowPartition_1_MVAU_hls_7/inst/grp_Matrix_Vector_Activate_Batch_fu_30/flow_control_loop_pipe_sequential_init_U/ap_loop_init_int_reg_rep/Q
                         net (fo=88, routed)          1.388     4.852    top_i/StreamingDataflowPartition_1/inst/StreamingDataflowPartition_1_MVAU_hls_7/inst/grp_Matrix_Vector_Activate_Batch_fu_30/flow_control_loop_pipe_sequential_init_U/ap_loop_init_int_reg_rep_n_3
    SLICE_X63Y49         LUT5 (Prop_lut5_I2_O)        0.124     4.976 f  top_i/StreamingDataflowPartition_1/inst/StreamingDataflowPartition_1_MVAU_hls_7/inst/grp_Matrix_Vector_Activate_Batch_fu_30/flow_control_loop_pipe_sequential_init_U/ap_CS_iter1_fsm[1]_i_19/O
                         net (fo=1, routed)           0.571     5.548    top_i/StreamingDataflowPartition_1/inst/StreamingDataflowPartition_1_MVAU_hls_7/inst/grp_Matrix_Vector_Activate_Batch_fu_30/flow_control_loop_pipe_sequential_init_U/ap_CS_iter1_fsm[1]_i_19_n_3
    SLICE_X63Y48         LUT6 (Prop_lut6_I0_O)        0.124     5.672 r  top_i/StreamingDataflowPartition_1/inst/StreamingDataflowPartition_1_MVAU_hls_7/inst/grp_Matrix_Vector_Activate_Batch_fu_30/flow_control_loop_pipe_sequential_init_U/ap_CS_iter1_fsm[1]_i_9/O
                         net (fo=1, routed)           0.949     6.621    top_i/StreamingDataflowPartition_1/inst/StreamingDataflowPartition_1_MVAU_hls_7/inst/grp_Matrix_Vector_Activate_Batch_fu_30/flow_control_loop_pipe_sequential_init_U/ap_CS_iter1_fsm[1]_i_9_n_3
    SLICE_X64Y50         LUT6 (Prop_lut6_I5_O)        0.124     6.745 r  top_i/StreamingDataflowPartition_1/inst/StreamingDataflowPartition_1_MVAU_hls_7/inst/grp_Matrix_Vector_Activate_Batch_fu_30/flow_control_loop_pipe_sequential_init_U/ap_CS_iter1_fsm[1]_i_2/O
                         net (fo=6, routed)           0.718     7.463    top_i/StreamingDataflowPartition_1/inst/StreamingDataflowPartition_1_MVAU_hls_7/inst/grp_Matrix_Vector_Activate_Batch_fu_30/flow_control_loop_pipe_sequential_init_U/icmp_ln126_fu_3540_p2
    SLICE_X65Y56         LUT5 (Prop_lut5_I4_O)        0.119     7.582 r  top_i/StreamingDataflowPartition_1/inst/StreamingDataflowPartition_1_MVAU_hls_7/inst/grp_Matrix_Vector_Activate_Batch_fu_30/flow_control_loop_pipe_sequential_init_U/inElem_reg_12815[15]_i_1/O
                         net (fo=454, routed)         1.168     8.750    top_i/StreamingDataflowPartition_1/inst/StreamingDataflowPartition_1_MVAU_hls_7/inst/grp_Matrix_Vector_Activate_Batch_fu_30/flow_control_loop_pipe_sequential_init_U/grp_Matrix_Vector_Activate_Batch_fu_30_ap_start_reg_reg_rep_1[0]
    SLICE_X68Y49         LUT5 (Prop_lut5_I4_O)        0.326     9.076 r  top_i/StreamingDataflowPartition_1/inst/StreamingDataflowPartition_1_MVAU_hls_7/inst/grp_Matrix_Vector_Activate_Batch_fu_30/flow_control_loop_pipe_sequential_init_U/inputBuf_V_6_fu_1244[15]_i_2/O
                         net (fo=21, routed)          1.425    10.501    top_i/StreamingDataflowPartition_1/inst/StreamingDataflowPartition_1_MVAU_hls_7/inst/grp_Matrix_Vector_Activate_Batch_fu_30/flow_control_loop_pipe_sequential_init_U/inputBuf_V_6_fu_1244[15]_i_2_n_3
    SLICE_X83Y28         LUT6 (Prop_lut6_I5_O)        0.326    10.827 r  top_i/StreamingDataflowPartition_1/inst/StreamingDataflowPartition_1_MVAU_hls_7/inst/grp_Matrix_Vector_Activate_Batch_fu_30/flow_control_loop_pipe_sequential_init_U/inputBuf_V_322_fu_2508[15]_i_1/O
                         net (fo=16, routed)          1.389    12.216    top_i/StreamingDataflowPartition_1/inst/StreamingDataflowPartition_1_MVAU_hls_7/inst/grp_Matrix_Vector_Activate_Batch_fu_30/inputBuf_V_322_fu_25080
    SLICE_X102Y21        FDRE                                         r  top_i/StreamingDataflowPartition_1/inst/StreamingDataflowPartition_1_MVAU_hls_7/inst/grp_Matrix_Vector_Activate_Batch_fu_30/inputBuf_V_322_fu_2508_reg[14]/CE
  -------------------------------------------------------------------    -------------------

                         (clock clk_fpga_0 rise edge)
                                                     10.000    10.000 r  
    PS7_X0Y0             PS7                          0.000    10.000 r  top_i/zynq_ps/inst/PS7_i/FCLKCLK[0]
                         net (fo=1, routed)           1.088    11.088    top_i/zynq_ps/inst/FCLK_CLK_unbuffered[0]
    BUFGCTRL_X0Y16       BUFG (Prop_bufg_I_O)         0.091    11.179 r  top_i/zynq_ps/inst/buffer_fclk_clk_0.FCLK_CLK_0_BUFG/O
                         net (fo=32227, routed)       1.613    12.792    top_i/StreamingDataflowPartition_1/inst/StreamingDataflowPartition_1_MVAU_hls_7/inst/grp_Matrix_Vector_Activate_Batch_fu_30/ap_clk
    SLICE_X102Y21        FDRE                                         r  top_i/StreamingDataflowPartition_1/inst/StreamingDataflowPartition_1_MVAU_hls_7/inst/grp_Matrix_Vector_Activate_Batch_fu_30/inputBuf_V_322_fu_2508_reg[14]/C
                         clock pessimism              0.115    12.907    
                         clock uncertainty           -0.154    12.753    
    SLICE_X102Y21        FDRE (Setup_fdre_C_CE)      -0.169    12.584    top_i/StreamingDataflowPartition_1/inst/StreamingDataflowPartition_1_MVAU_hls_7/inst/grp_Matrix_Vector_Activate_Batch_fu_30/inputBuf_V_322_fu_2508_reg[14]
  -------------------------------------------------------------------
                         required time                         12.584    
                         arrival time                         -12.216    
  -------------------------------------------------------------------
                         slack                                  0.368    

Slack (MET) :             0.368ns  (required time - arrival time)
  Source:                 top_i/StreamingDataflowPartition_1/inst/StreamingDataflowPartition_1_MVAU_hls_7/inst/grp_Matrix_Vector_Activate_Batch_fu_30/flow_control_loop_pipe_sequential_init_U/ap_loop_init_int_reg_rep/C
                            (rising edge-triggered cell FDRE clocked by clk_fpga_0  {rise@0.000ns fall@5.000ns period=10.000ns})
  Destination:            top_i/StreamingDataflowPartition_1/inst/StreamingDataflowPartition_1_MVAU_hls_7/inst/grp_Matrix_Vector_Activate_Batch_fu_30/inputBuf_V_322_fu_2508_reg[9]/CE
                            (rising edge-triggered cell FDRE clocked by clk_fpga_0  {rise@0.000ns fall@5.000ns period=10.000ns})
  Path Group:             clk_fpga_0
  Path Type:              Setup (Max at Slow Process Corner)
  Requirement:            10.000ns  (clk_fpga_0 rise@10.000ns - clk_fpga_0 rise@0.000ns)
  Data Path Delay:        9.208ns  (logic 1.599ns (17.365%)  route 7.609ns (82.635%))
  Logic Levels:           6  (LUT5=3 LUT6=3)
  Clock Path Skew:        -0.101ns (DCD - SCD + CPR)
    Destination Clock Delay (DCD):    2.792ns = ( 12.792 - 10.000 ) 
    Source Clock Delay      (SCD):    3.008ns
    Clock Pessimism Removal (CPR):    0.115ns
  Clock Uncertainty:      0.154ns  ((TSJ^2 + TIJ^2)^1/2 + DJ) / 2 + PE
    Total System Jitter     (TSJ):    0.071ns
    Total Input Jitter      (TIJ):    0.300ns
    Discrete Jitter          (DJ):    0.000ns
    Phase Error              (PE):    0.000ns

    Location             Delay type                Incr(ns)  Path(ns)    Netlist Resource(s)
  -------------------------------------------------------------------    -------------------
                         (clock clk_fpga_0 rise edge)
                                                      0.000     0.000 r  
    PS7_X0Y0             PS7                          0.000     0.000 r  top_i/zynq_ps/inst/PS7_i/FCLKCLK[0]
                         net (fo=1, routed)           1.193     1.193    top_i/zynq_ps/inst/FCLK_CLK_unbuffered[0]
    BUFGCTRL_X0Y16       BUFG (Prop_bufg_I_O)         0.101     1.294 r  top_i/zynq_ps/inst/buffer_fclk_clk_0.FCLK_CLK_0_BUFG/O
                         net (fo=32227, routed)       1.714     3.008    top_i/StreamingDataflowPartition_1/inst/StreamingDataflowPartition_1_MVAU_hls_7/inst/grp_Matrix_Vector_Activate_Batch_fu_30/flow_control_loop_pipe_sequential_init_U/ap_clk
    SLICE_X63Y56         FDRE                                         r  top_i/StreamingDataflowPartition_1/inst/StreamingDataflowPartition_1_MVAU_hls_7/inst/grp_Matrix_Vector_Activate_Batch_fu_30/flow_control_loop_pipe_sequential_init_U/ap_loop_init_int_reg_rep/C
  -------------------------------------------------------------------    -------------------
    SLICE_X63Y56         FDRE (Prop_fdre_C_Q)         0.456     3.464 r  top_i/StreamingDataflowPartition_1/inst/StreamingDataflowPartition_1_MVAU_hls_7/inst/grp_Matrix_Vector_Activate_Batch_fu_30/flow_control_loop_pipe_sequential_init_U/ap_loop_init_int_reg_rep/Q
                         net (fo=88, routed)          1.388     4.852    top_i/StreamingDataflowPartition_1/inst/StreamingDataflowPartition_1_MVAU_hls_7/inst/grp_Matrix_Vector_Activate_Batch_fu_30/flow_control_loop_pipe_sequential_init_U/ap_loop_init_int_reg_rep_n_3
    SLICE_X63Y49         LUT5 (Prop_lut5_I2_O)        0.124     4.976 f  top_i/StreamingDataflowPartition_1/inst/StreamingDataflowPartition_1_MVAU_hls_7/inst/grp_Matrix_Vector_Activate_Batch_fu_30/flow_control_loop_pipe_sequential_init_U/ap_CS_iter1_fsm[1]_i_19/O
                         net (fo=1, routed)           0.571     5.548    top_i/StreamingDataflowPartition_1/inst/StreamingDataflowPartition_1_MVAU_hls_7/inst/grp_Matrix_Vector_Activate_Batch_fu_30/flow_control_loop_pipe_sequential_init_U/ap_CS_iter1_fsm[1]_i_19_n_3
    SLICE_X63Y48         LUT6 (Prop_lut6_I0_O)        0.124     5.672 r  top_i/StreamingDataflowPartition_1/inst/StreamingDataflowPartition_1_MVAU_hls_7/inst/grp_Matrix_Vector_Activate_Batch_fu_30/flow_control_loop_pipe_sequential_init_U/ap_CS_iter1_fsm[1]_i_9/O
                         net (fo=1, routed)           0.949     6.621    top_i/StreamingDataflowPartition_1/inst/StreamingDataflowPartition_1_MVAU_hls_7/inst/grp_Matrix_Vector_Activate_Batch_fu_30/flow_control_loop_pipe_sequential_init_U/ap_CS_iter1_fsm[1]_i_9_n_3
    SLICE_X64Y50         LUT6 (Prop_lut6_I5_O)        0.124     6.745 r  top_i/StreamingDataflowPartition_1/inst/StreamingDataflowPartition_1_MVAU_hls_7/inst/grp_Matrix_Vector_Activate_Batch_fu_30/flow_control_loop_pipe_sequential_init_U/ap_CS_iter1_fsm[1]_i_2/O
                         net (fo=6, routed)           0.718     7.463    top_i/StreamingDataflowPartition_1/inst/StreamingDataflowPartition_1_MVAU_hls_7/inst/grp_Matrix_Vector_Activate_Batch_fu_30/flow_control_loop_pipe_sequential_init_U/icmp_ln126_fu_3540_p2
    SLICE_X65Y56         LUT5 (Prop_lut5_I4_O)        0.119     7.582 r  top_i/StreamingDataflowPartition_1/inst/StreamingDataflowPartition_1_MVAU_hls_7/inst/grp_Matrix_Vector_Activate_Batch_fu_30/flow_control_loop_pipe_sequential_init_U/inElem_reg_12815[15]_i_1/O
                         net (fo=454, routed)         1.168     8.750    top_i/StreamingDataflowPartition_1/inst/StreamingDataflowPartition_1_MVAU_hls_7/inst/grp_Matrix_Vector_Activate_Batch_fu_30/flow_control_loop_pipe_sequential_init_U/grp_Matrix_Vector_Activate_Batch_fu_30_ap_start_reg_reg_rep_1[0]
    SLICE_X68Y49         LUT5 (Prop_lut5_I4_O)        0.326     9.076 r  top_i/StreamingDataflowPartition_1/inst/StreamingDataflowPartition_1_MVAU_hls_7/inst/grp_Matrix_Vector_Activate_Batch_fu_30/flow_control_loop_pipe_sequential_init_U/inputBuf_V_6_fu_1244[15]_i_2/O
                         net (fo=21, routed)          1.425    10.501    top_i/StreamingDataflowPartition_1/inst/StreamingDataflowPartition_1_MVAU_hls_7/inst/grp_Matrix_Vector_Activate_Batch_fu_30/flow_control_loop_pipe_sequential_init_U/inputBuf_V_6_fu_1244[15]_i_2_n_3
    SLICE_X83Y28         LUT6 (Prop_lut6_I5_O)        0.326    10.827 r  top_i/StreamingDataflowPartition_1/inst/StreamingDataflowPartition_1_MVAU_hls_7/inst/grp_Matrix_Vector_Activate_Batch_fu_30/flow_control_loop_pipe_sequential_init_U/inputBuf_V_322_fu_2508[15]_i_1/O
                         net (fo=16, routed)          1.389    12.216    top_i/StreamingDataflowPartition_1/inst/StreamingDataflowPartition_1_MVAU_hls_7/inst/grp_Matrix_Vector_Activate_Batch_fu_30/inputBuf_V_322_fu_25080
    SLICE_X102Y21        FDRE                                         r  top_i/StreamingDataflowPartition_1/inst/StreamingDataflowPartition_1_MVAU_hls_7/inst/grp_Matrix_Vector_Activate_Batch_fu_30/inputBuf_V_322_fu_2508_reg[9]/CE
  -------------------------------------------------------------------    -------------------

                         (clock clk_fpga_0 rise edge)
                                                     10.000    10.000 r  
    PS7_X0Y0             PS7                          0.000    10.000 r  top_i/zynq_ps/inst/PS7_i/FCLKCLK[0]
                         net (fo=1, routed)           1.088    11.088    top_i/zynq_ps/inst/FCLK_CLK_unbuffered[0]
    BUFGCTRL_X0Y16       BUFG (Prop_bufg_I_O)         0.091    11.179 r  top_i/zynq_ps/inst/buffer_fclk_clk_0.FCLK_CLK_0_BUFG/O
                         net (fo=32227, routed)       1.613    12.792    top_i/StreamingDataflowPartition_1/inst/StreamingDataflowPartition_1_MVAU_hls_7/inst/grp_Matrix_Vector_Activate_Batch_fu_30/ap_clk
    SLICE_X102Y21        FDRE                                         r  top_i/StreamingDataflowPartition_1/inst/StreamingDataflowPartition_1_MVAU_hls_7/inst/grp_Matrix_Vector_Activate_Batch_fu_30/inputBuf_V_322_fu_2508_reg[9]/C
                         clock pessimism              0.115    12.907    
                         clock uncertainty           -0.154    12.753    
    SLICE_X102Y21        FDRE (Setup_fdre_C_CE)      -0.169    12.584    top_i/StreamingDataflowPartition_1/inst/StreamingDataflowPartition_1_MVAU_hls_7/inst/grp_Matrix_Vector_Activate_Batch_fu_30/inputBuf_V_322_fu_2508_reg[9]
  -------------------------------------------------------------------
                         required time                         12.584    
                         arrival time                         -12.216    
  -------------------------------------------------------------------
                         slack                                  0.368    

Slack (MET) :             0.379ns  (required time - arrival time)
  Source:                 top_i/StreamingDataflowPartition_1/inst/StreamingDataflowPartition_1_MVAU_hls_7/inst/grp_Matrix_Vector_Activate_Batch_fu_30/flow_control_loop_pipe_sequential_init_U/ap_loop_init_int_reg_rep/C
                            (rising edge-triggered cell FDRE clocked by clk_fpga_0  {rise@0.000ns fall@5.000ns period=10.000ns})
  Destination:            top_i/StreamingDataflowPartition_1/inst/StreamingDataflowPartition_1_MVAU_hls_7/inst/grp_Matrix_Vector_Activate_Batch_fu_30/inputBuf_V_324_fu_2516_reg[10]/CE
                            (rising edge-triggered cell FDRE clocked by clk_fpga_0  {rise@0.000ns fall@5.000ns period=10.000ns})
  Path Group:             clk_fpga_0
  Path Type:              Setup (Max at Slow Process Corner)
  Requirement:            10.000ns  (clk_fpga_0 rise@10.000ns - clk_fpga_0 rise@0.000ns)
  Data Path Delay:        9.202ns  (logic 1.599ns (17.377%)  route 7.603ns (82.623%))
  Logic Levels:           6  (LUT5=3 LUT6=3)
  Clock Path Skew:        -0.096ns (DCD - SCD + CPR)
    Destination Clock Delay (DCD):    2.797ns = ( 12.797 - 10.000 ) 
    Source Clock Delay      (SCD):    3.008ns
    Clock Pessimism Removal (CPR):    0.115ns
  Clock Uncertainty:      0.154ns  ((TSJ^2 + TIJ^2)^1/2 + DJ) / 2 + PE
    Total System Jitter     (TSJ):    0.071ns
    Total Input Jitter      (TIJ):    0.300ns
    Discrete Jitter          (DJ):    0.000ns
    Phase Error              (PE):    0.000ns

    Location             Delay type                Incr(ns)  Path(ns)    Netlist Resource(s)
  -------------------------------------------------------------------    -------------------
                         (clock clk_fpga_0 rise edge)
                                                      0.000     0.000 r  
    PS7_X0Y0             PS7                          0.000     0.000 r  top_i/zynq_ps/inst/PS7_i/FCLKCLK[0]
                         net (fo=1, routed)           1.193     1.193    top_i/zynq_ps/inst/FCLK_CLK_unbuffered[0]
    BUFGCTRL_X0Y16       BUFG (Prop_bufg_I_O)         0.101     1.294 r  top_i/zynq_ps/inst/buffer_fclk_clk_0.FCLK_CLK_0_BUFG/O
                         net (fo=32227, routed)       1.714     3.008    top_i/StreamingDataflowPartition_1/inst/StreamingDataflowPartition_1_MVAU_hls_7/inst/grp_Matrix_Vector_Activate_Batch_fu_30/flow_control_loop_pipe_sequential_init_U/ap_clk
    SLICE_X63Y56         FDRE                                         r  top_i/StreamingDataflowPartition_1/inst/StreamingDataflowPartition_1_MVAU_hls_7/inst/grp_Matrix_Vector_Activate_Batch_fu_30/flow_control_loop_pipe_sequential_init_U/ap_loop_init_int_reg_rep/C
  -------------------------------------------------------------------    -------------------
    SLICE_X63Y56         FDRE (Prop_fdre_C_Q)         0.456     3.464 r  top_i/StreamingDataflowPartition_1/inst/StreamingDataflowPartition_1_MVAU_hls_7/inst/grp_Matrix_Vector_Activate_Batch_fu_30/flow_control_loop_pipe_sequential_init_U/ap_loop_init_int_reg_rep/Q
                         net (fo=88, routed)          1.388     4.852    top_i/StreamingDataflowPartition_1/inst/StreamingDataflowPartition_1_MVAU_hls_7/inst/grp_Matrix_Vector_Activate_Batch_fu_30/flow_control_loop_pipe_sequential_init_U/ap_loop_init_int_reg_rep_n_3
    SLICE_X63Y49         LUT5 (Prop_lut5_I2_O)        0.124     4.976 f  top_i/StreamingDataflowPartition_1/inst/StreamingDataflowPartition_1_MVAU_hls_7/inst/grp_Matrix_Vector_Activate_Batch_fu_30/flow_control_loop_pipe_sequential_init_U/ap_CS_iter1_fsm[1]_i_19/O
                         net (fo=1, routed)           0.571     5.548    top_i/StreamingDataflowPartition_1/inst/StreamingDataflowPartition_1_MVAU_hls_7/inst/grp_Matrix_Vector_Activate_Batch_fu_30/flow_control_loop_pipe_sequential_init_U/ap_CS_iter1_fsm[1]_i_19_n_3
    SLICE_X63Y48         LUT6 (Prop_lut6_I0_O)        0.124     5.672 r  top_i/StreamingDataflowPartition_1/inst/StreamingDataflowPartition_1_MVAU_hls_7/inst/grp_Matrix_Vector_Activate_Batch_fu_30/flow_control_loop_pipe_sequential_init_U/ap_CS_iter1_fsm[1]_i_9/O
                         net (fo=1, routed)           0.949     6.621    top_i/StreamingDataflowPartition_1/inst/StreamingDataflowPartition_1_MVAU_hls_7/inst/grp_Matrix_Vector_Activate_Batch_fu_30/flow_control_loop_pipe_sequential_init_U/ap_CS_iter1_fsm[1]_i_9_n_3
    SLICE_X64Y50         LUT6 (Prop_lut6_I5_O)        0.124     6.745 r  top_i/StreamingDataflowPartition_1/inst/StreamingDataflowPartition_1_MVAU_hls_7/inst/grp_Matrix_Vector_Activate_Batch_fu_30/flow_control_loop_pipe_sequential_init_U/ap_CS_iter1_fsm[1]_i_2/O
                         net (fo=6, routed)           0.718     7.463    top_i/StreamingDataflowPartition_1/inst/StreamingDataflowPartition_1_MVAU_hls_7/inst/grp_Matrix_Vector_Activate_Batch_fu_30/flow_control_loop_pipe_sequential_init_U/icmp_ln126_fu_3540_p2
    SLICE_X65Y56         LUT5 (Prop_lut5_I4_O)        0.119     7.582 r  top_i/StreamingDataflowPartition_1/inst/StreamingDataflowPartition_1_MVAU_hls_7/inst/grp_Matrix_Vector_Activate_Batch_fu_30/flow_control_loop_pipe_sequential_init_U/inElem_reg_12815[15]_i_1/O
                         net (fo=454, routed)         1.142     8.724    top_i/StreamingDataflowPartition_1/inst/StreamingDataflowPartition_1_MVAU_hls_7/inst/grp_Matrix_Vector_Activate_Batch_fu_30/flow_control_loop_pipe_sequential_init_U/grp_Matrix_Vector_Activate_Batch_fu_30_ap_start_reg_reg_rep_1[0]
    SLICE_X69Y49         LUT5 (Prop_lut5_I0_O)        0.326     9.050 r  top_i/StreamingDataflowPartition_1/inst/StreamingDataflowPartition_1_MVAU_hls_7/inst/grp_Matrix_Vector_Activate_Batch_fu_30/flow_control_loop_pipe_sequential_init_U/inputBuf_V_4_fu_1236[15]_i_2/O
                         net (fo=23, routed)          1.376    10.425    top_i/StreamingDataflowPartition_1/inst/StreamingDataflowPartition_1_MVAU_hls_7/inst/grp_Matrix_Vector_Activate_Batch_fu_30/flow_control_loop_pipe_sequential_init_U/inputBuf_V_4_fu_1236[15]_i_2_n_3
    SLICE_X81Y30         LUT6 (Prop_lut6_I5_O)        0.326    10.751 r  top_i/StreamingDataflowPartition_1/inst/StreamingDataflowPartition_1_MVAU_hls_7/inst/grp_Matrix_Vector_Activate_Batch_fu_30/flow_control_loop_pipe_sequential_init_U/inputBuf_V_324_fu_2516[15]_i_1/O
                         net (fo=16, routed)          1.458    12.210    top_i/StreamingDataflowPartition_1/inst/StreamingDataflowPartition_1_MVAU_hls_7/inst/grp_Matrix_Vector_Activate_Batch_fu_30/inputBuf_V_324_fu_25160
    SLICE_X98Y16         FDRE                                         r  top_i/StreamingDataflowPartition_1/inst/StreamingDataflowPartition_1_MVAU_hls_7/inst/grp_Matrix_Vector_Activate_Batch_fu_30/inputBuf_V_324_fu_2516_reg[10]/CE
  -------------------------------------------------------------------    -------------------

                         (clock clk_fpga_0 rise edge)
                                                     10.000    10.000 r  
    PS7_X0Y0             PS7                          0.000    10.000 r  top_i/zynq_ps/inst/PS7_i/FCLKCLK[0]
                         net (fo=1, routed)           1.088    11.088    top_i/zynq_ps/inst/FCLK_CLK_unbuffered[0]
    BUFGCTRL_X0Y16       BUFG (Prop_bufg_I_O)         0.091    11.179 r  top_i/zynq_ps/inst/buffer_fclk_clk_0.FCLK_CLK_0_BUFG/O
                         net (fo=32227, routed)       1.618    12.797    top_i/StreamingDataflowPartition_1/inst/StreamingDataflowPartition_1_MVAU_hls_7/inst/grp_Matrix_Vector_Activate_Batch_fu_30/ap_clk
    SLICE_X98Y16         FDRE                                         r  top_i/StreamingDataflowPartition_1/inst/StreamingDataflowPartition_1_MVAU_hls_7/inst/grp_Matrix_Vector_Activate_Batch_fu_30/inputBuf_V_324_fu_2516_reg[10]/C
                         clock pessimism              0.115    12.912    
                         clock uncertainty           -0.154    12.758    
    SLICE_X98Y16         FDRE (Setup_fdre_C_CE)      -0.169    12.589    top_i/StreamingDataflowPartition_1/inst/StreamingDataflowPartition_1_MVAU_hls_7/inst/grp_Matrix_Vector_Activate_Batch_fu_30/inputBuf_V_324_fu_2516_reg[10]
  -------------------------------------------------------------------
                         required time                         12.589    
                         arrival time                         -12.210    
  -------------------------------------------------------------------
                         slack                                  0.379    





Min Delay Paths
--------------------------------------------------------------------------------------
Slack (MET) :             0.012ns  (arrival time - required time)
  Source:                 top_i/StreamingDataflowPartition_1/inst/StreamingDataflowPartition_1_MVAU_hls_6/StreamingDataflowPartition_1_MVAU_hls_6/inst/regslice_both_weights_V_U/B_V_data_1_payload_A_reg[49]/C
                            (rising edge-triggered cell FDRE clocked by clk_fpga_0  {rise@0.000ns fall@5.000ns period=10.000ns})
  Destination:            top_i/StreamingDataflowPartition_1/inst/StreamingDataflowPartition_1_MVAU_hls_6/StreamingDataflowPartition_1_MVAU_hls_6/inst/grp_Matrix_Vector_Activate_Stream_Batch_fu_30/local_temp_V_28_reg_6556_reg[1]/D
                            (rising edge-triggered cell FDRE clocked by clk_fpga_0  {rise@0.000ns fall@5.000ns period=10.000ns})
  Path Group:             clk_fpga_0
  Path Type:              Hold (Min at Fast Process Corner)
  Requirement:            0.000ns  (clk_fpga_0 rise@0.000ns - clk_fpga_0 rise@0.000ns)
  Data Path Delay:        0.384ns  (logic 0.186ns (48.483%)  route 0.198ns (51.517%))
  Logic Levels:           1  (LUT3=1)
  Clock Path Skew:        0.264ns (DCD - SCD - CPR)
    Destination Clock Delay (DCD):    1.244ns
    Source Clock Delay      (SCD):    0.950ns
    Clock Pessimism Removal (CPR):    0.030ns

    Location             Delay type                Incr(ns)  Path(ns)    Netlist Resource(s)
  -------------------------------------------------------------------    -------------------
                         (clock clk_fpga_0 rise edge)
                                                      0.000     0.000 r  
    PS7_X0Y0             PS7                          0.000     0.000 r  top_i/zynq_ps/inst/PS7_i/FCLKCLK[0]
                         net (fo=1, routed)           0.310     0.310    top_i/zynq_ps/inst/FCLK_CLK_unbuffered[0]
    BUFGCTRL_X0Y16       BUFG (Prop_bufg_I_O)         0.026     0.336 r  top_i/zynq_ps/inst/buffer_fclk_clk_0.FCLK_CLK_0_BUFG/O
                         net (fo=32227, routed)       0.614     0.950    top_i/StreamingDataflowPartition_1/inst/StreamingDataflowPartition_1_MVAU_hls_6/StreamingDataflowPartition_1_MVAU_hls_6/inst/regslice_both_weights_V_U/ap_clk
    SLICE_X97Y48         FDRE                                         r  top_i/StreamingDataflowPartition_1/inst/StreamingDataflowPartition_1_MVAU_hls_6/StreamingDataflowPartition_1_MVAU_hls_6/inst/regslice_both_weights_V_U/B_V_data_1_payload_A_reg[49]/C
  -------------------------------------------------------------------    -------------------
    SLICE_X97Y48         FDRE (Prop_fdre_C_Q)         0.141     1.091 r  top_i/StreamingDataflowPartition_1/inst/StreamingDataflowPartition_1_MVAU_hls_6/StreamingDataflowPartition_1_MVAU_hls_6/inst/regslice_both_weights_V_U/B_V_data_1_payload_A_reg[49]/Q
                         net (fo=1, routed)           0.198     1.288    top_i/StreamingDataflowPartition_1/inst/StreamingDataflowPartition_1_MVAU_hls_6/StreamingDataflowPartition_1_MVAU_hls_6/inst/regslice_both_weights_V_U/B_V_data_1_payload_A_reg_n_3_[49]
    SLICE_X97Y50         LUT3 (Prop_lut3_I1_O)        0.045     1.333 r  top_i/StreamingDataflowPartition_1/inst/StreamingDataflowPartition_1_MVAU_hls_6/StreamingDataflowPartition_1_MVAU_hls_6/inst/regslice_both_weights_V_U/local_temp_V_28_reg_6556[1]_i_1/O
                         net (fo=1, routed)           0.000     1.333    top_i/StreamingDataflowPartition_1/inst/StreamingDataflowPartition_1_MVAU_hls_6/StreamingDataflowPartition_1_MVAU_hls_6/inst/grp_Matrix_Vector_Activate_Stream_Batch_fu_30/weights_V_TDATA_int_regslice[49]
    SLICE_X97Y50         FDRE                                         r  top_i/StreamingDataflowPartition_1/inst/StreamingDataflowPartition_1_MVAU_hls_6/StreamingDataflowPartition_1_MVAU_hls_6/inst/grp_Matrix_Vector_Activate_Stream_Batch_fu_30/local_temp_V_28_reg_6556_reg[1]/D
  -------------------------------------------------------------------    -------------------

                         (clock clk_fpga_0 rise edge)
                                                      0.000     0.000 r  
    PS7_X0Y0             PS7                          0.000     0.000 r  top_i/zynq_ps/inst/PS7_i/FCLKCLK[0]
                         net (fo=1, routed)           0.337     0.337    top_i/zynq_ps/inst/FCLK_CLK_unbuffered[0]
    BUFGCTRL_X0Y16       BUFG (Prop_bufg_I_O)         0.029     0.366 r  top_i/zynq_ps/inst/buffer_fclk_clk_0.FCLK_CLK_0_BUFG/O
                         net (fo=32227, routed)       0.878     1.244    top_i/StreamingDataflowPartition_1/inst/StreamingDataflowPartition_1_MVAU_hls_6/StreamingDataflowPartition_1_MVAU_hls_6/inst/grp_Matrix_Vector_Activate_Stream_Batch_fu_30/ap_clk
    SLICE_X97Y50         FDRE                                         r  top_i/StreamingDataflowPartition_1/inst/StreamingDataflowPartition_1_MVAU_hls_6/StreamingDataflowPartition_1_MVAU_hls_6/inst/grp_Matrix_Vector_Activate_Stream_Batch_fu_30/local_temp_V_28_reg_6556_reg[1]/C
                         clock pessimism             -0.030     1.214    
    SLICE_X97Y50         FDRE (Hold_fdre_C_D)         0.107     1.321    top_i/StreamingDataflowPartition_1/inst/StreamingDataflowPartition_1_MVAU_hls_6/StreamingDataflowPartition_1_MVAU_hls_6/inst/grp_Matrix_Vector_Activate_Stream_Batch_fu_30/local_temp_V_28_reg_6556_reg[1]
  -------------------------------------------------------------------
                         required time                         -1.321    
                         arrival time                           1.333    
  -------------------------------------------------------------------
                         slack                                  0.012    

Slack (MET) :             0.015ns  (arrival time - required time)
  Source:                 top_i/StreamingDataflowPartition_1/inst/StreamingDataflowPartition_1_StreamingFIFO_rtl_23/inst/impl/srlo_reg[61]/C
                            (rising edge-triggered cell FDRE clocked by clk_fpga_0  {rise@0.000ns fall@5.000ns period=10.000ns})
  Destination:            top_i/StreamingDataflowPartition_1/inst/StreamingDataflowPartition_1_ConvolutionInputGenerator_rtl_3/inst/impl/window_buffer_inst/Ram_reg_0_7_60_63/RAMA_D1/I
                            (rising edge-triggered cell RAMD32 clocked by clk_fpga_0  {rise@0.000ns fall@5.000ns period=10.000ns})
  Path Group:             clk_fpga_0
  Path Type:              Hold (Min at Fast Process Corner)
  Requirement:            0.000ns  (clk_fpga_0 rise@0.000ns - clk_fpga_0 rise@0.000ns)
  Data Path Delay:        0.318ns  (logic 0.141ns (44.376%)  route 0.177ns (55.624%))
  Logic Levels:           0  
  Clock Path Skew:        0.183ns (DCD - SCD - CPR)
    Destination Clock Delay (DCD):    1.245ns
    Source Clock Delay      (SCD):    1.027ns
    Clock Pessimism Removal (CPR):    0.035ns

    Location             Delay type                Incr(ns)  Path(ns)    Netlist Resource(s)
  -------------------------------------------------------------------    -------------------
                         (clock clk_fpga_0 rise edge)
                                                      0.000     0.000 r  
    PS7_X0Y0             PS7                          0.000     0.000 r  top_i/zynq_ps/inst/PS7_i/FCLKCLK[0]
                         net (fo=1, routed)           0.310     0.310    top_i/zynq_ps/inst/FCLK_CLK_unbuffered[0]
    BUFGCTRL_X0Y16       BUFG (Prop_bufg_I_O)         0.026     0.336 r  top_i/zynq_ps/inst/buffer_fclk_clk_0.FCLK_CLK_0_BUFG/O
                         net (fo=32227, routed)       0.691     1.027    top_i/StreamingDataflowPartition_1/inst/StreamingDataflowPartition_1_StreamingFIFO_rtl_23/inst/impl/ap_clk
    SLICE_X101Y100       FDRE                                         r  top_i/StreamingDataflowPartition_1/inst/StreamingDataflowPartition_1_StreamingFIFO_rtl_23/inst/impl/srlo_reg[61]/C
  -------------------------------------------------------------------    -------------------
    SLICE_X101Y100       FDRE (Prop_fdre_C_Q)         0.141     1.168 r  top_i/StreamingDataflowPartition_1/inst/StreamingDataflowPartition_1_StreamingFIFO_rtl_23/inst/impl/srlo_reg[61]/Q
                         net (fo=1, routed)           0.177     1.345    top_i/StreamingDataflowPartition_1/inst/StreamingDataflowPartition_1_ConvolutionInputGenerator_rtl_3/inst/impl/window_buffer_inst/Ram_reg_0_7_60_63/DIA1
    SLICE_X100Y98        RAMD32                                       r  top_i/StreamingDataflowPartition_1/inst/StreamingDataflowPartition_1_ConvolutionInputGenerator_rtl_3/inst/impl/window_buffer_inst/Ram_reg_0_7_60_63/RAMA_D1/I
  -------------------------------------------------------------------    -------------------

                         (clock clk_fpga_0 rise edge)
                                                      0.000     0.000 r  
    PS7_X0Y0             PS7                          0.000     0.000 r  top_i/zynq_ps/inst/PS7_i/FCLKCLK[0]
                         net (fo=1, routed)           0.337     0.337    top_i/zynq_ps/inst/FCLK_CLK_unbuffered[0]
    BUFGCTRL_X0Y16       BUFG (Prop_bufg_I_O)         0.029     0.366 r  top_i/zynq_ps/inst/buffer_fclk_clk_0.FCLK_CLK_0_BUFG/O
                         net (fo=32227, routed)       0.879     1.245    top_i/StreamingDataflowPartition_1/inst/StreamingDataflowPartition_1_ConvolutionInputGenerator_rtl_3/inst/impl/window_buffer_inst/Ram_reg_0_7_60_63/WCLK
    SLICE_X100Y98        RAMD32                                       r  top_i/StreamingDataflowPartition_1/inst/StreamingDataflowPartition_1_ConvolutionInputGenerator_rtl_3/inst/impl/window_buffer_inst/Ram_reg_0_7_60_63/RAMA_D1/CLK
                         clock pessimism             -0.035     1.210    
    SLICE_X100Y98        RAMD32 (Hold_ramd32_CLK_I)
                                                      0.120     1.330    top_i/StreamingDataflowPartition_1/inst/StreamingDataflowPartition_1_ConvolutionInputGenerator_rtl_3/inst/impl/window_buffer_inst/Ram_reg_0_7_60_63/RAMA_D1
  -------------------------------------------------------------------
                         required time                         -1.330    
                         arrival time                           1.345    
  -------------------------------------------------------------------
                         slack                                  0.015    

Slack (MET) :             0.023ns  (arrival time - required time)
  Source:                 top_i/StreamingDataflowPartition_1/inst/StreamingDataflowPartition_1_ConvolutionInputGenerator_rtl_0/inst/impl/Window_buffer_write_addr_reg_reg[0]/C
                            (rising edge-triggered cell FDRE clocked by clk_fpga_0  {rise@0.000ns fall@5.000ns period=10.000ns})
  Destination:            top_i/StreamingDataflowPartition_1/inst/StreamingDataflowPartition_1_ConvolutionInputGenerator_rtl_0/inst/impl/window_buffer_inst/Ram_reg_0_3_0_3/RAMA/WADR0
                            (rising edge-triggered cell RAMD32 clocked by clk_fpga_0  {rise@0.000ns fall@5.000ns period=10.000ns})
  Path Group:             clk_fpga_0
  Path Type:              Hold (Min at Fast Process Corner)
  Requirement:            0.000ns  (clk_fpga_0 rise@0.000ns - clk_fpga_0 rise@0.000ns)
  Data Path Delay:        0.346ns  (logic 0.141ns (40.727%)  route 0.205ns (59.273%))
  Logic Levels:           0  
  Clock Path Skew:        0.013ns (DCD - SCD - CPR)
    Destination Clock Delay (DCD):    1.264ns
    Source Clock Delay      (SCD):    0.964ns
    Clock Pessimism Removal (CPR):    0.287ns

    Location             Delay type                Incr(ns)  Path(ns)    Netlist Resource(s)
  -------------------------------------------------------------------    -------------------
                         (clock clk_fpga_0 rise edge)
                                                      0.000     0.000 r  
    PS7_X0Y0             PS7                          0.000     0.000 r  top_i/zynq_ps/inst/PS7_i/FCLKCLK[0]
                         net (fo=1, routed)           0.310     0.310    top_i/zynq_ps/inst/FCLK_CLK_unbuffered[0]
    BUFGCTRL_X0Y16       BUFG (Prop_bufg_I_O)         0.026     0.336 r  top_i/zynq_ps/inst/buffer_fclk_clk_0.FCLK_CLK_0_BUFG/O
                         net (fo=32227, routed)       0.628     0.964    top_i/StreamingDataflowPartition_1/inst/StreamingDataflowPartition_1_ConvolutionInputGenerator_rtl_0/inst/impl/ap_clk
    SLICE_X47Y121        FDRE                                         r  top_i/StreamingDataflowPartition_1/inst/StreamingDataflowPartition_1_ConvolutionInputGenerator_rtl_0/inst/impl/Window_buffer_write_addr_reg_reg[0]/C
  -------------------------------------------------------------------    -------------------
    SLICE_X47Y121        FDRE (Prop_fdre_C_Q)         0.141     1.105 r  top_i/StreamingDataflowPartition_1/inst/StreamingDataflowPartition_1_ConvolutionInputGenerator_rtl_0/inst/impl/Window_buffer_write_addr_reg_reg[0]/Q
                         net (fo=10, routed)          0.205     1.310    top_i/StreamingDataflowPartition_1/inst/StreamingDataflowPartition_1_ConvolutionInputGenerator_rtl_0/inst/impl/window_buffer_inst/Ram_reg_0_3_0_3/ADDRD0
    SLICE_X46Y121        RAMD32                                       r  top_i/StreamingDataflowPartition_1/inst/StreamingDataflowPartition_1_ConvolutionInputGenerator_rtl_0/inst/impl/window_buffer_inst/Ram_reg_0_3_0_3/RAMA/WADR0
  -------------------------------------------------------------------    -------------------

                         (clock clk_fpga_0 rise edge)
                                                      0.000     0.000 r  
    PS7_X0Y0             PS7                          0.000     0.000 r  top_i/zynq_ps/inst/PS7_i/FCLKCLK[0]
                         net (fo=1, routed)           0.337     0.337    top_i/zynq_ps/inst/FCLK_CLK_unbuffered[0]
    BUFGCTRL_X0Y16       BUFG (Prop_bufg_I_O)         0.029     0.366 r  top_i/zynq_ps/inst/buffer_fclk_clk_0.FCLK_CLK_0_BUFG/O
                         net (fo=32227, routed)       0.898     1.264    top_i/StreamingDataflowPartition_1/inst/StreamingDataflowPartition_1_ConvolutionInputGenerator_rtl_0/inst/impl/window_buffer_inst/Ram_reg_0_3_0_3/WCLK
    SLICE_X46Y121        RAMD32                                       r  top_i/StreamingDataflowPartition_1/inst/StreamingDataflowPartition_1_ConvolutionInputGenerator_rtl_0/inst/impl/window_buffer_inst/Ram_reg_0_3_0_3/RAMA/CLK
                         clock pessimism             -0.287     0.977    
    SLICE_X46Y121        RAMD32 (Hold_ramd32_CLK_WADR0)
                                                      0.310     1.287    top_i/StreamingDataflowPartition_1/inst/StreamingDataflowPartition_1_ConvolutionInputGenerator_rtl_0/inst/impl/window_buffer_inst/Ram_reg_0_3_0_3/RAMA
  -------------------------------------------------------------------
                         required time                         -1.287    
                         arrival time                           1.310    
  -------------------------------------------------------------------
                         slack                                  0.023    

Slack (MET) :             0.023ns  (arrival time - required time)
  Source:                 top_i/StreamingDataflowPartition_1/inst/StreamingDataflowPartition_1_ConvolutionInputGenerator_rtl_0/inst/impl/Window_buffer_write_addr_reg_reg[0]/C
                            (rising edge-triggered cell FDRE clocked by clk_fpga_0  {rise@0.000ns fall@5.000ns period=10.000ns})
  Destination:            top_i/StreamingDataflowPartition_1/inst/StreamingDataflowPartition_1_ConvolutionInputGenerator_rtl_0/inst/impl/window_buffer_inst/Ram_reg_0_3_0_3/RAMA_D1/WADR0
                            (rising edge-triggered cell RAMD32 clocked by clk_fpga_0  {rise@0.000ns fall@5.000ns period=10.000ns})
  Path Group:             clk_fpga_0
  Path Type:              Hold (Min at Fast Process Corner)
  Requirement:            0.000ns  (clk_fpga_0 rise@0.000ns - clk_fpga_0 rise@0.000ns)
  Data Path Delay:        0.346ns  (logic 0.141ns (40.727%)  route 0.205ns (59.273%))
  Logic Levels:           0  
  Clock Path Skew:        0.013ns (DCD - SCD - CPR)
    Destination Clock Delay (DCD):    1.264ns
    Source Clock Delay      (SCD):    0.964ns
    Clock Pessimism Removal (CPR):    0.287ns

    Location             Delay type                Incr(ns)  Path(ns)    Netlist Resource(s)
  -------------------------------------------------------------------    -------------------
                         (clock clk_fpga_0 rise edge)
                                                      0.000     0.000 r  
    PS7_X0Y0             PS7                          0.000     0.000 r  top_i/zynq_ps/inst/PS7_i/FCLKCLK[0]
                         net (fo=1, routed)           0.310     0.310    top_i/zynq_ps/inst/FCLK_CLK_unbuffered[0]
    BUFGCTRL_X0Y16       BUFG (Prop_bufg_I_O)         0.026     0.336 r  top_i/zynq_ps/inst/buffer_fclk_clk_0.FCLK_CLK_0_BUFG/O
                         net (fo=32227, routed)       0.628     0.964    top_i/StreamingDataflowPartition_1/inst/StreamingDataflowPartition_1_ConvolutionInputGenerator_rtl_0/inst/impl/ap_clk
    SLICE_X47Y121        FDRE                                         r  top_i/StreamingDataflowPartition_1/inst/StreamingDataflowPartition_1_ConvolutionInputGenerator_rtl_0/inst/impl/Window_buffer_write_addr_reg_reg[0]/C
  -------------------------------------------------------------------    -------------------
    SLICE_X47Y121        FDRE (Prop_fdre_C_Q)         0.141     1.105 r  top_i/StreamingDataflowPartition_1/inst/StreamingDataflowPartition_1_ConvolutionInputGenerator_rtl_0/inst/impl/Window_buffer_write_addr_reg_reg[0]/Q
                         net (fo=10, routed)          0.205     1.310    top_i/StreamingDataflowPartition_1/inst/StreamingDataflowPartition_1_ConvolutionInputGenerator_rtl_0/inst/impl/window_buffer_inst/Ram_reg_0_3_0_3/ADDRD0
    SLICE_X46Y121        RAMD32                                       r  top_i/StreamingDataflowPartition_1/inst/StreamingDataflowPartition_1_ConvolutionInputGenerator_rtl_0/inst/impl/window_buffer_inst/Ram_reg_0_3_0_3/RAMA_D1/WADR0
  -------------------------------------------------------------------    -------------------

                         (clock clk_fpga_0 rise edge)
                                                      0.000     0.000 r  
    PS7_X0Y0             PS7                          0.000     0.000 r  top_i/zynq_ps/inst/PS7_i/FCLKCLK[0]
                         net (fo=1, routed)           0.337     0.337    top_i/zynq_ps/inst/FCLK_CLK_unbuffered[0]
    BUFGCTRL_X0Y16       BUFG (Prop_bufg_I_O)         0.029     0.366 r  top_i/zynq_ps/inst/buffer_fclk_clk_0.FCLK_CLK_0_BUFG/O
                         net (fo=32227, routed)       0.898     1.264    top_i/StreamingDataflowPartition_1/inst/StreamingDataflowPartition_1_ConvolutionInputGenerator_rtl_0/inst/impl/window_buffer_inst/Ram_reg_0_3_0_3/WCLK
    SLICE_X46Y121        RAMD32                                       r  top_i/StreamingDataflowPartition_1/inst/StreamingDataflowPartition_1_ConvolutionInputGenerator_rtl_0/inst/impl/window_buffer_inst/Ram_reg_0_3_0_3/RAMA_D1/CLK
                         clock pessimism             -0.287     0.977    
    SLICE_X46Y121        RAMD32 (Hold_ramd32_CLK_WADR0)
                                                      0.310     1.287    top_i/StreamingDataflowPartition_1/inst/StreamingDataflowPartition_1_ConvolutionInputGenerator_rtl_0/inst/impl/window_buffer_inst/Ram_reg_0_3_0_3/RAMA_D1
  -------------------------------------------------------------------
                         required time                         -1.287    
                         arrival time                           1.310    
  -------------------------------------------------------------------
                         slack                                  0.023    

Slack (MET) :             0.023ns  (arrival time - required time)
  Source:                 top_i/StreamingDataflowPartition_1/inst/StreamingDataflowPartition_1_ConvolutionInputGenerator_rtl_0/inst/impl/Window_buffer_write_addr_reg_reg[0]/C
                            (rising edge-triggered cell FDRE clocked by clk_fpga_0  {rise@0.000ns fall@5.000ns period=10.000ns})
  Destination:            top_i/StreamingDataflowPartition_1/inst/StreamingDataflowPartition_1_ConvolutionInputGenerator_rtl_0/inst/impl/window_buffer_inst/Ram_reg_0_3_0_3/RAMB/WADR0
                            (rising edge-triggered cell RAMD32 clocked by clk_fpga_0  {rise@0.000ns fall@5.000ns period=10.000ns})
  Path Group:             clk_fpga_0
  Path Type:              Hold (Min at Fast Process Corner)
  Requirement:            0.000ns  (clk_fpga_0 rise@0.000ns - clk_fpga_0 rise@0.000ns)
  Data Path Delay:        0.346ns  (logic 0.141ns (40.727%)  route 0.205ns (59.273%))
  Logic Levels:           0  
  Clock Path Skew:        0.013ns (DCD - SCD - CPR)
    Destination Clock Delay (DCD):    1.264ns
    Source Clock Delay      (SCD):    0.964ns
    Clock Pessimism Removal (CPR):    0.287ns

    Location             Delay type                Incr(ns)  Path(ns)    Netlist Resource(s)
  -------------------------------------------------------------------    -------------------
                         (clock clk_fpga_0 rise edge)
                                                      0.000     0.000 r  
    PS7_X0Y0             PS7                          0.000     0.000 r  top_i/zynq_ps/inst/PS7_i/FCLKCLK[0]
                         net (fo=1, routed)           0.310     0.310    top_i/zynq_ps/inst/FCLK_CLK_unbuffered[0]
    BUFGCTRL_X0Y16       BUFG (Prop_bufg_I_O)         0.026     0.336 r  top_i/zynq_ps/inst/buffer_fclk_clk_0.FCLK_CLK_0_BUFG/O
                         net (fo=32227, routed)       0.628     0.964    top_i/StreamingDataflowPartition_1/inst/StreamingDataflowPartition_1_ConvolutionInputGenerator_rtl_0/inst/impl/ap_clk
    SLICE_X47Y121        FDRE                                         r  top_i/StreamingDataflowPartition_1/inst/StreamingDataflowPartition_1_ConvolutionInputGenerator_rtl_0/inst/impl/Window_buffer_write_addr_reg_reg[0]/C
  -------------------------------------------------------------------    -------------------
    SLICE_X47Y121        FDRE (Prop_fdre_C_Q)         0.141     1.105 r  top_i/StreamingDataflowPartition_1/inst/StreamingDataflowPartition_1_ConvolutionInputGenerator_rtl_0/inst/impl/Window_buffer_write_addr_reg_reg[0]/Q
                         net (fo=10, routed)          0.205     1.310    top_i/StreamingDataflowPartition_1/inst/StreamingDataflowPartition_1_ConvolutionInputGenerator_rtl_0/inst/impl/window_buffer_inst/Ram_reg_0_3_0_3/ADDRD0
    SLICE_X46Y121        RAMD32                                       r  top_i/StreamingDataflowPartition_1/inst/StreamingDataflowPartition_1_ConvolutionInputGenerator_rtl_0/inst/impl/window_buffer_inst/Ram_reg_0_3_0_3/RAMB/WADR0
  -------------------------------------------------------------------    -------------------

                         (clock clk_fpga_0 rise edge)
                                                      0.000     0.000 r  
    PS7_X0Y0             PS7                          0.000     0.000 r  top_i/zynq_ps/inst/PS7_i/FCLKCLK[0]
                         net (fo=1, routed)           0.337     0.337    top_i/zynq_ps/inst/FCLK_CLK_unbuffered[0]
    BUFGCTRL_X0Y16       BUFG (Prop_bufg_I_O)         0.029     0.366 r  top_i/zynq_ps/inst/buffer_fclk_clk_0.FCLK_CLK_0_BUFG/O
                         net (fo=32227, routed)       0.898     1.264    top_i/StreamingDataflowPartition_1/inst/StreamingDataflowPartition_1_ConvolutionInputGenerator_rtl_0/inst/impl/window_buffer_inst/Ram_reg_0_3_0_3/WCLK
    SLICE_X46Y121        RAMD32                                       r  top_i/StreamingDataflowPartition_1/inst/StreamingDataflowPartition_1_ConvolutionInputGenerator_rtl_0/inst/impl/window_buffer_inst/Ram_reg_0_3_0_3/RAMB/CLK
                         clock pessimism             -0.287     0.977    
    SLICE_X46Y121        RAMD32 (Hold_ramd32_CLK_WADR0)
                                                      0.310     1.287    top_i/StreamingDataflowPartition_1/inst/StreamingDataflowPartition_1_ConvolutionInputGenerator_rtl_0/inst/impl/window_buffer_inst/Ram_reg_0_3_0_3/RAMB
  -------------------------------------------------------------------
                         required time                         -1.287    
                         arrival time                           1.310    
  -------------------------------------------------------------------
                         slack                                  0.023    

Slack (MET) :             0.023ns  (arrival time - required time)
  Source:                 top_i/StreamingDataflowPartition_1/inst/StreamingDataflowPartition_1_ConvolutionInputGenerator_rtl_0/inst/impl/Window_buffer_write_addr_reg_reg[0]/C
                            (rising edge-triggered cell FDRE clocked by clk_fpga_0  {rise@0.000ns fall@5.000ns period=10.000ns})
  Destination:            top_i/StreamingDataflowPartition_1/inst/StreamingDataflowPartition_1_ConvolutionInputGenerator_rtl_0/inst/impl/window_buffer_inst/Ram_reg_0_3_0_3/RAMB_D1/WADR0
                            (rising edge-triggered cell RAMD32 clocked by clk_fpga_0  {rise@0.000ns fall@5.000ns period=10.000ns})
  Path Group:             clk_fpga_0
  Path Type:              Hold (Min at Fast Process Corner)
  Requirement:            0.000ns  (clk_fpga_0 rise@0.000ns - clk_fpga_0 rise@0.000ns)
  Data Path Delay:        0.346ns  (logic 0.141ns (40.727%)  route 0.205ns (59.273%))
  Logic Levels:           0  
  Clock Path Skew:        0.013ns (DCD - SCD - CPR)
    Destination Clock Delay (DCD):    1.264ns
    Source Clock Delay      (SCD):    0.964ns
    Clock Pessimism Removal (CPR):    0.287ns

    Location             Delay type                Incr(ns)  Path(ns)    Netlist Resource(s)
  -------------------------------------------------------------------    -------------------
                         (clock clk_fpga_0 rise edge)
                                                      0.000     0.000 r  
    PS7_X0Y0             PS7                          0.000     0.000 r  top_i/zynq_ps/inst/PS7_i/FCLKCLK[0]
                         net (fo=1, routed)           0.310     0.310    top_i/zynq_ps/inst/FCLK_CLK_unbuffered[0]
    BUFGCTRL_X0Y16       BUFG (Prop_bufg_I_O)         0.026     0.336 r  top_i/zynq_ps/inst/buffer_fclk_clk_0.FCLK_CLK_0_BUFG/O
                         net (fo=32227, routed)       0.628     0.964    top_i/StreamingDataflowPartition_1/inst/StreamingDataflowPartition_1_ConvolutionInputGenerator_rtl_0/inst/impl/ap_clk
    SLICE_X47Y121        FDRE                                         r  top_i/StreamingDataflowPartition_1/inst/StreamingDataflowPartition_1_ConvolutionInputGenerator_rtl_0/inst/impl/Window_buffer_write_addr_reg_reg[0]/C
  -------------------------------------------------------------------    -------------------
    SLICE_X47Y121        FDRE (Prop_fdre_C_Q)         0.141     1.105 r  top_i/StreamingDataflowPartition_1/inst/StreamingDataflowPartition_1_ConvolutionInputGenerator_rtl_0/inst/impl/Window_buffer_write_addr_reg_reg[0]/Q
                         net (fo=10, routed)          0.205     1.310    top_i/StreamingDataflowPartition_1/inst/StreamingDataflowPartition_1_ConvolutionInputGenerator_rtl_0/inst/impl/window_buffer_inst/Ram_reg_0_3_0_3/ADDRD0
    SLICE_X46Y121        RAMD32                                       r  top_i/StreamingDataflowPartition_1/inst/StreamingDataflowPartition_1_ConvolutionInputGenerator_rtl_0/inst/impl/window_buffer_inst/Ram_reg_0_3_0_3/RAMB_D1/WADR0
  -------------------------------------------------------------------    -------------------

                         (clock clk_fpga_0 rise edge)
                                                      0.000     0.000 r  
    PS7_X0Y0             PS7                          0.000     0.000 r  top_i/zynq_ps/inst/PS7_i/FCLKCLK[0]
                         net (fo=1, routed)           0.337     0.337    top_i/zynq_ps/inst/FCLK_CLK_unbuffered[0]
    BUFGCTRL_X0Y16       BUFG (Prop_bufg_I_O)         0.029     0.366 r  top_i/zynq_ps/inst/buffer_fclk_clk_0.FCLK_CLK_0_BUFG/O
                         net (fo=32227, routed)       0.898     1.264    top_i/StreamingDataflowPartition_1/inst/StreamingDataflowPartition_1_ConvolutionInputGenerator_rtl_0/inst/impl/window_buffer_inst/Ram_reg_0_3_0_3/WCLK
    SLICE_X46Y121        RAMD32                                       r  top_i/StreamingDataflowPartition_1/inst/StreamingDataflowPartition_1_ConvolutionInputGenerator_rtl_0/inst/impl/window_buffer_inst/Ram_reg_0_3_0_3/RAMB_D1/CLK
                         clock pessimism             -0.287     0.977    
    SLICE_X46Y121        RAMD32 (Hold_ramd32_CLK_WADR0)
                                                      0.310     1.287    top_i/StreamingDataflowPartition_1/inst/StreamingDataflowPartition_1_ConvolutionInputGenerator_rtl_0/inst/impl/window_buffer_inst/Ram_reg_0_3_0_3/RAMB_D1
  -------------------------------------------------------------------
                         required time                         -1.287    
                         arrival time                           1.310    
  -------------------------------------------------------------------
                         slack                                  0.023    

Slack (MET) :             0.023ns  (arrival time - required time)
  Source:                 top_i/StreamingDataflowPartition_1/inst/StreamingDataflowPartition_1_ConvolutionInputGenerator_rtl_0/inst/impl/Window_buffer_write_addr_reg_reg[0]/C
                            (rising edge-triggered cell FDRE clocked by clk_fpga_0  {rise@0.000ns fall@5.000ns period=10.000ns})
  Destination:            top_i/StreamingDataflowPartition_1/inst/StreamingDataflowPartition_1_ConvolutionInputGenerator_rtl_0/inst/impl/window_buffer_inst/Ram_reg_0_3_0_3/RAMC/WADR0
                            (rising edge-triggered cell RAMD32 clocked by clk_fpga_0  {rise@0.000ns fall@5.000ns period=10.000ns})
  Path Group:             clk_fpga_0
  Path Type:              Hold (Min at Fast Process Corner)
  Requirement:            0.000ns  (clk_fpga_0 rise@0.000ns - clk_fpga_0 rise@0.000ns)
  Data Path Delay:        0.346ns  (logic 0.141ns (40.727%)  route 0.205ns (59.273%))
  Logic Levels:           0  
  Clock Path Skew:        0.013ns (DCD - SCD - CPR)
    Destination Clock Delay (DCD):    1.264ns
    Source Clock Delay      (SCD):    0.964ns
    Clock Pessimism Removal (CPR):    0.287ns

    Location             Delay type                Incr(ns)  Path(ns)    Netlist Resource(s)
  -------------------------------------------------------------------    -------------------
                         (clock clk_fpga_0 rise edge)
                                                      0.000     0.000 r  
    PS7_X0Y0             PS7                          0.000     0.000 r  top_i/zynq_ps/inst/PS7_i/FCLKCLK[0]
                         net (fo=1, routed)           0.310     0.310    top_i/zynq_ps/inst/FCLK_CLK_unbuffered[0]
    BUFGCTRL_X0Y16       BUFG (Prop_bufg_I_O)         0.026     0.336 r  top_i/zynq_ps/inst/buffer_fclk_clk_0.FCLK_CLK_0_BUFG/O
                         net (fo=32227, routed)       0.628     0.964    top_i/StreamingDataflowPartition_1/inst/StreamingDataflowPartition_1_ConvolutionInputGenerator_rtl_0/inst/impl/ap_clk
    SLICE_X47Y121        FDRE                                         r  top_i/StreamingDataflowPartition_1/inst/StreamingDataflowPartition_1_ConvolutionInputGenerator_rtl_0/inst/impl/Window_buffer_write_addr_reg_reg[0]/C
  -------------------------------------------------------------------    -------------------
    SLICE_X47Y121        FDRE (Prop_fdre_C_Q)         0.141     1.105 r  top_i/StreamingDataflowPartition_1/inst/StreamingDataflowPartition_1_ConvolutionInputGenerator_rtl_0/inst/impl/Window_buffer_write_addr_reg_reg[0]/Q
                         net (fo=10, routed)          0.205     1.310    top_i/StreamingDataflowPartition_1/inst/StreamingDataflowPartition_1_ConvolutionInputGenerator_rtl_0/inst/impl/window_buffer_inst/Ram_reg_0_3_0_3/ADDRD0
    SLICE_X46Y121        RAMD32                                       r  top_i/StreamingDataflowPartition_1/inst/StreamingDataflowPartition_1_ConvolutionInputGenerator_rtl_0/inst/impl/window_buffer_inst/Ram_reg_0_3_0_3/RAMC/WADR0
  -------------------------------------------------------------------    -------------------

                         (clock clk_fpga_0 rise edge)
                                                      0.000     0.000 r  
    PS7_X0Y0             PS7                          0.000     0.000 r  top_i/zynq_ps/inst/PS7_i/FCLKCLK[0]
                         net (fo=1, routed)           0.337     0.337    top_i/zynq_ps/inst/FCLK_CLK_unbuffered[0]
    BUFGCTRL_X0Y16       BUFG (Prop_bufg_I_O)         0.029     0.366 r  top_i/zynq_ps/inst/buffer_fclk_clk_0.FCLK_CLK_0_BUFG/O
                         net (fo=32227, routed)       0.898     1.264    top_i/StreamingDataflowPartition_1/inst/StreamingDataflowPartition_1_ConvolutionInputGenerator_rtl_0/inst/impl/window_buffer_inst/Ram_reg_0_3_0_3/WCLK
    SLICE_X46Y121        RAMD32                                       r  top_i/StreamingDataflowPartition_1/inst/StreamingDataflowPartition_1_ConvolutionInputGenerator_rtl_0/inst/impl/window_buffer_inst/Ram_reg_0_3_0_3/RAMC/CLK
                         clock pessimism             -0.287     0.977    
    SLICE_X46Y121        RAMD32 (Hold_ramd32_CLK_WADR0)
                                                      0.310     1.287    top_i/StreamingDataflowPartition_1/inst/StreamingDataflowPartition_1_ConvolutionInputGenerator_rtl_0/inst/impl/window_buffer_inst/Ram_reg_0_3_0_3/RAMC
  -------------------------------------------------------------------
                         required time                         -1.287    
                         arrival time                           1.310    
  -------------------------------------------------------------------
                         slack                                  0.023    

Slack (MET) :             0.023ns  (arrival time - required time)
  Source:                 top_i/StreamingDataflowPartition_1/inst/StreamingDataflowPartition_1_ConvolutionInputGenerator_rtl_0/inst/impl/Window_buffer_write_addr_reg_reg[0]/C
                            (rising edge-triggered cell FDRE clocked by clk_fpga_0  {rise@0.000ns fall@5.000ns period=10.000ns})
  Destination:            top_i/StreamingDataflowPartition_1/inst/StreamingDataflowPartition_1_ConvolutionInputGenerator_rtl_0/inst/impl/window_buffer_inst/Ram_reg_0_3_0_3/RAMC_D1/WADR0
                            (rising edge-triggered cell RAMD32 clocked by clk_fpga_0  {rise@0.000ns fall@5.000ns period=10.000ns})
  Path Group:             clk_fpga_0
  Path Type:              Hold (Min at Fast Process Corner)
  Requirement:            0.000ns  (clk_fpga_0 rise@0.000ns - clk_fpga_0 rise@0.000ns)
  Data Path Delay:        0.346ns  (logic 0.141ns (40.727%)  route 0.205ns (59.273%))
  Logic Levels:           0  
  Clock Path Skew:        0.013ns (DCD - SCD - CPR)
    Destination Clock Delay (DCD):    1.264ns
    Source Clock Delay      (SCD):    0.964ns
    Clock Pessimism Removal (CPR):    0.287ns

    Location             Delay type                Incr(ns)  Path(ns)    Netlist Resource(s)
  -------------------------------------------------------------------    -------------------
                         (clock clk_fpga_0 rise edge)
                                                      0.000     0.000 r  
    PS7_X0Y0             PS7                          0.000     0.000 r  top_i/zynq_ps/inst/PS7_i/FCLKCLK[0]
                         net (fo=1, routed)           0.310     0.310    top_i/zynq_ps/inst/FCLK_CLK_unbuffered[0]
    BUFGCTRL_X0Y16       BUFG (Prop_bufg_I_O)         0.026     0.336 r  top_i/zynq_ps/inst/buffer_fclk_clk_0.FCLK_CLK_0_BUFG/O
                         net (fo=32227, routed)       0.628     0.964    top_i/StreamingDataflowPartition_1/inst/StreamingDataflowPartition_1_ConvolutionInputGenerator_rtl_0/inst/impl/ap_clk
    SLICE_X47Y121        FDRE                                         r  top_i/StreamingDataflowPartition_1/inst/StreamingDataflowPartition_1_ConvolutionInputGenerator_rtl_0/inst/impl/Window_buffer_write_addr_reg_reg[0]/C
  -------------------------------------------------------------------    -------------------
    SLICE_X47Y121        FDRE (Prop_fdre_C_Q)         0.141     1.105 r  top_i/StreamingDataflowPartition_1/inst/StreamingDataflowPartition_1_ConvolutionInputGenerator_rtl_0/inst/impl/Window_buffer_write_addr_reg_reg[0]/Q
                         net (fo=10, routed)          0.205     1.310    top_i/StreamingDataflowPartition_1/inst/StreamingDataflowPartition_1_ConvolutionInputGenerator_rtl_0/inst/impl/window_buffer_inst/Ram_reg_0_3_0_3/ADDRD0
    SLICE_X46Y121        RAMD32                                       r  top_i/StreamingDataflowPartition_1/inst/StreamingDataflowPartition_1_ConvolutionInputGenerator_rtl_0/inst/impl/window_buffer_inst/Ram_reg_0_3_0_3/RAMC_D1/WADR0
  -------------------------------------------------------------------    -------------------

                         (clock clk_fpga_0 rise edge)
                                                      0.000     0.000 r  
    PS7_X0Y0             PS7                          0.000     0.000 r  top_i/zynq_ps/inst/PS7_i/FCLKCLK[0]
                         net (fo=1, routed)           0.337     0.337    top_i/zynq_ps/inst/FCLK_CLK_unbuffered[0]
    BUFGCTRL_X0Y16       BUFG (Prop_bufg_I_O)         0.029     0.366 r  top_i/zynq_ps/inst/buffer_fclk_clk_0.FCLK_CLK_0_BUFG/O
                         net (fo=32227, routed)       0.898     1.264    top_i/StreamingDataflowPartition_1/inst/StreamingDataflowPartition_1_ConvolutionInputGenerator_rtl_0/inst/impl/window_buffer_inst/Ram_reg_0_3_0_3/WCLK
    SLICE_X46Y121        RAMD32                                       r  top_i/StreamingDataflowPartition_1/inst/StreamingDataflowPartition_1_ConvolutionInputGenerator_rtl_0/inst/impl/window_buffer_inst/Ram_reg_0_3_0_3/RAMC_D1/CLK
                         clock pessimism             -0.287     0.977    
    SLICE_X46Y121        RAMD32 (Hold_ramd32_CLK_WADR0)
                                                      0.310     1.287    top_i/StreamingDataflowPartition_1/inst/StreamingDataflowPartition_1_ConvolutionInputGenerator_rtl_0/inst/impl/window_buffer_inst/Ram_reg_0_3_0_3/RAMC_D1
  -------------------------------------------------------------------
                         required time                         -1.287    
                         arrival time                           1.310    
  -------------------------------------------------------------------
                         slack                                  0.023    

Slack (MET) :             0.023ns  (arrival time - required time)
  Source:                 top_i/StreamingDataflowPartition_1/inst/StreamingDataflowPartition_1_ConvolutionInputGenerator_rtl_0/inst/impl/Window_buffer_write_addr_reg_reg[0]/C
                            (rising edge-triggered cell FDRE clocked by clk_fpga_0  {rise@0.000ns fall@5.000ns period=10.000ns})
  Destination:            top_i/StreamingDataflowPartition_1/inst/StreamingDataflowPartition_1_ConvolutionInputGenerator_rtl_0/inst/impl/window_buffer_inst/Ram_reg_0_3_0_3/RAMD/ADR0
                            (rising edge-triggered cell RAMS32 clocked by clk_fpga_0  {rise@0.000ns fall@5.000ns period=10.000ns})
  Path Group:             clk_fpga_0
  Path Type:              Hold (Min at Fast Process Corner)
  Requirement:            0.000ns  (clk_fpga_0 rise@0.000ns - clk_fpga_0 rise@0.000ns)
  Data Path Delay:        0.346ns  (logic 0.141ns (40.727%)  route 0.205ns (59.273%))
  Logic Levels:           0  
  Clock Path Skew:        0.013ns (DCD - SCD - CPR)
    Destination Clock Delay (DCD):    1.264ns
    Source Clock Delay      (SCD):    0.964ns
    Clock Pessimism Removal (CPR):    0.287ns

    Location             Delay type                Incr(ns)  Path(ns)    Netlist Resource(s)
  -------------------------------------------------------------------    -------------------
                         (clock clk_fpga_0 rise edge)
                                                      0.000     0.000 r  
    PS7_X0Y0             PS7                          0.000     0.000 r  top_i/zynq_ps/inst/PS7_i/FCLKCLK[0]
                         net (fo=1, routed)           0.310     0.310    top_i/zynq_ps/inst/FCLK_CLK_unbuffered[0]
    BUFGCTRL_X0Y16       BUFG (Prop_bufg_I_O)         0.026     0.336 r  top_i/zynq_ps/inst/buffer_fclk_clk_0.FCLK_CLK_0_BUFG/O
                         net (fo=32227, routed)       0.628     0.964    top_i/StreamingDataflowPartition_1/inst/StreamingDataflowPartition_1_ConvolutionInputGenerator_rtl_0/inst/impl/ap_clk
    SLICE_X47Y121        FDRE                                         r  top_i/StreamingDataflowPartition_1/inst/StreamingDataflowPartition_1_ConvolutionInputGenerator_rtl_0/inst/impl/Window_buffer_write_addr_reg_reg[0]/C
  -------------------------------------------------------------------    -------------------
    SLICE_X47Y121        FDRE (Prop_fdre_C_Q)         0.141     1.105 r  top_i/StreamingDataflowPartition_1/inst/StreamingDataflowPartition_1_ConvolutionInputGenerator_rtl_0/inst/impl/Window_buffer_write_addr_reg_reg[0]/Q
                         net (fo=10, routed)          0.205     1.310    top_i/StreamingDataflowPartition_1/inst/StreamingDataflowPartition_1_ConvolutionInputGenerator_rtl_0/inst/impl/window_buffer_inst/Ram_reg_0_3_0_3/ADDRD0
    SLICE_X46Y121        RAMS32                                       r  top_i/StreamingDataflowPartition_1/inst/StreamingDataflowPartition_1_ConvolutionInputGenerator_rtl_0/inst/impl/window_buffer_inst/Ram_reg_0_3_0_3/RAMD/ADR0
  -------------------------------------------------------------------    -------------------

                         (clock clk_fpga_0 rise edge)
                                                      0.000     0.000 r  
    PS7_X0Y0             PS7                          0.000     0.000 r  top_i/zynq_ps/inst/PS7_i/FCLKCLK[0]
                         net (fo=1, routed)           0.337     0.337    top_i/zynq_ps/inst/FCLK_CLK_unbuffered[0]
    BUFGCTRL_X0Y16       BUFG (Prop_bufg_I_O)         0.029     0.366 r  top_i/zynq_ps/inst/buffer_fclk_clk_0.FCLK_CLK_0_BUFG/O
                         net (fo=32227, routed)       0.898     1.264    top_i/StreamingDataflowPartition_1/inst/StreamingDataflowPartition_1_ConvolutionInputGenerator_rtl_0/inst/impl/window_buffer_inst/Ram_reg_0_3_0_3/WCLK
    SLICE_X46Y121        RAMS32                                       r  top_i/StreamingDataflowPartition_1/inst/StreamingDataflowPartition_1_ConvolutionInputGenerator_rtl_0/inst/impl/window_buffer_inst/Ram_reg_0_3_0_3/RAMD/CLK
                         clock pessimism             -0.287     0.977    
    SLICE_X46Y121        RAMS32 (Hold_rams32_CLK_ADR0)
                                                      0.310     1.287    top_i/StreamingDataflowPartition_1/inst/StreamingDataflowPartition_1_ConvolutionInputGenerator_rtl_0/inst/impl/window_buffer_inst/Ram_reg_0_3_0_3/RAMD
  -------------------------------------------------------------------
                         required time                         -1.287    
                         arrival time                           1.310    
  -------------------------------------------------------------------
                         slack                                  0.023    

Slack (MET) :             0.023ns  (arrival time - required time)
  Source:                 top_i/StreamingDataflowPartition_1/inst/StreamingDataflowPartition_1_ConvolutionInputGenerator_rtl_0/inst/impl/Window_buffer_write_addr_reg_reg[0]/C
                            (rising edge-triggered cell FDRE clocked by clk_fpga_0  {rise@0.000ns fall@5.000ns period=10.000ns})
  Destination:            top_i/StreamingDataflowPartition_1/inst/StreamingDataflowPartition_1_ConvolutionInputGenerator_rtl_0/inst/impl/window_buffer_inst/Ram_reg_0_3_0_3/RAMD_D1/ADR0
                            (rising edge-triggered cell RAMS32 clocked by clk_fpga_0  {rise@0.000ns fall@5.000ns period=10.000ns})
  Path Group:             clk_fpga_0
  Path Type:              Hold (Min at Fast Process Corner)
  Requirement:            0.000ns  (clk_fpga_0 rise@0.000ns - clk_fpga_0 rise@0.000ns)
  Data Path Delay:        0.346ns  (logic 0.141ns (40.727%)  route 0.205ns (59.273%))
  Logic Levels:           0  
  Clock Path Skew:        0.013ns (DCD - SCD - CPR)
    Destination Clock Delay (DCD):    1.264ns
    Source Clock Delay      (SCD):    0.964ns
    Clock Pessimism Removal (CPR):    0.287ns

    Location             Delay type                Incr(ns)  Path(ns)    Netlist Resource(s)
  -------------------------------------------------------------------    -------------------
                         (clock clk_fpga_0 rise edge)
                                                      0.000     0.000 r  
    PS7_X0Y0             PS7                          0.000     0.000 r  top_i/zynq_ps/inst/PS7_i/FCLKCLK[0]
                         net (fo=1, routed)           0.310     0.310    top_i/zynq_ps/inst/FCLK_CLK_unbuffered[0]
    BUFGCTRL_X0Y16       BUFG (Prop_bufg_I_O)         0.026     0.336 r  top_i/zynq_ps/inst/buffer_fclk_clk_0.FCLK_CLK_0_BUFG/O
                         net (fo=32227, routed)       0.628     0.964    top_i/StreamingDataflowPartition_1/inst/StreamingDataflowPartition_1_ConvolutionInputGenerator_rtl_0/inst/impl/ap_clk
    SLICE_X47Y121        FDRE                                         r  top_i/StreamingDataflowPartition_1/inst/StreamingDataflowPartition_1_ConvolutionInputGenerator_rtl_0/inst/impl/Window_buffer_write_addr_reg_reg[0]/C
  -------------------------------------------------------------------    -------------------
    SLICE_X47Y121        FDRE (Prop_fdre_C_Q)         0.141     1.105 r  top_i/StreamingDataflowPartition_1/inst/StreamingDataflowPartition_1_ConvolutionInputGenerator_rtl_0/inst/impl/Window_buffer_write_addr_reg_reg[0]/Q
                         net (fo=10, routed)          0.205     1.310    top_i/StreamingDataflowPartition_1/inst/StreamingDataflowPartition_1_ConvolutionInputGenerator_rtl_0/inst/impl/window_buffer_inst/Ram_reg_0_3_0_3/ADDRD0
    SLICE_X46Y121        RAMS32                                       r  top_i/StreamingDataflowPartition_1/inst/StreamingDataflowPartition_1_ConvolutionInputGenerator_rtl_0/inst/impl/window_buffer_inst/Ram_reg_0_3_0_3/RAMD_D1/ADR0
  -------------------------------------------------------------------    -------------------

                         (clock clk_fpga_0 rise edge)
                                                      0.000     0.000 r  
    PS7_X0Y0             PS7                          0.000     0.000 r  top_i/zynq_ps/inst/PS7_i/FCLKCLK[0]
                         net (fo=1, routed)           0.337     0.337    top_i/zynq_ps/inst/FCLK_CLK_unbuffered[0]
    BUFGCTRL_X0Y16       BUFG (Prop_bufg_I_O)         0.029     0.366 r  top_i/zynq_ps/inst/buffer_fclk_clk_0.FCLK_CLK_0_BUFG/O
                         net (fo=32227, routed)       0.898     1.264    top_i/StreamingDataflowPartition_1/inst/StreamingDataflowPartition_1_ConvolutionInputGenerator_rtl_0/inst/impl/window_buffer_inst/Ram_reg_0_3_0_3/WCLK
    SLICE_X46Y121        RAMS32                                       r  top_i/StreamingDataflowPartition_1/inst/StreamingDataflowPartition_1_ConvolutionInputGenerator_rtl_0/inst/impl/window_buffer_inst/Ram_reg_0_3_0_3/RAMD_D1/CLK
                         clock pessimism             -0.287     0.977    
    SLICE_X46Y121        RAMS32 (Hold_rams32_CLK_ADR0)
                                                      0.310     1.287    top_i/StreamingDataflowPartition_1/inst/StreamingDataflowPartition_1_ConvolutionInputGenerator_rtl_0/inst/impl/window_buffer_inst/Ram_reg_0_3_0_3/RAMD_D1
  -------------------------------------------------------------------
                         required time                         -1.287    
                         arrival time                           1.310    
  -------------------------------------------------------------------
                         slack                                  0.023    





Pulse Width Checks
--------------------------------------------------------------------------------------
Clock Name:         clk_fpga_0
Waveform(ns):       { 0.000 5.000 }
Period(ns):         10.000
Sources:            { top_i/zynq_ps/inst/PS7_i/FCLKCLK[0] }

Check Type        Corner  Lib Pin             Reference Pin  Required(ns)  Actual(ns)  Slack(ns)  Location       Pin
Min Period        n/a     DSP48E1/CLK         n/a            3.884         10.000      6.116      DSP48_X2Y47    top_i/StreamingDataflowPartition_1/inst/StreamingDataflowPartition_1_MVAU_hls_0/StreamingDataflowPartition_1_MVAU_hls_0/inst/grp_Matrix_Vector_Activate_Stream_Batch_fu_60/trunc_ln840_reg_886_reg/CLK
Min Period        n/a     RAMB36E1/CLKARDCLK  n/a            2.944         10.000      7.056      RAMB36_X1Y1    top_i/StreamingDataflowPartition_1/inst/StreamingDataflowPartition_1_MVAU_hls_2/StreamingDataflowPartition_1_MVAU_hls_2_wstrm/inst/core/mem/blkStage2.Mem_reg_0/CLKARDCLK
Min Period        n/a     RAMB36E1/CLKBWRCLK  n/a            2.944         10.000      7.056      RAMB36_X1Y1    top_i/StreamingDataflowPartition_1/inst/StreamingDataflowPartition_1_MVAU_hls_2/StreamingDataflowPartition_1_MVAU_hls_2_wstrm/inst/core/mem/blkStage2.Mem_reg_0/CLKBWRCLK
Min Period        n/a     RAMB36E1/CLKARDCLK  n/a            2.944         10.000      7.056      RAMB36_X0Y6    top_i/StreamingDataflowPartition_1/inst/StreamingDataflowPartition_1_MVAU_hls_2/StreamingDataflowPartition_1_MVAU_hls_2_wstrm/inst/core/mem/blkStage2.Mem_reg_1/CLKARDCLK
Min Period        n/a     RAMB36E1/CLKBWRCLK  n/a            2.944         10.000      7.056      RAMB36_X0Y6    top_i/StreamingDataflowPartition_1/inst/StreamingDataflowPartition_1_MVAU_hls_2/StreamingDataflowPartition_1_MVAU_hls_2_wstrm/inst/core/mem/blkStage2.Mem_reg_1/CLKBWRCLK
Min Period        n/a     RAMB36E1/CLKARDCLK  n/a            2.944         10.000      7.056      RAMB36_X4Y18   top_i/StreamingDataflowPartition_1/inst/StreamingDataflowPartition_1_MVAU_hls_3/StreamingDataflowPartition_1_MVAU_hls_3_wstrm/inst/core/mem/blkStage2.Mem_reg_0/CLKARDCLK
Min Period        n/a     RAMB36E1/CLKBWRCLK  n/a            2.944         10.000      7.056      RAMB36_X4Y18   top_i/StreamingDataflowPartition_1/inst/StreamingDataflowPartition_1_MVAU_hls_3/StreamingDataflowPartition_1_MVAU_hls_3_wstrm/inst/core/mem/blkStage2.Mem_reg_0/CLKBWRCLK
Min Period        n/a     RAMB36E1/CLKARDCLK  n/a            2.944         10.000      7.056      RAMB36_X4Y19   top_i/StreamingDataflowPartition_1/inst/StreamingDataflowPartition_1_MVAU_hls_3/StreamingDataflowPartition_1_MVAU_hls_3_wstrm/inst/core/mem/blkStage2.Mem_reg_1/CLKARDCLK
Min Period        n/a     RAMB36E1/CLKBWRCLK  n/a            2.944         10.000      7.056      RAMB36_X4Y19   top_i/StreamingDataflowPartition_1/inst/StreamingDataflowPartition_1_MVAU_hls_3/StreamingDataflowPartition_1_MVAU_hls_3_wstrm/inst/core/mem/blkStage2.Mem_reg_1/CLKBWRCLK
Min Period        n/a     RAMB36E1/CLKARDCLK  n/a            2.944         10.000      7.056      RAMB36_X4Y24   top_i/StreamingDataflowPartition_1/inst/StreamingDataflowPartition_1_MVAU_hls_4/StreamingDataflowPartition_1_MVAU_hls_4_wstrm/inst/core/mem/blkStage2.Mem_reg_0/CLKARDCLK
Low Pulse Width   Slow    RAMD32/CLK          n/a            1.250         5.000       3.750      SLICE_X46Y121  top_i/StreamingDataflowPartition_1/inst/StreamingDataflowPartition_1_ConvolutionInputGenerator_rtl_0/inst/impl/window_buffer_inst/Ram_reg_0_3_0_3/RAMA/CLK
Low Pulse Width   Fast    RAMD32/CLK          n/a            1.250         5.000       3.750      SLICE_X46Y121  top_i/StreamingDataflowPartition_1/inst/StreamingDataflowPartition_1_ConvolutionInputGenerator_rtl_0/inst/impl/window_buffer_inst/Ram_reg_0_3_0_3/RAMA/CLK
Low Pulse Width   Slow    RAMD32/CLK          n/a            1.250         5.000       3.750      SLICE_X46Y121  top_i/StreamingDataflowPartition_1/inst/StreamingDataflowPartition_1_ConvolutionInputGenerator_rtl_0/inst/impl/window_buffer_inst/Ram_reg_0_3_0_3/RAMA_D1/CLK
Low Pulse Width   Fast    RAMD32/CLK          n/a            1.250         5.000       3.750      SLICE_X46Y121  top_i/StreamingDataflowPartition_1/inst/StreamingDataflowPartition_1_ConvolutionInputGenerator_rtl_0/inst/impl/window_buffer_inst/Ram_reg_0_3_0_3/RAMA_D1/CLK
Low Pulse Width   Slow    RAMD32/CLK          n/a            1.250         5.000       3.750      SLICE_X46Y121  top_i/StreamingDataflowPartition_1/inst/StreamingDataflowPartition_1_ConvolutionInputGenerator_rtl_0/inst/impl/window_buffer_inst/Ram_reg_0_3_0_3/RAMB/CLK
Low Pulse Width   Fast    RAMD32/CLK          n/a            1.250         5.000       3.750      SLICE_X46Y121  top_i/StreamingDataflowPartition_1/inst/StreamingDataflowPartition_1_ConvolutionInputGenerator_rtl_0/inst/impl/window_buffer_inst/Ram_reg_0_3_0_3/RAMB/CLK
Low Pulse Width   Slow    RAMD32/CLK          n/a            1.250         5.000       3.750      SLICE_X46Y121  top_i/StreamingDataflowPartition_1/inst/StreamingDataflowPartition_1_ConvolutionInputGenerator_rtl_0/inst/impl/window_buffer_inst/Ram_reg_0_3_0_3/RAMB_D1/CLK
Low Pulse Width   Fast    RAMD32/CLK          n/a            1.250         5.000       3.750      SLICE_X46Y121  top_i/StreamingDataflowPartition_1/inst/StreamingDataflowPartition_1_ConvolutionInputGenerator_rtl_0/inst/impl/window_buffer_inst/Ram_reg_0_3_0_3/RAMB_D1/CLK
Low Pulse Width   Slow    RAMD32/CLK          n/a            1.250         5.000       3.750      SLICE_X46Y121  top_i/StreamingDataflowPartition_1/inst/StreamingDataflowPartition_1_ConvolutionInputGenerator_rtl_0/inst/impl/window_buffer_inst/Ram_reg_0_3_0_3/RAMC/CLK
Low Pulse Width   Fast    RAMD32/CLK          n/a            1.250         5.000       3.750      SLICE_X46Y121  top_i/StreamingDataflowPartition_1/inst/StreamingDataflowPartition_1_ConvolutionInputGenerator_rtl_0/inst/impl/window_buffer_inst/Ram_reg_0_3_0_3/RAMC/CLK
High Pulse Width  Slow    RAMD32/CLK          n/a            1.250         5.000       3.750      SLICE_X46Y121  top_i/StreamingDataflowPartition_1/inst/StreamingDataflowPartition_1_ConvolutionInputGenerator_rtl_0/inst/impl/window_buffer_inst/Ram_reg_0_3_0_3/RAMA/CLK
High Pulse Width  Fast    RAMD32/CLK          n/a            1.250         5.000       3.750      SLICE_X46Y121  top_i/StreamingDataflowPartition_1/inst/StreamingDataflowPartition_1_ConvolutionInputGenerator_rtl_0/inst/impl/window_buffer_inst/Ram_reg_0_3_0_3/RAMA/CLK
High Pulse Width  Slow    RAMD32/CLK          n/a            1.250         5.000       3.750      SLICE_X46Y121  top_i/StreamingDataflowPartition_1/inst/StreamingDataflowPartition_1_ConvolutionInputGenerator_rtl_0/inst/impl/window_buffer_inst/Ram_reg_0_3_0_3/RAMA_D1/CLK
High Pulse Width  Fast    RAMD32/CLK          n/a            1.250         5.000       3.750      SLICE_X46Y121  top_i/StreamingDataflowPartition_1/inst/StreamingDataflowPartition_1_ConvolutionInputGenerator_rtl_0/inst/impl/window_buffer_inst/Ram_reg_0_3_0_3/RAMA_D1/CLK
High Pulse Width  Slow    RAMD32/CLK          n/a            1.250         5.000       3.750      SLICE_X46Y121  top_i/StreamingDataflowPartition_1/inst/StreamingDataflowPartition_1_ConvolutionInputGenerator_rtl_0/inst/impl/window_buffer_inst/Ram_reg_0_3_0_3/RAMB/CLK
High Pulse Width  Fast    RAMD32/CLK          n/a            1.250         5.000       3.750      SLICE_X46Y121  top_i/StreamingDataflowPartition_1/inst/StreamingDataflowPartition_1_ConvolutionInputGenerator_rtl_0/inst/impl/window_buffer_inst/Ram_reg_0_3_0_3/RAMB/CLK
High Pulse Width  Slow    RAMD32/CLK          n/a            1.250         5.000       3.750      SLICE_X46Y121  top_i/StreamingDataflowPartition_1/inst/StreamingDataflowPartition_1_ConvolutionInputGenerator_rtl_0/inst/impl/window_buffer_inst/Ram_reg_0_3_0_3/RAMB_D1/CLK
High Pulse Width  Fast    RAMD32/CLK          n/a            1.250         5.000       3.750      SLICE_X46Y121  top_i/StreamingDataflowPartition_1/inst/StreamingDataflowPartition_1_ConvolutionInputGenerator_rtl_0/inst/impl/window_buffer_inst/Ram_reg_0_3_0_3/RAMB_D1/CLK
High Pulse Width  Slow    RAMD32/CLK          n/a            1.250         5.000       3.750      SLICE_X46Y121  top_i/StreamingDataflowPartition_1/inst/StreamingDataflowPartition_1_ConvolutionInputGenerator_rtl_0/inst/impl/window_buffer_inst/Ram_reg_0_3_0_3/RAMC/CLK
High Pulse Width  Fast    RAMD32/CLK          n/a            1.250         5.000       3.750      SLICE_X46Y121  top_i/StreamingDataflowPartition_1/inst/StreamingDataflowPartition_1_ConvolutionInputGenerator_rtl_0/inst/impl/window_buffer_inst/Ram_reg_0_3_0_3/RAMC/CLK



--------------------------------------------------------------------------------------
Path Group:  (none)
From Clock:  
  To Clock:  clk_fpga_0

Max Delay             1 Endpoint
Min Delay             1 Endpoint
--------------------------------------------------------------------------------------


Max Delay Paths
--------------------------------------------------------------------------------------
Slack:                    inf
  Source:                 top_i/zynq_ps/inst/PS7_i/FCLKRESETN[0]
                            (internal pin)
  Destination:            top_i/rst_zynq_ps_100M/U0/EXT_LPF/ACTIVE_LOW_EXT.ACT_LO_EXT/GENERATE_LEVEL_P_S_CDC.SINGLE_BIT.CROSS_PLEVEL_IN2SCNDRY_IN_cdc_to/D
                            (rising edge-triggered cell FDRE clocked by clk_fpga_0  {rise@0.000ns fall@5.000ns period=10.000ns})
  Path Group:             (none)
  Path Type:              Setup (Max at Slow Process Corner)
  Data Path Delay:        2.841ns  (logic 0.124ns (4.365%)  route 2.717ns (95.635%))
  Logic Levels:           1  (LUT1=1)
  Clock Uncertainty:      0.152ns  ((TSJ^2 + TIJ^2)^1/2 + DJ) / 2 + PE
    Total System Jitter     (TSJ):    0.050ns
    Total Input Jitter      (TIJ):    0.300ns
    Discrete Jitter          (DJ):    0.000ns
    Phase Error              (PE):    0.000ns
  Timing Exception:       False Path

    Location             Delay type                Incr(ns)  Path(ns)    Netlist Resource(s)
  -------------------------------------------------------------------    -------------------
    PS7_X0Y0             PS7                          0.000     0.000 f  top_i/zynq_ps/inst/PS7_i/FCLKRESETN[0]
                         net (fo=1, routed)           2.039     2.039    top_i/rst_zynq_ps_100M/U0/EXT_LPF/ACTIVE_LOW_EXT.ACT_LO_EXT/ext_reset_in
    SLICE_X28Y129        LUT1 (Prop_lut1_I0_O)        0.124     2.163 r  top_i/rst_zynq_ps_100M/U0/EXT_LPF/ACTIVE_LOW_EXT.ACT_LO_EXT/GENERATE_LEVEL_P_S_CDC.SINGLE_BIT.CROSS_PLEVEL_IN2SCNDRY_IN_cdc_to_i_1/O
                         net (fo=1, routed)           0.678     2.841    top_i/rst_zynq_ps_100M/U0/EXT_LPF/ACTIVE_LOW_EXT.ACT_LO_EXT/exr_d1
    SLICE_X32Y130        FDRE                                         r  top_i/rst_zynq_ps_100M/U0/EXT_LPF/ACTIVE_LOW_EXT.ACT_LO_EXT/GENERATE_LEVEL_P_S_CDC.SINGLE_BIT.CROSS_PLEVEL_IN2SCNDRY_IN_cdc_to/D
  -------------------------------------------------------------------    -------------------

                         (clock clk_fpga_0 rise edge)
                                                      0.000     0.000 r  
    PS7_X0Y0             PS7                          0.000     0.000 r  top_i/zynq_ps/inst/PS7_i/FCLKCLK[0]
                         net (fo=1, routed)           1.088     1.088    top_i/zynq_ps/inst/FCLK_CLK_unbuffered[0]
    BUFGCTRL_X0Y16       BUFG (Prop_bufg_I_O)         0.091     1.179 r  top_i/zynq_ps/inst/buffer_fclk_clk_0.FCLK_CLK_0_BUFG/O
                         net (fo=32227, routed)       1.642     2.821    top_i/rst_zynq_ps_100M/U0/EXT_LPF/ACTIVE_LOW_EXT.ACT_LO_EXT/slowest_sync_clk
    SLICE_X32Y130        FDRE                                         r  top_i/rst_zynq_ps_100M/U0/EXT_LPF/ACTIVE_LOW_EXT.ACT_LO_EXT/GENERATE_LEVEL_P_S_CDC.SINGLE_BIT.CROSS_PLEVEL_IN2SCNDRY_IN_cdc_to/C





Min Delay Paths
--------------------------------------------------------------------------------------
Slack:                    inf
  Source:                 top_i/zynq_ps/inst/PS7_i/FCLKRESETN[0]
                            (internal pin)
  Destination:            top_i/rst_zynq_ps_100M/U0/EXT_LPF/ACTIVE_LOW_EXT.ACT_LO_EXT/GENERATE_LEVEL_P_S_CDC.SINGLE_BIT.CROSS_PLEVEL_IN2SCNDRY_IN_cdc_to/D
                            (rising edge-triggered cell FDRE clocked by clk_fpga_0  {rise@0.000ns fall@5.000ns period=10.000ns})
  Path Group:             (none)
  Path Type:              Hold (Min at Fast Process Corner)
  Data Path Delay:        1.164ns  (logic 0.045ns (3.866%)  route 1.119ns (96.134%))
  Logic Levels:           1  (LUT1=1)
  Clock Uncertainty:      0.152ns  ((TSJ^2 + TIJ^2)^1/2 + DJ) / 2 + PE
    Total System Jitter     (TSJ):    0.050ns
    Total Input Jitter      (TIJ):    0.300ns
    Discrete Jitter          (DJ):    0.000ns
    Phase Error              (PE):    0.000ns
  Timing Exception:       False Path

    Location             Delay type                Incr(ns)  Path(ns)    Netlist Resource(s)
  -------------------------------------------------------------------    -------------------
    PS7_X0Y0             PS7                          0.000     0.000 f  top_i/zynq_ps/inst/PS7_i/FCLKRESETN[0]
                         net (fo=1, routed)           0.829     0.829    top_i/rst_zynq_ps_100M/U0/EXT_LPF/ACTIVE_LOW_EXT.ACT_LO_EXT/ext_reset_in
    SLICE_X28Y129        LUT1 (Prop_lut1_I0_O)        0.045     0.874 r  top_i/rst_zynq_ps_100M/U0/EXT_LPF/ACTIVE_LOW_EXT.ACT_LO_EXT/GENERATE_LEVEL_P_S_CDC.SINGLE_BIT.CROSS_PLEVEL_IN2SCNDRY_IN_cdc_to_i_1/O
                         net (fo=1, routed)           0.290     1.164    top_i/rst_zynq_ps_100M/U0/EXT_LPF/ACTIVE_LOW_EXT.ACT_LO_EXT/exr_d1
    SLICE_X32Y130        FDRE                                         r  top_i/rst_zynq_ps_100M/U0/EXT_LPF/ACTIVE_LOW_EXT.ACT_LO_EXT/GENERATE_LEVEL_P_S_CDC.SINGLE_BIT.CROSS_PLEVEL_IN2SCNDRY_IN_cdc_to/D
  -------------------------------------------------------------------    -------------------

                         (clock clk_fpga_0 rise edge)
                                                      0.000     0.000 r  
    PS7_X0Y0             PS7                          0.000     0.000 r  top_i/zynq_ps/inst/PS7_i/FCLKCLK[0]
                         net (fo=1, routed)           0.337     0.337    top_i/zynq_ps/inst/FCLK_CLK_unbuffered[0]
    BUFGCTRL_X0Y16       BUFG (Prop_bufg_I_O)         0.029     0.366 r  top_i/zynq_ps/inst/buffer_fclk_clk_0.FCLK_CLK_0_BUFG/O
                         net (fo=32227, routed)       0.901     1.267    top_i/rst_zynq_ps_100M/U0/EXT_LPF/ACTIVE_LOW_EXT.ACT_LO_EXT/slowest_sync_clk
    SLICE_X32Y130        FDRE                                         r  top_i/rst_zynq_ps_100M/U0/EXT_LPF/ACTIVE_LOW_EXT.ACT_LO_EXT/GENERATE_LEVEL_P_S_CDC.SINGLE_BIT.CROSS_PLEVEL_IN2SCNDRY_IN_cdc_to/C





--------------------------------------------------------------------------------------
Path Group:  (none)
From Clock:  clk_fpga_0
  To Clock:  clk_fpga_0

Max Delay            70 Endpoints
Min Delay            70 Endpoints
--------------------------------------------------------------------------------------


Max Delay Paths
--------------------------------------------------------------------------------------
Slack:                    inf
  Source:                 top_i/rst_zynq_ps_100M/U0/ACTIVE_LOW_PR_OUT_DFF[0].FDRE_PER_N/C
                            (rising edge-triggered cell FDRE clocked by clk_fpga_0  {rise@0.000ns fall@5.000ns period=10.000ns})
  Destination:            top_i/smartconnect_0/inst/clk_map/psr_aclk/U0/EXT_LPF/ACTIVE_LOW_AUX.ACT_LO_AUX/GENERATE_LEVEL_P_S_CDC.SINGLE_BIT.CROSS_PLEVEL_IN2SCNDRY_IN_cdc_to/D
                            (rising edge-triggered cell FDRE clocked by clk_fpga_0  {rise@0.000ns fall@5.000ns period=10.000ns})
  Path Group:             (none)
  Path Type:              Setup (Max at Slow Process Corner)
  Data Path Delay:        8.183ns  (logic 0.580ns (7.088%)  route 7.603ns (92.912%))
  Logic Levels:           1  (LUT1=1)
  Clock Path Skew:        -0.357ns (DCD - SCD + CPR)
    Destination Clock Delay (DCD):    2.838ns
    Source Clock Delay      (SCD):    3.195ns
    Clock Pessimism Removal (CPR):    0.000ns
  Clock Uncertainty:      0.154ns  ((TSJ^2 + TIJ^2)^1/2 + DJ) / 2 + PE
    Total System Jitter     (TSJ):    0.071ns
    Total Input Jitter      (TIJ):    0.300ns
    Discrete Jitter          (DJ):    0.000ns
    Phase Error              (PE):    0.000ns
  Timing Exception:       False Path

    Location             Delay type                Incr(ns)  Path(ns)    Netlist Resource(s)
  -------------------------------------------------------------------    -------------------
                         (clock clk_fpga_0 rise edge)
                                                      0.000     0.000 r  
    PS7_X0Y0             PS7                          0.000     0.000 r  top_i/zynq_ps/inst/PS7_i/FCLKCLK[0]
                         net (fo=1, routed)           1.193     1.193    top_i/zynq_ps/inst/FCLK_CLK_unbuffered[0]
    BUFGCTRL_X0Y16       BUFG (Prop_bufg_I_O)         0.101     1.294 r  top_i/zynq_ps/inst/buffer_fclk_clk_0.FCLK_CLK_0_BUFG/O
                         net (fo=32227, routed)       1.901     3.195    top_i/rst_zynq_ps_100M/U0/slowest_sync_clk
    SLICE_X80Y119        FDRE                                         r  top_i/rst_zynq_ps_100M/U0/ACTIVE_LOW_PR_OUT_DFF[0].FDRE_PER_N/C
  -------------------------------------------------------------------    -------------------
    SLICE_X80Y119        FDRE (Prop_fdre_C_Q)         0.456     3.651 f  top_i/rst_zynq_ps_100M/U0/ACTIVE_LOW_PR_OUT_DFF[0].FDRE_PER_N/Q
                         net (fo=302, routed)         7.603    11.254    top_i/smartconnect_0/inst/clk_map/psr_aclk/U0/EXT_LPF/ACTIVE_LOW_AUX.ACT_LO_AUX/aresetn
    SLICE_X4Y2           LUT1 (Prop_lut1_I0_O)        0.124    11.378 r  top_i/smartconnect_0/inst/clk_map/psr_aclk/U0/EXT_LPF/ACTIVE_LOW_AUX.ACT_LO_AUX/GENERATE_LEVEL_P_S_CDC.SINGLE_BIT.CROSS_PLEVEL_IN2SCNDRY_IN_cdc_to_i_1/O
                         net (fo=1, routed)           0.000    11.378    top_i/smartconnect_0/inst/clk_map/psr_aclk/U0/EXT_LPF/ACTIVE_LOW_AUX.ACT_LO_AUX/asr_d1
    SLICE_X4Y2           FDRE                                         r  top_i/smartconnect_0/inst/clk_map/psr_aclk/U0/EXT_LPF/ACTIVE_LOW_AUX.ACT_LO_AUX/GENERATE_LEVEL_P_S_CDC.SINGLE_BIT.CROSS_PLEVEL_IN2SCNDRY_IN_cdc_to/D
  -------------------------------------------------------------------    -------------------

                         (clock clk_fpga_0 rise edge)
                                                      0.000     0.000 r  
    PS7_X0Y0             PS7                          0.000     0.000 r  top_i/zynq_ps/inst/PS7_i/FCLKCLK[0]
                         net (fo=1, routed)           1.088     1.088    top_i/zynq_ps/inst/FCLK_CLK_unbuffered[0]
    BUFGCTRL_X0Y16       BUFG (Prop_bufg_I_O)         0.091     1.179 r  top_i/zynq_ps/inst/buffer_fclk_clk_0.FCLK_CLK_0_BUFG/O
                         net (fo=32227, routed)       1.659     2.839    top_i/smartconnect_0/inst/clk_map/psr_aclk/U0/EXT_LPF/ACTIVE_LOW_AUX.ACT_LO_AUX/aclk
    SLICE_X4Y2           FDRE                                         r  top_i/smartconnect_0/inst/clk_map/psr_aclk/U0/EXT_LPF/ACTIVE_LOW_AUX.ACT_LO_AUX/GENERATE_LEVEL_P_S_CDC.SINGLE_BIT.CROSS_PLEVEL_IN2SCNDRY_IN_cdc_to/C

Slack:                    inf
  Source:                 top_i/smartconnect_0/inst/clk_map/psr_aclk/U0/ACTIVE_LOW_BSR_OUT_DFF[0].FDRE_BSR_N/C
                            (rising edge-triggered cell FDRE clocked by clk_fpga_0  {rise@0.000ns fall@5.000ns period=10.000ns})
  Destination:            top_i/smartconnect_0/inst/s01_nodes/s01_aw_node/inst/s_sc_xpm_cdc_async_rst_inst/arststages_ff_reg[0]/CLR
                            (recovery check against rising-edge clock clk_fpga_0  {rise@0.000ns fall@5.000ns period=10.000ns})
  Path Group:             (none)
  Path Type:              Recovery (Max at Slow Process Corner)
  Data Path Delay:        6.839ns  (logic 0.609ns (8.904%)  route 6.230ns (91.096%))
  Logic Levels:           1  (LUT1=1)
  Clock Path Skew:        -0.414ns (DCD - SCD + CPR)
    Destination Clock Delay (DCD):    2.717ns
    Source Clock Delay      (SCD):    3.131ns
    Clock Pessimism Removal (CPR):    0.000ns
  Clock Uncertainty:      0.154ns  ((TSJ^2 + TIJ^2)^1/2 + DJ) / 2 + PE
    Total System Jitter     (TSJ):    0.071ns
    Total Input Jitter      (TIJ):    0.300ns
    Discrete Jitter          (DJ):    0.000ns
    Phase Error              (PE):    0.000ns
  Timing Exception:       False Path

    Location             Delay type                Incr(ns)  Path(ns)    Netlist Resource(s)
  -------------------------------------------------------------------    -------------------
                         (clock clk_fpga_0 rise edge)
                                                      0.000     0.000 r  
    PS7_X0Y0             PS7                          0.000     0.000 r  top_i/zynq_ps/inst/PS7_i/FCLKCLK[0]
                         net (fo=1, routed)           1.193     1.193    top_i/zynq_ps/inst/FCLK_CLK_unbuffered[0]
    BUFGCTRL_X0Y16       BUFG (Prop_bufg_I_O)         0.101     1.294 r  top_i/zynq_ps/inst/buffer_fclk_clk_0.FCLK_CLK_0_BUFG/O
                         net (fo=32227, routed)       1.837     3.131    top_i/smartconnect_0/inst/clk_map/psr_aclk/U0/aclk
    SLICE_X5Y6           FDRE                                         r  top_i/smartconnect_0/inst/clk_map/psr_aclk/U0/ACTIVE_LOW_BSR_OUT_DFF[0].FDRE_BSR_N/C
  -------------------------------------------------------------------    -------------------
    SLICE_X5Y6           FDRE (Prop_fdre_C_Q)         0.456     3.587 r  top_i/smartconnect_0/inst/clk_map/psr_aclk/U0/ACTIVE_LOW_BSR_OUT_DFF[0].FDRE_BSR_N/Q
                         net (fo=22, routed)          5.594     9.181    top_i/smartconnect_0/inst/s01_nodes/s01_aw_node/inst/s_sc_xpm_cdc_async_rst_inst/src_arst
    SLICE_X62Y59         LUT1 (Prop_lut1_I0_O)        0.153     9.334 f  top_i/smartconnect_0/inst/s01_nodes/s01_aw_node/inst/s_sc_xpm_cdc_async_rst_inst/arststages_ff[2]_i_1/O
                         net (fo=3, routed)           0.636     9.970    top_i/smartconnect_0/inst/s01_nodes/s01_aw_node/inst/s_sc_xpm_cdc_async_rst_inst/reset_pol
    SLICE_X62Y59         FDCE                                         f  top_i/smartconnect_0/inst/s01_nodes/s01_aw_node/inst/s_sc_xpm_cdc_async_rst_inst/arststages_ff_reg[0]/CLR
  -------------------------------------------------------------------    -------------------

                         (clock clk_fpga_0 rise edge)
                                                      0.000     0.000 r  
    PS7_X0Y0             PS7                          0.000     0.000 r  top_i/zynq_ps/inst/PS7_i/FCLKCLK[0]
                         net (fo=1, routed)           1.088     1.088    top_i/zynq_ps/inst/FCLK_CLK_unbuffered[0]
    BUFGCTRL_X0Y16       BUFG (Prop_bufg_I_O)         0.091     1.179 r  top_i/zynq_ps/inst/buffer_fclk_clk_0.FCLK_CLK_0_BUFG/O
                         net (fo=32227, routed)       1.538     2.717    top_i/smartconnect_0/inst/s01_nodes/s01_aw_node/inst/s_sc_xpm_cdc_async_rst_inst/dest_clk
    SLICE_X62Y59         FDCE                                         r  top_i/smartconnect_0/inst/s01_nodes/s01_aw_node/inst/s_sc_xpm_cdc_async_rst_inst/arststages_ff_reg[0]/C

Slack:                    inf
  Source:                 top_i/smartconnect_0/inst/clk_map/psr_aclk/U0/ACTIVE_LOW_BSR_OUT_DFF[0].FDRE_BSR_N/C
                            (rising edge-triggered cell FDRE clocked by clk_fpga_0  {rise@0.000ns fall@5.000ns period=10.000ns})
  Destination:            top_i/smartconnect_0/inst/s01_nodes/s01_aw_node/inst/s_sc_xpm_cdc_async_rst_inst/arststages_ff_reg[1]/CLR
                            (recovery check against rising-edge clock clk_fpga_0  {rise@0.000ns fall@5.000ns period=10.000ns})
  Path Group:             (none)
  Path Type:              Recovery (Max at Slow Process Corner)
  Data Path Delay:        6.839ns  (logic 0.609ns (8.904%)  route 6.230ns (91.096%))
  Logic Levels:           1  (LUT1=1)
  Clock Path Skew:        -0.414ns (DCD - SCD + CPR)
    Destination Clock Delay (DCD):    2.717ns
    Source Clock Delay      (SCD):    3.131ns
    Clock Pessimism Removal (CPR):    0.000ns
  Clock Uncertainty:      0.154ns  ((TSJ^2 + TIJ^2)^1/2 + DJ) / 2 + PE
    Total System Jitter     (TSJ):    0.071ns
    Total Input Jitter      (TIJ):    0.300ns
    Discrete Jitter          (DJ):    0.000ns
    Phase Error              (PE):    0.000ns
  Timing Exception:       False Path

    Location             Delay type                Incr(ns)  Path(ns)    Netlist Resource(s)
  -------------------------------------------------------------------    -------------------
                         (clock clk_fpga_0 rise edge)
                                                      0.000     0.000 r  
    PS7_X0Y0             PS7                          0.000     0.000 r  top_i/zynq_ps/inst/PS7_i/FCLKCLK[0]
                         net (fo=1, routed)           1.193     1.193    top_i/zynq_ps/inst/FCLK_CLK_unbuffered[0]
    BUFGCTRL_X0Y16       BUFG (Prop_bufg_I_O)         0.101     1.294 r  top_i/zynq_ps/inst/buffer_fclk_clk_0.FCLK_CLK_0_BUFG/O
                         net (fo=32227, routed)       1.837     3.131    top_i/smartconnect_0/inst/clk_map/psr_aclk/U0/aclk
    SLICE_X5Y6           FDRE                                         r  top_i/smartconnect_0/inst/clk_map/psr_aclk/U0/ACTIVE_LOW_BSR_OUT_DFF[0].FDRE_BSR_N/C
  -------------------------------------------------------------------    -------------------
    SLICE_X5Y6           FDRE (Prop_fdre_C_Q)         0.456     3.587 r  top_i/smartconnect_0/inst/clk_map/psr_aclk/U0/ACTIVE_LOW_BSR_OUT_DFF[0].FDRE_BSR_N/Q
                         net (fo=22, routed)          5.594     9.181    top_i/smartconnect_0/inst/s01_nodes/s01_aw_node/inst/s_sc_xpm_cdc_async_rst_inst/src_arst
    SLICE_X62Y59         LUT1 (Prop_lut1_I0_O)        0.153     9.334 f  top_i/smartconnect_0/inst/s01_nodes/s01_aw_node/inst/s_sc_xpm_cdc_async_rst_inst/arststages_ff[2]_i_1/O
                         net (fo=3, routed)           0.636     9.970    top_i/smartconnect_0/inst/s01_nodes/s01_aw_node/inst/s_sc_xpm_cdc_async_rst_inst/reset_pol
    SLICE_X62Y59         FDCE                                         f  top_i/smartconnect_0/inst/s01_nodes/s01_aw_node/inst/s_sc_xpm_cdc_async_rst_inst/arststages_ff_reg[1]/CLR
  -------------------------------------------------------------------    -------------------

                         (clock clk_fpga_0 rise edge)
                                                      0.000     0.000 r  
    PS7_X0Y0             PS7                          0.000     0.000 r  top_i/zynq_ps/inst/PS7_i/FCLKCLK[0]
                         net (fo=1, routed)           1.088     1.088    top_i/zynq_ps/inst/FCLK_CLK_unbuffered[0]
    BUFGCTRL_X0Y16       BUFG (Prop_bufg_I_O)         0.091     1.179 r  top_i/zynq_ps/inst/buffer_fclk_clk_0.FCLK_CLK_0_BUFG/O
                         net (fo=32227, routed)       1.538     2.717    top_i/smartconnect_0/inst/s01_nodes/s01_aw_node/inst/s_sc_xpm_cdc_async_rst_inst/dest_clk
    SLICE_X62Y59         FDCE                                         r  top_i/smartconnect_0/inst/s01_nodes/s01_aw_node/inst/s_sc_xpm_cdc_async_rst_inst/arststages_ff_reg[1]/C

Slack:                    inf
  Source:                 top_i/smartconnect_0/inst/clk_map/psr_aclk/U0/ACTIVE_LOW_BSR_OUT_DFF[0].FDRE_BSR_N/C
                            (rising edge-triggered cell FDRE clocked by clk_fpga_0  {rise@0.000ns fall@5.000ns period=10.000ns})
  Destination:            top_i/smartconnect_0/inst/s01_nodes/s01_aw_node/inst/s_sc_xpm_cdc_async_rst_inst/arststages_ff_reg[2]/CLR
                            (recovery check against rising-edge clock clk_fpga_0  {rise@0.000ns fall@5.000ns period=10.000ns})
  Path Group:             (none)
  Path Type:              Recovery (Max at Slow Process Corner)
  Data Path Delay:        6.839ns  (logic 0.609ns (8.904%)  route 6.230ns (91.096%))
  Logic Levels:           1  (LUT1=1)
  Clock Path Skew:        -0.414ns (DCD - SCD + CPR)
    Destination Clock Delay (DCD):    2.717ns
    Source Clock Delay      (SCD):    3.131ns
    Clock Pessimism Removal (CPR):    0.000ns
  Clock Uncertainty:      0.154ns  ((TSJ^2 + TIJ^2)^1/2 + DJ) / 2 + PE
    Total System Jitter     (TSJ):    0.071ns
    Total Input Jitter      (TIJ):    0.300ns
    Discrete Jitter          (DJ):    0.000ns
    Phase Error              (PE):    0.000ns
  Timing Exception:       False Path

    Location             Delay type                Incr(ns)  Path(ns)    Netlist Resource(s)
  -------------------------------------------------------------------    -------------------
                         (clock clk_fpga_0 rise edge)
                                                      0.000     0.000 r  
    PS7_X0Y0             PS7                          0.000     0.000 r  top_i/zynq_ps/inst/PS7_i/FCLKCLK[0]
                         net (fo=1, routed)           1.193     1.193    top_i/zynq_ps/inst/FCLK_CLK_unbuffered[0]
    BUFGCTRL_X0Y16       BUFG (Prop_bufg_I_O)         0.101     1.294 r  top_i/zynq_ps/inst/buffer_fclk_clk_0.FCLK_CLK_0_BUFG/O
                         net (fo=32227, routed)       1.837     3.131    top_i/smartconnect_0/inst/clk_map/psr_aclk/U0/aclk
    SLICE_X5Y6           FDRE                                         r  top_i/smartconnect_0/inst/clk_map/psr_aclk/U0/ACTIVE_LOW_BSR_OUT_DFF[0].FDRE_BSR_N/C
  -------------------------------------------------------------------    -------------------
    SLICE_X5Y6           FDRE (Prop_fdre_C_Q)         0.456     3.587 r  top_i/smartconnect_0/inst/clk_map/psr_aclk/U0/ACTIVE_LOW_BSR_OUT_DFF[0].FDRE_BSR_N/Q
                         net (fo=22, routed)          5.594     9.181    top_i/smartconnect_0/inst/s01_nodes/s01_aw_node/inst/s_sc_xpm_cdc_async_rst_inst/src_arst
    SLICE_X62Y59         LUT1 (Prop_lut1_I0_O)        0.153     9.334 f  top_i/smartconnect_0/inst/s01_nodes/s01_aw_node/inst/s_sc_xpm_cdc_async_rst_inst/arststages_ff[2]_i_1/O
                         net (fo=3, routed)           0.636     9.970    top_i/smartconnect_0/inst/s01_nodes/s01_aw_node/inst/s_sc_xpm_cdc_async_rst_inst/reset_pol
    SLICE_X62Y59         FDCE                                         f  top_i/smartconnect_0/inst/s01_nodes/s01_aw_node/inst/s_sc_xpm_cdc_async_rst_inst/arststages_ff_reg[2]/CLR
  -------------------------------------------------------------------    -------------------

                         (clock clk_fpga_0 rise edge)
                                                      0.000     0.000 r  
    PS7_X0Y0             PS7                          0.000     0.000 r  top_i/zynq_ps/inst/PS7_i/FCLKCLK[0]
                         net (fo=1, routed)           1.088     1.088    top_i/zynq_ps/inst/FCLK_CLK_unbuffered[0]
    BUFGCTRL_X0Y16       BUFG (Prop_bufg_I_O)         0.091     1.179 r  top_i/zynq_ps/inst/buffer_fclk_clk_0.FCLK_CLK_0_BUFG/O
                         net (fo=32227, routed)       1.538     2.717    top_i/smartconnect_0/inst/s01_nodes/s01_aw_node/inst/s_sc_xpm_cdc_async_rst_inst/dest_clk
    SLICE_X62Y59         FDCE                                         r  top_i/smartconnect_0/inst/s01_nodes/s01_aw_node/inst/s_sc_xpm_cdc_async_rst_inst/arststages_ff_reg[2]/C

Slack:                    inf
  Source:                 top_i/smartconnect_0/inst/clk_map/psr_aclk/U0/ACTIVE_LOW_BSR_OUT_DFF[0].FDRE_BSR_N/C
                            (rising edge-triggered cell FDRE clocked by clk_fpga_0  {rise@0.000ns fall@5.000ns period=10.000ns})
  Destination:            top_i/smartconnect_0/inst/s01_entry_pipeline/s01_mmu/inst/xpm_cdc_async_rst_inst/arststages_ff_reg[0]/CLR
                            (recovery check against rising-edge clock clk_fpga_0  {rise@0.000ns fall@5.000ns period=10.000ns})
  Path Group:             (none)
  Path Type:              Recovery (Max at Slow Process Corner)
  Data Path Delay:        6.751ns  (logic 0.580ns (8.592%)  route 6.171ns (91.408%))
  Logic Levels:           1  (LUT1=1)
  Clock Path Skew:        -0.414ns (DCD - SCD + CPR)
    Destination Clock Delay (DCD):    2.717ns
    Source Clock Delay      (SCD):    3.131ns
    Clock Pessimism Removal (CPR):    0.000ns
  Clock Uncertainty:      0.154ns  ((TSJ^2 + TIJ^2)^1/2 + DJ) / 2 + PE
    Total System Jitter     (TSJ):    0.071ns
    Total Input Jitter      (TIJ):    0.300ns
    Discrete Jitter          (DJ):    0.000ns
    Phase Error              (PE):    0.000ns
  Timing Exception:       False Path

    Location             Delay type                Incr(ns)  Path(ns)    Netlist Resource(s)
  -------------------------------------------------------------------    -------------------
                         (clock clk_fpga_0 rise edge)
                                                      0.000     0.000 r  
    PS7_X0Y0             PS7                          0.000     0.000 r  top_i/zynq_ps/inst/PS7_i/FCLKCLK[0]
                         net (fo=1, routed)           1.193     1.193    top_i/zynq_ps/inst/FCLK_CLK_unbuffered[0]
    BUFGCTRL_X0Y16       BUFG (Prop_bufg_I_O)         0.101     1.294 r  top_i/zynq_ps/inst/buffer_fclk_clk_0.FCLK_CLK_0_BUFG/O
                         net (fo=32227, routed)       1.837     3.131    top_i/smartconnect_0/inst/clk_map/psr_aclk/U0/aclk
    SLICE_X5Y6           FDRE                                         r  top_i/smartconnect_0/inst/clk_map/psr_aclk/U0/ACTIVE_LOW_BSR_OUT_DFF[0].FDRE_BSR_N/C
  -------------------------------------------------------------------    -------------------
    SLICE_X5Y6           FDRE (Prop_fdre_C_Q)         0.456     3.587 r  top_i/smartconnect_0/inst/clk_map/psr_aclk/U0/ACTIVE_LOW_BSR_OUT_DFF[0].FDRE_BSR_N/Q
                         net (fo=22, routed)          5.594     9.181    top_i/smartconnect_0/inst/s01_entry_pipeline/s01_mmu/inst/xpm_cdc_async_rst_inst/src_arst
    SLICE_X62Y59         LUT1 (Prop_lut1_I0_O)        0.124     9.305 f  top_i/smartconnect_0/inst/s01_entry_pipeline/s01_mmu/inst/xpm_cdc_async_rst_inst/arststages_ff[2]_i_1/O
                         net (fo=3, routed)           0.576     9.882    top_i/smartconnect_0/inst/s01_entry_pipeline/s01_mmu/inst/xpm_cdc_async_rst_inst/reset_pol
    SLICE_X63Y59         FDCE                                         f  top_i/smartconnect_0/inst/s01_entry_pipeline/s01_mmu/inst/xpm_cdc_async_rst_inst/arststages_ff_reg[0]/CLR
  -------------------------------------------------------------------    -------------------

                         (clock clk_fpga_0 rise edge)
                                                      0.000     0.000 r  
    PS7_X0Y0             PS7                          0.000     0.000 r  top_i/zynq_ps/inst/PS7_i/FCLKCLK[0]
                         net (fo=1, routed)           1.088     1.088    top_i/zynq_ps/inst/FCLK_CLK_unbuffered[0]
    BUFGCTRL_X0Y16       BUFG (Prop_bufg_I_O)         0.091     1.179 r  top_i/zynq_ps/inst/buffer_fclk_clk_0.FCLK_CLK_0_BUFG/O
                         net (fo=32227, routed)       1.538     2.717    top_i/smartconnect_0/inst/s01_entry_pipeline/s01_mmu/inst/xpm_cdc_async_rst_inst/dest_clk
    SLICE_X63Y59         FDCE                                         r  top_i/smartconnect_0/inst/s01_entry_pipeline/s01_mmu/inst/xpm_cdc_async_rst_inst/arststages_ff_reg[0]/C

Slack:                    inf
  Source:                 top_i/smartconnect_0/inst/clk_map/psr_aclk/U0/ACTIVE_LOW_BSR_OUT_DFF[0].FDRE_BSR_N/C
                            (rising edge-triggered cell FDRE clocked by clk_fpga_0  {rise@0.000ns fall@5.000ns period=10.000ns})
  Destination:            top_i/smartconnect_0/inst/s01_entry_pipeline/s01_mmu/inst/xpm_cdc_async_rst_inst/arststages_ff_reg[1]/CLR
                            (recovery check against rising-edge clock clk_fpga_0  {rise@0.000ns fall@5.000ns period=10.000ns})
  Path Group:             (none)
  Path Type:              Recovery (Max at Slow Process Corner)
  Data Path Delay:        6.751ns  (logic 0.580ns (8.592%)  route 6.171ns (91.408%))
  Logic Levels:           1  (LUT1=1)
  Clock Path Skew:        -0.414ns (DCD - SCD + CPR)
    Destination Clock Delay (DCD):    2.717ns
    Source Clock Delay      (SCD):    3.131ns
    Clock Pessimism Removal (CPR):    0.000ns
  Clock Uncertainty:      0.154ns  ((TSJ^2 + TIJ^2)^1/2 + DJ) / 2 + PE
    Total System Jitter     (TSJ):    0.071ns
    Total Input Jitter      (TIJ):    0.300ns
    Discrete Jitter          (DJ):    0.000ns
    Phase Error              (PE):    0.000ns
  Timing Exception:       False Path

    Location             Delay type                Incr(ns)  Path(ns)    Netlist Resource(s)
  -------------------------------------------------------------------    -------------------
                         (clock clk_fpga_0 rise edge)
                                                      0.000     0.000 r  
    PS7_X0Y0             PS7                          0.000     0.000 r  top_i/zynq_ps/inst/PS7_i/FCLKCLK[0]
                         net (fo=1, routed)           1.193     1.193    top_i/zynq_ps/inst/FCLK_CLK_unbuffered[0]
    BUFGCTRL_X0Y16       BUFG (Prop_bufg_I_O)         0.101     1.294 r  top_i/zynq_ps/inst/buffer_fclk_clk_0.FCLK_CLK_0_BUFG/O
                         net (fo=32227, routed)       1.837     3.131    top_i/smartconnect_0/inst/clk_map/psr_aclk/U0/aclk
    SLICE_X5Y6           FDRE                                         r  top_i/smartconnect_0/inst/clk_map/psr_aclk/U0/ACTIVE_LOW_BSR_OUT_DFF[0].FDRE_BSR_N/C
  -------------------------------------------------------------------    -------------------
    SLICE_X5Y6           FDRE (Prop_fdre_C_Q)         0.456     3.587 r  top_i/smartconnect_0/inst/clk_map/psr_aclk/U0/ACTIVE_LOW_BSR_OUT_DFF[0].FDRE_BSR_N/Q
                         net (fo=22, routed)          5.594     9.181    top_i/smartconnect_0/inst/s01_entry_pipeline/s01_mmu/inst/xpm_cdc_async_rst_inst/src_arst
    SLICE_X62Y59         LUT1 (Prop_lut1_I0_O)        0.124     9.305 f  top_i/smartconnect_0/inst/s01_entry_pipeline/s01_mmu/inst/xpm_cdc_async_rst_inst/arststages_ff[2]_i_1/O
                         net (fo=3, routed)           0.576     9.882    top_i/smartconnect_0/inst/s01_entry_pipeline/s01_mmu/inst/xpm_cdc_async_rst_inst/reset_pol
    SLICE_X63Y59         FDCE                                         f  top_i/smartconnect_0/inst/s01_entry_pipeline/s01_mmu/inst/xpm_cdc_async_rst_inst/arststages_ff_reg[1]/CLR
  -------------------------------------------------------------------    -------------------

                         (clock clk_fpga_0 rise edge)
                                                      0.000     0.000 r  
    PS7_X0Y0             PS7                          0.000     0.000 r  top_i/zynq_ps/inst/PS7_i/FCLKCLK[0]
                         net (fo=1, routed)           1.088     1.088    top_i/zynq_ps/inst/FCLK_CLK_unbuffered[0]
    BUFGCTRL_X0Y16       BUFG (Prop_bufg_I_O)         0.091     1.179 r  top_i/zynq_ps/inst/buffer_fclk_clk_0.FCLK_CLK_0_BUFG/O
                         net (fo=32227, routed)       1.538     2.717    top_i/smartconnect_0/inst/s01_entry_pipeline/s01_mmu/inst/xpm_cdc_async_rst_inst/dest_clk
    SLICE_X63Y59         FDCE                                         r  top_i/smartconnect_0/inst/s01_entry_pipeline/s01_mmu/inst/xpm_cdc_async_rst_inst/arststages_ff_reg[1]/C

Slack:                    inf
  Source:                 top_i/smartconnect_0/inst/clk_map/psr_aclk/U0/ACTIVE_LOW_BSR_OUT_DFF[0].FDRE_BSR_N/C
                            (rising edge-triggered cell FDRE clocked by clk_fpga_0  {rise@0.000ns fall@5.000ns period=10.000ns})
  Destination:            top_i/smartconnect_0/inst/s01_entry_pipeline/s01_mmu/inst/xpm_cdc_async_rst_inst/arststages_ff_reg[2]/CLR
                            (recovery check against rising-edge clock clk_fpga_0  {rise@0.000ns fall@5.000ns period=10.000ns})
  Path Group:             (none)
  Path Type:              Recovery (Max at Slow Process Corner)
  Data Path Delay:        6.751ns  (logic 0.580ns (8.592%)  route 6.171ns (91.408%))
  Logic Levels:           1  (LUT1=1)
  Clock Path Skew:        -0.414ns (DCD - SCD + CPR)
    Destination Clock Delay (DCD):    2.717ns
    Source Clock Delay      (SCD):    3.131ns
    Clock Pessimism Removal (CPR):    0.000ns
  Clock Uncertainty:      0.154ns  ((TSJ^2 + TIJ^2)^1/2 + DJ) / 2 + PE
    Total System Jitter     (TSJ):    0.071ns
    Total Input Jitter      (TIJ):    0.300ns
    Discrete Jitter          (DJ):    0.000ns
    Phase Error              (PE):    0.000ns
  Timing Exception:       False Path

    Location             Delay type                Incr(ns)  Path(ns)    Netlist Resource(s)
  -------------------------------------------------------------------    -------------------
                         (clock clk_fpga_0 rise edge)
                                                      0.000     0.000 r  
    PS7_X0Y0             PS7                          0.000     0.000 r  top_i/zynq_ps/inst/PS7_i/FCLKCLK[0]
                         net (fo=1, routed)           1.193     1.193    top_i/zynq_ps/inst/FCLK_CLK_unbuffered[0]
    BUFGCTRL_X0Y16       BUFG (Prop_bufg_I_O)         0.101     1.294 r  top_i/zynq_ps/inst/buffer_fclk_clk_0.FCLK_CLK_0_BUFG/O
                         net (fo=32227, routed)       1.837     3.131    top_i/smartconnect_0/inst/clk_map/psr_aclk/U0/aclk
    SLICE_X5Y6           FDRE                                         r  top_i/smartconnect_0/inst/clk_map/psr_aclk/U0/ACTIVE_LOW_BSR_OUT_DFF[0].FDRE_BSR_N/C
  -------------------------------------------------------------------    -------------------
    SLICE_X5Y6           FDRE (Prop_fdre_C_Q)         0.456     3.587 r  top_i/smartconnect_0/inst/clk_map/psr_aclk/U0/ACTIVE_LOW_BSR_OUT_DFF[0].FDRE_BSR_N/Q
                         net (fo=22, routed)          5.594     9.181    top_i/smartconnect_0/inst/s01_entry_pipeline/s01_mmu/inst/xpm_cdc_async_rst_inst/src_arst
    SLICE_X62Y59         LUT1 (Prop_lut1_I0_O)        0.124     9.305 f  top_i/smartconnect_0/inst/s01_entry_pipeline/s01_mmu/inst/xpm_cdc_async_rst_inst/arststages_ff[2]_i_1/O
                         net (fo=3, routed)           0.576     9.882    top_i/smartconnect_0/inst/s01_entry_pipeline/s01_mmu/inst/xpm_cdc_async_rst_inst/reset_pol
    SLICE_X63Y59         FDCE                                         f  top_i/smartconnect_0/inst/s01_entry_pipeline/s01_mmu/inst/xpm_cdc_async_rst_inst/arststages_ff_reg[2]/CLR
  -------------------------------------------------------------------    -------------------

                         (clock clk_fpga_0 rise edge)
                                                      0.000     0.000 r  
    PS7_X0Y0             PS7                          0.000     0.000 r  top_i/zynq_ps/inst/PS7_i/FCLKCLK[0]
                         net (fo=1, routed)           1.088     1.088    top_i/zynq_ps/inst/FCLK_CLK_unbuffered[0]
    BUFGCTRL_X0Y16       BUFG (Prop_bufg_I_O)         0.091     1.179 r  top_i/zynq_ps/inst/buffer_fclk_clk_0.FCLK_CLK_0_BUFG/O
                         net (fo=32227, routed)       1.538     2.717    top_i/smartconnect_0/inst/s01_entry_pipeline/s01_mmu/inst/xpm_cdc_async_rst_inst/dest_clk
    SLICE_X63Y59         FDCE                                         r  top_i/smartconnect_0/inst/s01_entry_pipeline/s01_mmu/inst/xpm_cdc_async_rst_inst/arststages_ff_reg[2]/C

Slack:                    inf
  Source:                 top_i/smartconnect_0/inst/clk_map/psr_aclk/U0/ACTIVE_LOW_BSR_OUT_DFF[0].FDRE_BSR_N/C
                            (rising edge-triggered cell FDRE clocked by clk_fpga_0  {rise@0.000ns fall@5.000ns period=10.000ns})
  Destination:            top_i/smartconnect_0/inst/s01_nodes/s01_w_node/inst/s_sc_xpm_cdc_async_rst_inst/arststages_ff_reg[0]/CLR
                            (recovery check against rising-edge clock clk_fpga_0  {rise@0.000ns fall@5.000ns period=10.000ns})
  Path Group:             (none)
  Path Type:              Recovery (Max at Slow Process Corner)
  Data Path Delay:        6.496ns  (logic 0.580ns (8.929%)  route 5.916ns (91.071%))
  Logic Levels:           1  (LUT1=1)
  Clock Path Skew:        -0.416ns (DCD - SCD + CPR)
    Destination Clock Delay (DCD):    2.715ns
    Source Clock Delay      (SCD):    3.131ns
    Clock Pessimism Removal (CPR):    0.000ns
  Clock Uncertainty:      0.154ns  ((TSJ^2 + TIJ^2)^1/2 + DJ) / 2 + PE
    Total System Jitter     (TSJ):    0.071ns
    Total Input Jitter      (TIJ):    0.300ns
    Discrete Jitter          (DJ):    0.000ns
    Phase Error              (PE):    0.000ns
  Timing Exception:       False Path

    Location             Delay type                Incr(ns)  Path(ns)    Netlist Resource(s)
  -------------------------------------------------------------------    -------------------
                         (clock clk_fpga_0 rise edge)
                                                      0.000     0.000 r  
    PS7_X0Y0             PS7                          0.000     0.000 r  top_i/zynq_ps/inst/PS7_i/FCLKCLK[0]
                         net (fo=1, routed)           1.193     1.193    top_i/zynq_ps/inst/FCLK_CLK_unbuffered[0]
    BUFGCTRL_X0Y16       BUFG (Prop_bufg_I_O)         0.101     1.294 r  top_i/zynq_ps/inst/buffer_fclk_clk_0.FCLK_CLK_0_BUFG/O
                         net (fo=32227, routed)       1.837     3.131    top_i/smartconnect_0/inst/clk_map/psr_aclk/U0/aclk
    SLICE_X5Y6           FDRE                                         r  top_i/smartconnect_0/inst/clk_map/psr_aclk/U0/ACTIVE_LOW_BSR_OUT_DFF[0].FDRE_BSR_N/C
  -------------------------------------------------------------------    -------------------
    SLICE_X5Y6           FDRE (Prop_fdre_C_Q)         0.456     3.587 r  top_i/smartconnect_0/inst/clk_map/psr_aclk/U0/ACTIVE_LOW_BSR_OUT_DFF[0].FDRE_BSR_N/Q
                         net (fo=22, routed)          5.302     8.889    top_i/smartconnect_0/inst/s01_nodes/s01_w_node/inst/s_sc_xpm_cdc_async_rst_inst/src_arst
    SLICE_X58Y57         LUT1 (Prop_lut1_I0_O)        0.124     9.013 f  top_i/smartconnect_0/inst/s01_nodes/s01_w_node/inst/s_sc_xpm_cdc_async_rst_inst/arststages_ff[2]_i_1/O
                         net (fo=3, routed)           0.613     9.627    top_i/smartconnect_0/inst/s01_nodes/s01_w_node/inst/s_sc_xpm_cdc_async_rst_inst/reset_pol
    SLICE_X58Y57         FDCE                                         f  top_i/smartconnect_0/inst/s01_nodes/s01_w_node/inst/s_sc_xpm_cdc_async_rst_inst/arststages_ff_reg[0]/CLR
  -------------------------------------------------------------------    -------------------

                         (clock clk_fpga_0 rise edge)
                                                      0.000     0.000 r  
    PS7_X0Y0             PS7                          0.000     0.000 r  top_i/zynq_ps/inst/PS7_i/FCLKCLK[0]
                         net (fo=1, routed)           1.088     1.088    top_i/zynq_ps/inst/FCLK_CLK_unbuffered[0]
    BUFGCTRL_X0Y16       BUFG (Prop_bufg_I_O)         0.091     1.179 r  top_i/zynq_ps/inst/buffer_fclk_clk_0.FCLK_CLK_0_BUFG/O
                         net (fo=32227, routed)       1.536     2.715    top_i/smartconnect_0/inst/s01_nodes/s01_w_node/inst/s_sc_xpm_cdc_async_rst_inst/dest_clk
    SLICE_X58Y57         FDCE                                         r  top_i/smartconnect_0/inst/s01_nodes/s01_w_node/inst/s_sc_xpm_cdc_async_rst_inst/arststages_ff_reg[0]/C

Slack:                    inf
  Source:                 top_i/smartconnect_0/inst/clk_map/psr_aclk/U0/ACTIVE_LOW_BSR_OUT_DFF[0].FDRE_BSR_N/C
                            (rising edge-triggered cell FDRE clocked by clk_fpga_0  {rise@0.000ns fall@5.000ns period=10.000ns})
  Destination:            top_i/smartconnect_0/inst/s01_nodes/s01_w_node/inst/s_sc_xpm_cdc_async_rst_inst/arststages_ff_reg[1]/CLR
                            (recovery check against rising-edge clock clk_fpga_0  {rise@0.000ns fall@5.000ns period=10.000ns})
  Path Group:             (none)
  Path Type:              Recovery (Max at Slow Process Corner)
  Data Path Delay:        6.496ns  (logic 0.580ns (8.929%)  route 5.916ns (91.071%))
  Logic Levels:           1  (LUT1=1)
  Clock Path Skew:        -0.416ns (DCD - SCD + CPR)
    Destination Clock Delay (DCD):    2.715ns
    Source Clock Delay      (SCD):    3.131ns
    Clock Pessimism Removal (CPR):    0.000ns
  Clock Uncertainty:      0.154ns  ((TSJ^2 + TIJ^2)^1/2 + DJ) / 2 + PE
    Total System Jitter     (TSJ):    0.071ns
    Total Input Jitter      (TIJ):    0.300ns
    Discrete Jitter          (DJ):    0.000ns
    Phase Error              (PE):    0.000ns
  Timing Exception:       False Path

    Location             Delay type                Incr(ns)  Path(ns)    Netlist Resource(s)
  -------------------------------------------------------------------    -------------------
                         (clock clk_fpga_0 rise edge)
                                                      0.000     0.000 r  
    PS7_X0Y0             PS7                          0.000     0.000 r  top_i/zynq_ps/inst/PS7_i/FCLKCLK[0]
                         net (fo=1, routed)           1.193     1.193    top_i/zynq_ps/inst/FCLK_CLK_unbuffered[0]
    BUFGCTRL_X0Y16       BUFG (Prop_bufg_I_O)         0.101     1.294 r  top_i/zynq_ps/inst/buffer_fclk_clk_0.FCLK_CLK_0_BUFG/O
                         net (fo=32227, routed)       1.837     3.131    top_i/smartconnect_0/inst/clk_map/psr_aclk/U0/aclk
    SLICE_X5Y6           FDRE                                         r  top_i/smartconnect_0/inst/clk_map/psr_aclk/U0/ACTIVE_LOW_BSR_OUT_DFF[0].FDRE_BSR_N/C
  -------------------------------------------------------------------    -------------------
    SLICE_X5Y6           FDRE (Prop_fdre_C_Q)         0.456     3.587 r  top_i/smartconnect_0/inst/clk_map/psr_aclk/U0/ACTIVE_LOW_BSR_OUT_DFF[0].FDRE_BSR_N/Q
                         net (fo=22, routed)          5.302     8.889    top_i/smartconnect_0/inst/s01_nodes/s01_w_node/inst/s_sc_xpm_cdc_async_rst_inst/src_arst
    SLICE_X58Y57         LUT1 (Prop_lut1_I0_O)        0.124     9.013 f  top_i/smartconnect_0/inst/s01_nodes/s01_w_node/inst/s_sc_xpm_cdc_async_rst_inst/arststages_ff[2]_i_1/O
                         net (fo=3, routed)           0.613     9.627    top_i/smartconnect_0/inst/s01_nodes/s01_w_node/inst/s_sc_xpm_cdc_async_rst_inst/reset_pol
    SLICE_X58Y57         FDCE                                         f  top_i/smartconnect_0/inst/s01_nodes/s01_w_node/inst/s_sc_xpm_cdc_async_rst_inst/arststages_ff_reg[1]/CLR
  -------------------------------------------------------------------    -------------------

                         (clock clk_fpga_0 rise edge)
                                                      0.000     0.000 r  
    PS7_X0Y0             PS7                          0.000     0.000 r  top_i/zynq_ps/inst/PS7_i/FCLKCLK[0]
                         net (fo=1, routed)           1.088     1.088    top_i/zynq_ps/inst/FCLK_CLK_unbuffered[0]
    BUFGCTRL_X0Y16       BUFG (Prop_bufg_I_O)         0.091     1.179 r  top_i/zynq_ps/inst/buffer_fclk_clk_0.FCLK_CLK_0_BUFG/O
                         net (fo=32227, routed)       1.536     2.715    top_i/smartconnect_0/inst/s01_nodes/s01_w_node/inst/s_sc_xpm_cdc_async_rst_inst/dest_clk
    SLICE_X58Y57         FDCE                                         r  top_i/smartconnect_0/inst/s01_nodes/s01_w_node/inst/s_sc_xpm_cdc_async_rst_inst/arststages_ff_reg[1]/C

Slack:                    inf
  Source:                 top_i/smartconnect_0/inst/clk_map/psr_aclk/U0/ACTIVE_LOW_BSR_OUT_DFF[0].FDRE_BSR_N/C
                            (rising edge-triggered cell FDRE clocked by clk_fpga_0  {rise@0.000ns fall@5.000ns period=10.000ns})
  Destination:            top_i/smartconnect_0/inst/s01_nodes/s01_w_node/inst/s_sc_xpm_cdc_async_rst_inst/arststages_ff_reg[2]/CLR
                            (recovery check against rising-edge clock clk_fpga_0  {rise@0.000ns fall@5.000ns period=10.000ns})
  Path Group:             (none)
  Path Type:              Recovery (Max at Slow Process Corner)
  Data Path Delay:        6.496ns  (logic 0.580ns (8.929%)  route 5.916ns (91.071%))
  Logic Levels:           1  (LUT1=1)
  Clock Path Skew:        -0.416ns (DCD - SCD + CPR)
    Destination Clock Delay (DCD):    2.715ns
    Source Clock Delay      (SCD):    3.131ns
    Clock Pessimism Removal (CPR):    0.000ns
  Clock Uncertainty:      0.154ns  ((TSJ^2 + TIJ^2)^1/2 + DJ) / 2 + PE
    Total System Jitter     (TSJ):    0.071ns
    Total Input Jitter      (TIJ):    0.300ns
    Discrete Jitter          (DJ):    0.000ns
    Phase Error              (PE):    0.000ns
  Timing Exception:       False Path

    Location             Delay type                Incr(ns)  Path(ns)    Netlist Resource(s)
  -------------------------------------------------------------------    -------------------
                         (clock clk_fpga_0 rise edge)
                                                      0.000     0.000 r  
    PS7_X0Y0             PS7                          0.000     0.000 r  top_i/zynq_ps/inst/PS7_i/FCLKCLK[0]
                         net (fo=1, routed)           1.193     1.193    top_i/zynq_ps/inst/FCLK_CLK_unbuffered[0]
    BUFGCTRL_X0Y16       BUFG (Prop_bufg_I_O)         0.101     1.294 r  top_i/zynq_ps/inst/buffer_fclk_clk_0.FCLK_CLK_0_BUFG/O
                         net (fo=32227, routed)       1.837     3.131    top_i/smartconnect_0/inst/clk_map/psr_aclk/U0/aclk
    SLICE_X5Y6           FDRE                                         r  top_i/smartconnect_0/inst/clk_map/psr_aclk/U0/ACTIVE_LOW_BSR_OUT_DFF[0].FDRE_BSR_N/C
  -------------------------------------------------------------------    -------------------
    SLICE_X5Y6           FDRE (Prop_fdre_C_Q)         0.456     3.587 r  top_i/smartconnect_0/inst/clk_map/psr_aclk/U0/ACTIVE_LOW_BSR_OUT_DFF[0].FDRE_BSR_N/Q
                         net (fo=22, routed)          5.302     8.889    top_i/smartconnect_0/inst/s01_nodes/s01_w_node/inst/s_sc_xpm_cdc_async_rst_inst/src_arst
    SLICE_X58Y57         LUT1 (Prop_lut1_I0_O)        0.124     9.013 f  top_i/smartconnect_0/inst/s01_nodes/s01_w_node/inst/s_sc_xpm_cdc_async_rst_inst/arststages_ff[2]_i_1/O
                         net (fo=3, routed)           0.613     9.627    top_i/smartconnect_0/inst/s01_nodes/s01_w_node/inst/s_sc_xpm_cdc_async_rst_inst/reset_pol
    SLICE_X58Y57         FDCE                                         f  top_i/smartconnect_0/inst/s01_nodes/s01_w_node/inst/s_sc_xpm_cdc_async_rst_inst/arststages_ff_reg[2]/CLR
  -------------------------------------------------------------------    -------------------

                         (clock clk_fpga_0 rise edge)
                                                      0.000     0.000 r  
    PS7_X0Y0             PS7                          0.000     0.000 r  top_i/zynq_ps/inst/PS7_i/FCLKCLK[0]
                         net (fo=1, routed)           1.088     1.088    top_i/zynq_ps/inst/FCLK_CLK_unbuffered[0]
    BUFGCTRL_X0Y16       BUFG (Prop_bufg_I_O)         0.091     1.179 r  top_i/zynq_ps/inst/buffer_fclk_clk_0.FCLK_CLK_0_BUFG/O
                         net (fo=32227, routed)       1.536     2.715    top_i/smartconnect_0/inst/s01_nodes/s01_w_node/inst/s_sc_xpm_cdc_async_rst_inst/dest_clk
    SLICE_X58Y57         FDCE                                         r  top_i/smartconnect_0/inst/s01_nodes/s01_w_node/inst/s_sc_xpm_cdc_async_rst_inst/arststages_ff_reg[2]/C





Min Delay Paths
--------------------------------------------------------------------------------------
Slack:                    inf
  Source:                 top_i/smartconnect_0/inst/clk_map/psr_aclk/U0/ACTIVE_LOW_BSR_OUT_DFF[0].FDRE_BSR_N/C
                            (rising edge-triggered cell FDRE clocked by clk_fpga_0  {rise@0.000ns fall@5.000ns period=10.000ns})
  Destination:            top_i/smartconnect_0/inst/s00_nodes/s00_b_node/inst/s_sc_xpm_cdc_async_rst_inst/arststages_ff_reg[0]/CLR
                            (removal check against rising-edge clock clk_fpga_0  {rise@0.000ns fall@5.000ns period=10.000ns})
  Path Group:             (none)
  Path Type:              Removal (Min at Fast Process Corner)
  Data Path Delay:        0.946ns  (logic 0.186ns (19.663%)  route 0.760ns (80.337%))
  Logic Levels:           1  (LUT1=1)
  Clock Path Skew:        0.298ns (DCD - SCD - CPR)
    Destination Clock Delay (DCD):    1.259ns
    Source Clock Delay      (SCD):    0.961ns
    Clock Pessimism Removal (CPR):    -0.000ns
  Clock Uncertainty:      0.154ns  ((TSJ^2 + TIJ^2)^1/2 + DJ) / 2 + PE
    Total System Jitter     (TSJ):    0.071ns
    Total Input Jitter      (TIJ):    0.300ns
    Discrete Jitter          (DJ):    0.000ns
    Phase Error              (PE):    0.000ns
  Timing Exception:       False Path

    Location             Delay type                Incr(ns)  Path(ns)    Netlist Resource(s)
  -------------------------------------------------------------------    -------------------
                         (clock clk_fpga_0 rise edge)
                                                      0.000     0.000 r  
    PS7_X0Y0             PS7                          0.000     0.000 r  top_i/zynq_ps/inst/PS7_i/FCLKCLK[0]
                         net (fo=1, routed)           0.310     0.310    top_i/zynq_ps/inst/FCLK_CLK_unbuffered[0]
    BUFGCTRL_X0Y16       BUFG (Prop_bufg_I_O)         0.026     0.336 r  top_i/zynq_ps/inst/buffer_fclk_clk_0.FCLK_CLK_0_BUFG/O
                         net (fo=32227, routed)       0.625     0.961    top_i/smartconnect_0/inst/clk_map/psr_aclk/U0/aclk
    SLICE_X5Y6           FDRE                                         r  top_i/smartconnect_0/inst/clk_map/psr_aclk/U0/ACTIVE_LOW_BSR_OUT_DFF[0].FDRE_BSR_N/C
  -------------------------------------------------------------------    -------------------
    SLICE_X5Y6           FDRE (Prop_fdre_C_Q)         0.141     1.102 r  top_i/smartconnect_0/inst/clk_map/psr_aclk/U0/ACTIVE_LOW_BSR_OUT_DFF[0].FDRE_BSR_N/Q
                         net (fo=22, routed)          0.428     1.529    top_i/smartconnect_0/inst/s00_nodes/s00_b_node/inst/s_sc_xpm_cdc_async_rst_inst/src_arst
    SLICE_X0Y11          LUT1 (Prop_lut1_I0_O)        0.045     1.574 f  top_i/smartconnect_0/inst/s00_nodes/s00_b_node/inst/s_sc_xpm_cdc_async_rst_inst/arststages_ff[2]_i_1/O
                         net (fo=3, routed)           0.332     1.906    top_i/smartconnect_0/inst/s00_nodes/s00_b_node/inst/s_sc_xpm_cdc_async_rst_inst/reset_pol
    SLICE_X0Y11          FDCE                                         f  top_i/smartconnect_0/inst/s00_nodes/s00_b_node/inst/s_sc_xpm_cdc_async_rst_inst/arststages_ff_reg[0]/CLR
  -------------------------------------------------------------------    -------------------

                         (clock clk_fpga_0 rise edge)
                                                      0.000     0.000 r  
    PS7_X0Y0             PS7                          0.000     0.000 r  top_i/zynq_ps/inst/PS7_i/FCLKCLK[0]
                         net (fo=1, routed)           0.337     0.337    top_i/zynq_ps/inst/FCLK_CLK_unbuffered[0]
    BUFGCTRL_X0Y16       BUFG (Prop_bufg_I_O)         0.029     0.366 r  top_i/zynq_ps/inst/buffer_fclk_clk_0.FCLK_CLK_0_BUFG/O
                         net (fo=32227, routed)       0.893     1.259    top_i/smartconnect_0/inst/s00_nodes/s00_b_node/inst/s_sc_xpm_cdc_async_rst_inst/dest_clk
    SLICE_X0Y11          FDCE                                         r  top_i/smartconnect_0/inst/s00_nodes/s00_b_node/inst/s_sc_xpm_cdc_async_rst_inst/arststages_ff_reg[0]/C

Slack:                    inf
  Source:                 top_i/smartconnect_0/inst/clk_map/psr_aclk/U0/ACTIVE_LOW_BSR_OUT_DFF[0].FDRE_BSR_N/C
                            (rising edge-triggered cell FDRE clocked by clk_fpga_0  {rise@0.000ns fall@5.000ns period=10.000ns})
  Destination:            top_i/smartconnect_0/inst/s00_nodes/s00_b_node/inst/s_sc_xpm_cdc_async_rst_inst/arststages_ff_reg[1]/CLR
                            (removal check against rising-edge clock clk_fpga_0  {rise@0.000ns fall@5.000ns period=10.000ns})
  Path Group:             (none)
  Path Type:              Removal (Min at Fast Process Corner)
  Data Path Delay:        0.946ns  (logic 0.186ns (19.663%)  route 0.760ns (80.337%))
  Logic Levels:           1  (LUT1=1)
  Clock Path Skew:        0.298ns (DCD - SCD - CPR)
    Destination Clock Delay (DCD):    1.259ns
    Source Clock Delay      (SCD):    0.961ns
    Clock Pessimism Removal (CPR):    -0.000ns
  Clock Uncertainty:      0.154ns  ((TSJ^2 + TIJ^2)^1/2 + DJ) / 2 + PE
    Total System Jitter     (TSJ):    0.071ns
    Total Input Jitter      (TIJ):    0.300ns
    Discrete Jitter          (DJ):    0.000ns
    Phase Error              (PE):    0.000ns
  Timing Exception:       False Path

    Location             Delay type                Incr(ns)  Path(ns)    Netlist Resource(s)
  -------------------------------------------------------------------    -------------------
                         (clock clk_fpga_0 rise edge)
                                                      0.000     0.000 r  
    PS7_X0Y0             PS7                          0.000     0.000 r  top_i/zynq_ps/inst/PS7_i/FCLKCLK[0]
                         net (fo=1, routed)           0.310     0.310    top_i/zynq_ps/inst/FCLK_CLK_unbuffered[0]
    BUFGCTRL_X0Y16       BUFG (Prop_bufg_I_O)         0.026     0.336 r  top_i/zynq_ps/inst/buffer_fclk_clk_0.FCLK_CLK_0_BUFG/O
                         net (fo=32227, routed)       0.625     0.961    top_i/smartconnect_0/inst/clk_map/psr_aclk/U0/aclk
    SLICE_X5Y6           FDRE                                         r  top_i/smartconnect_0/inst/clk_map/psr_aclk/U0/ACTIVE_LOW_BSR_OUT_DFF[0].FDRE_BSR_N/C
  -------------------------------------------------------------------    -------------------
    SLICE_X5Y6           FDRE (Prop_fdre_C_Q)         0.141     1.102 r  top_i/smartconnect_0/inst/clk_map/psr_aclk/U0/ACTIVE_LOW_BSR_OUT_DFF[0].FDRE_BSR_N/Q
                         net (fo=22, routed)          0.428     1.529    top_i/smartconnect_0/inst/s00_nodes/s00_b_node/inst/s_sc_xpm_cdc_async_rst_inst/src_arst
    SLICE_X0Y11          LUT1 (Prop_lut1_I0_O)        0.045     1.574 f  top_i/smartconnect_0/inst/s00_nodes/s00_b_node/inst/s_sc_xpm_cdc_async_rst_inst/arststages_ff[2]_i_1/O
                         net (fo=3, routed)           0.332     1.906    top_i/smartconnect_0/inst/s00_nodes/s00_b_node/inst/s_sc_xpm_cdc_async_rst_inst/reset_pol
    SLICE_X0Y11          FDCE                                         f  top_i/smartconnect_0/inst/s00_nodes/s00_b_node/inst/s_sc_xpm_cdc_async_rst_inst/arststages_ff_reg[1]/CLR
  -------------------------------------------------------------------    -------------------

                         (clock clk_fpga_0 rise edge)
                                                      0.000     0.000 r  
    PS7_X0Y0             PS7                          0.000     0.000 r  top_i/zynq_ps/inst/PS7_i/FCLKCLK[0]
                         net (fo=1, routed)           0.337     0.337    top_i/zynq_ps/inst/FCLK_CLK_unbuffered[0]
    BUFGCTRL_X0Y16       BUFG (Prop_bufg_I_O)         0.029     0.366 r  top_i/zynq_ps/inst/buffer_fclk_clk_0.FCLK_CLK_0_BUFG/O
                         net (fo=32227, routed)       0.893     1.259    top_i/smartconnect_0/inst/s00_nodes/s00_b_node/inst/s_sc_xpm_cdc_async_rst_inst/dest_clk
    SLICE_X0Y11          FDCE                                         r  top_i/smartconnect_0/inst/s00_nodes/s00_b_node/inst/s_sc_xpm_cdc_async_rst_inst/arststages_ff_reg[1]/C

Slack:                    inf
  Source:                 top_i/smartconnect_0/inst/clk_map/psr_aclk/U0/ACTIVE_LOW_BSR_OUT_DFF[0].FDRE_BSR_N/C
                            (rising edge-triggered cell FDRE clocked by clk_fpga_0  {rise@0.000ns fall@5.000ns period=10.000ns})
  Destination:            top_i/smartconnect_0/inst/s00_nodes/s00_b_node/inst/s_sc_xpm_cdc_async_rst_inst/arststages_ff_reg[2]/CLR
                            (removal check against rising-edge clock clk_fpga_0  {rise@0.000ns fall@5.000ns period=10.000ns})
  Path Group:             (none)
  Path Type:              Removal (Min at Fast Process Corner)
  Data Path Delay:        0.946ns  (logic 0.186ns (19.663%)  route 0.760ns (80.337%))
  Logic Levels:           1  (LUT1=1)
  Clock Path Skew:        0.298ns (DCD - SCD - CPR)
    Destination Clock Delay (DCD):    1.259ns
    Source Clock Delay      (SCD):    0.961ns
    Clock Pessimism Removal (CPR):    -0.000ns
  Clock Uncertainty:      0.154ns  ((TSJ^2 + TIJ^2)^1/2 + DJ) / 2 + PE
    Total System Jitter     (TSJ):    0.071ns
    Total Input Jitter      (TIJ):    0.300ns
    Discrete Jitter          (DJ):    0.000ns
    Phase Error              (PE):    0.000ns
  Timing Exception:       False Path

    Location             Delay type                Incr(ns)  Path(ns)    Netlist Resource(s)
  -------------------------------------------------------------------    -------------------
                         (clock clk_fpga_0 rise edge)
                                                      0.000     0.000 r  
    PS7_X0Y0             PS7                          0.000     0.000 r  top_i/zynq_ps/inst/PS7_i/FCLKCLK[0]
                         net (fo=1, routed)           0.310     0.310    top_i/zynq_ps/inst/FCLK_CLK_unbuffered[0]
    BUFGCTRL_X0Y16       BUFG (Prop_bufg_I_O)         0.026     0.336 r  top_i/zynq_ps/inst/buffer_fclk_clk_0.FCLK_CLK_0_BUFG/O
                         net (fo=32227, routed)       0.625     0.961    top_i/smartconnect_0/inst/clk_map/psr_aclk/U0/aclk
    SLICE_X5Y6           FDRE                                         r  top_i/smartconnect_0/inst/clk_map/psr_aclk/U0/ACTIVE_LOW_BSR_OUT_DFF[0].FDRE_BSR_N/C
  -------------------------------------------------------------------    -------------------
    SLICE_X5Y6           FDRE (Prop_fdre_C_Q)         0.141     1.102 r  top_i/smartconnect_0/inst/clk_map/psr_aclk/U0/ACTIVE_LOW_BSR_OUT_DFF[0].FDRE_BSR_N/Q
                         net (fo=22, routed)          0.428     1.529    top_i/smartconnect_0/inst/s00_nodes/s00_b_node/inst/s_sc_xpm_cdc_async_rst_inst/src_arst
    SLICE_X0Y11          LUT1 (Prop_lut1_I0_O)        0.045     1.574 f  top_i/smartconnect_0/inst/s00_nodes/s00_b_node/inst/s_sc_xpm_cdc_async_rst_inst/arststages_ff[2]_i_1/O
                         net (fo=3, routed)           0.332     1.906    top_i/smartconnect_0/inst/s00_nodes/s00_b_node/inst/s_sc_xpm_cdc_async_rst_inst/reset_pol
    SLICE_X0Y11          FDCE                                         f  top_i/smartconnect_0/inst/s00_nodes/s00_b_node/inst/s_sc_xpm_cdc_async_rst_inst/arststages_ff_reg[2]/CLR
  -------------------------------------------------------------------    -------------------

                         (clock clk_fpga_0 rise edge)
                                                      0.000     0.000 r  
    PS7_X0Y0             PS7                          0.000     0.000 r  top_i/zynq_ps/inst/PS7_i/FCLKCLK[0]
                         net (fo=1, routed)           0.337     0.337    top_i/zynq_ps/inst/FCLK_CLK_unbuffered[0]
    BUFGCTRL_X0Y16       BUFG (Prop_bufg_I_O)         0.029     0.366 r  top_i/zynq_ps/inst/buffer_fclk_clk_0.FCLK_CLK_0_BUFG/O
                         net (fo=32227, routed)       0.893     1.259    top_i/smartconnect_0/inst/s00_nodes/s00_b_node/inst/s_sc_xpm_cdc_async_rst_inst/dest_clk
    SLICE_X0Y11          FDCE                                         r  top_i/smartconnect_0/inst/s00_nodes/s00_b_node/inst/s_sc_xpm_cdc_async_rst_inst/arststages_ff_reg[2]/C

Slack:                    inf
  Source:                 top_i/smartconnect_0/inst/clk_map/psr_aclk/U0/ACTIVE_LOW_BSR_OUT_DFF[0].FDRE_BSR_N/C
                            (rising edge-triggered cell FDRE clocked by clk_fpga_0  {rise@0.000ns fall@5.000ns period=10.000ns})
  Destination:            top_i/smartconnect_0/inst/s01_nodes/s01_b_node/inst/s_sc_xpm_cdc_async_rst_inst/arststages_ff_reg[0]/CLR
                            (removal check against rising-edge clock clk_fpga_0  {rise@0.000ns fall@5.000ns period=10.000ns})
  Path Group:             (none)
  Path Type:              Removal (Min at Fast Process Corner)
  Data Path Delay:        0.952ns  (logic 0.185ns (19.430%)  route 0.767ns (80.570%))
  Logic Levels:           1  (LUT1=1)
  Clock Path Skew:        0.287ns (DCD - SCD - CPR)
    Destination Clock Delay (DCD):    1.248ns
    Source Clock Delay      (SCD):    0.961ns
    Clock Pessimism Removal (CPR):    -0.000ns
  Clock Uncertainty:      0.154ns  ((TSJ^2 + TIJ^2)^1/2 + DJ) / 2 + PE
    Total System Jitter     (TSJ):    0.071ns
    Total Input Jitter      (TIJ):    0.300ns
    Discrete Jitter          (DJ):    0.000ns
    Phase Error              (PE):    0.000ns
  Timing Exception:       False Path

    Location             Delay type                Incr(ns)  Path(ns)    Netlist Resource(s)
  -------------------------------------------------------------------    -------------------
                         (clock clk_fpga_0 rise edge)
                                                      0.000     0.000 r  
    PS7_X0Y0             PS7                          0.000     0.000 r  top_i/zynq_ps/inst/PS7_i/FCLKCLK[0]
                         net (fo=1, routed)           0.310     0.310    top_i/zynq_ps/inst/FCLK_CLK_unbuffered[0]
    BUFGCTRL_X0Y16       BUFG (Prop_bufg_I_O)         0.026     0.336 r  top_i/zynq_ps/inst/buffer_fclk_clk_0.FCLK_CLK_0_BUFG/O
                         net (fo=32227, routed)       0.625     0.961    top_i/smartconnect_0/inst/clk_map/psr_aclk/U0/aclk
    SLICE_X5Y6           FDRE                                         r  top_i/smartconnect_0/inst/clk_map/psr_aclk/U0/ACTIVE_LOW_BSR_OUT_DFF[0].FDRE_BSR_N/C
  -------------------------------------------------------------------    -------------------
    SLICE_X5Y6           FDRE (Prop_fdre_C_Q)         0.141     1.102 r  top_i/smartconnect_0/inst/clk_map/psr_aclk/U0/ACTIVE_LOW_BSR_OUT_DFF[0].FDRE_BSR_N/Q
                         net (fo=22, routed)          0.574     1.675    top_i/smartconnect_0/inst/s01_nodes/s01_b_node/inst/s_sc_xpm_cdc_async_rst_inst/src_arst
    SLICE_X5Y21          LUT1 (Prop_lut1_I0_O)        0.044     1.719 f  top_i/smartconnect_0/inst/s01_nodes/s01_b_node/inst/s_sc_xpm_cdc_async_rst_inst/arststages_ff[2]_i_1/O
                         net (fo=3, routed)           0.194     1.913    top_i/smartconnect_0/inst/s01_nodes/s01_b_node/inst/s_sc_xpm_cdc_async_rst_inst/reset_pol
    SLICE_X5Y21          FDCE                                         f  top_i/smartconnect_0/inst/s01_nodes/s01_b_node/inst/s_sc_xpm_cdc_async_rst_inst/arststages_ff_reg[0]/CLR
  -------------------------------------------------------------------    -------------------

                         (clock clk_fpga_0 rise edge)
                                                      0.000     0.000 r  
    PS7_X0Y0             PS7                          0.000     0.000 r  top_i/zynq_ps/inst/PS7_i/FCLKCLK[0]
                         net (fo=1, routed)           0.337     0.337    top_i/zynq_ps/inst/FCLK_CLK_unbuffered[0]
    BUFGCTRL_X0Y16       BUFG (Prop_bufg_I_O)         0.029     0.366 r  top_i/zynq_ps/inst/buffer_fclk_clk_0.FCLK_CLK_0_BUFG/O
                         net (fo=32227, routed)       0.882     1.248    top_i/smartconnect_0/inst/s01_nodes/s01_b_node/inst/s_sc_xpm_cdc_async_rst_inst/dest_clk
    SLICE_X5Y21          FDCE                                         r  top_i/smartconnect_0/inst/s01_nodes/s01_b_node/inst/s_sc_xpm_cdc_async_rst_inst/arststages_ff_reg[0]/C

Slack:                    inf
  Source:                 top_i/smartconnect_0/inst/clk_map/psr_aclk/U0/ACTIVE_LOW_BSR_OUT_DFF[0].FDRE_BSR_N/C
                            (rising edge-triggered cell FDRE clocked by clk_fpga_0  {rise@0.000ns fall@5.000ns period=10.000ns})
  Destination:            top_i/smartconnect_0/inst/s01_nodes/s01_b_node/inst/s_sc_xpm_cdc_async_rst_inst/arststages_ff_reg[1]/CLR
                            (removal check against rising-edge clock clk_fpga_0  {rise@0.000ns fall@5.000ns period=10.000ns})
  Path Group:             (none)
  Path Type:              Removal (Min at Fast Process Corner)
  Data Path Delay:        0.952ns  (logic 0.185ns (19.430%)  route 0.767ns (80.570%))
  Logic Levels:           1  (LUT1=1)
  Clock Path Skew:        0.287ns (DCD - SCD - CPR)
    Destination Clock Delay (DCD):    1.248ns
    Source Clock Delay      (SCD):    0.961ns
    Clock Pessimism Removal (CPR):    -0.000ns
  Clock Uncertainty:      0.154ns  ((TSJ^2 + TIJ^2)^1/2 + DJ) / 2 + PE
    Total System Jitter     (TSJ):    0.071ns
    Total Input Jitter      (TIJ):    0.300ns
    Discrete Jitter          (DJ):    0.000ns
    Phase Error              (PE):    0.000ns
  Timing Exception:       False Path

    Location             Delay type                Incr(ns)  Path(ns)    Netlist Resource(s)
  -------------------------------------------------------------------    -------------------
                         (clock clk_fpga_0 rise edge)
                                                      0.000     0.000 r  
    PS7_X0Y0             PS7                          0.000     0.000 r  top_i/zynq_ps/inst/PS7_i/FCLKCLK[0]
                         net (fo=1, routed)           0.310     0.310    top_i/zynq_ps/inst/FCLK_CLK_unbuffered[0]
    BUFGCTRL_X0Y16       BUFG (Prop_bufg_I_O)         0.026     0.336 r  top_i/zynq_ps/inst/buffer_fclk_clk_0.FCLK_CLK_0_BUFG/O
                         net (fo=32227, routed)       0.625     0.961    top_i/smartconnect_0/inst/clk_map/psr_aclk/U0/aclk
    SLICE_X5Y6           FDRE                                         r  top_i/smartconnect_0/inst/clk_map/psr_aclk/U0/ACTIVE_LOW_BSR_OUT_DFF[0].FDRE_BSR_N/C
  -------------------------------------------------------------------    -------------------
    SLICE_X5Y6           FDRE (Prop_fdre_C_Q)         0.141     1.102 r  top_i/smartconnect_0/inst/clk_map/psr_aclk/U0/ACTIVE_LOW_BSR_OUT_DFF[0].FDRE_BSR_N/Q
                         net (fo=22, routed)          0.574     1.675    top_i/smartconnect_0/inst/s01_nodes/s01_b_node/inst/s_sc_xpm_cdc_async_rst_inst/src_arst
    SLICE_X5Y21          LUT1 (Prop_lut1_I0_O)        0.044     1.719 f  top_i/smartconnect_0/inst/s01_nodes/s01_b_node/inst/s_sc_xpm_cdc_async_rst_inst/arststages_ff[2]_i_1/O
                         net (fo=3, routed)           0.194     1.913    top_i/smartconnect_0/inst/s01_nodes/s01_b_node/inst/s_sc_xpm_cdc_async_rst_inst/reset_pol
    SLICE_X5Y21          FDCE                                         f  top_i/smartconnect_0/inst/s01_nodes/s01_b_node/inst/s_sc_xpm_cdc_async_rst_inst/arststages_ff_reg[1]/CLR
  -------------------------------------------------------------------    -------------------

                         (clock clk_fpga_0 rise edge)
                                                      0.000     0.000 r  
    PS7_X0Y0             PS7                          0.000     0.000 r  top_i/zynq_ps/inst/PS7_i/FCLKCLK[0]
                         net (fo=1, routed)           0.337     0.337    top_i/zynq_ps/inst/FCLK_CLK_unbuffered[0]
    BUFGCTRL_X0Y16       BUFG (Prop_bufg_I_O)         0.029     0.366 r  top_i/zynq_ps/inst/buffer_fclk_clk_0.FCLK_CLK_0_BUFG/O
                         net (fo=32227, routed)       0.882     1.248    top_i/smartconnect_0/inst/s01_nodes/s01_b_node/inst/s_sc_xpm_cdc_async_rst_inst/dest_clk
    SLICE_X5Y21          FDCE                                         r  top_i/smartconnect_0/inst/s01_nodes/s01_b_node/inst/s_sc_xpm_cdc_async_rst_inst/arststages_ff_reg[1]/C

Slack:                    inf
  Source:                 top_i/smartconnect_0/inst/clk_map/psr_aclk/U0/ACTIVE_LOW_BSR_OUT_DFF[0].FDRE_BSR_N/C
                            (rising edge-triggered cell FDRE clocked by clk_fpga_0  {rise@0.000ns fall@5.000ns period=10.000ns})
  Destination:            top_i/smartconnect_0/inst/s01_nodes/s01_b_node/inst/s_sc_xpm_cdc_async_rst_inst/arststages_ff_reg[2]/CLR
                            (removal check against rising-edge clock clk_fpga_0  {rise@0.000ns fall@5.000ns period=10.000ns})
  Path Group:             (none)
  Path Type:              Removal (Min at Fast Process Corner)
  Data Path Delay:        0.952ns  (logic 0.185ns (19.430%)  route 0.767ns (80.570%))
  Logic Levels:           1  (LUT1=1)
  Clock Path Skew:        0.287ns (DCD - SCD - CPR)
    Destination Clock Delay (DCD):    1.248ns
    Source Clock Delay      (SCD):    0.961ns
    Clock Pessimism Removal (CPR):    -0.000ns
  Clock Uncertainty:      0.154ns  ((TSJ^2 + TIJ^2)^1/2 + DJ) / 2 + PE
    Total System Jitter     (TSJ):    0.071ns
    Total Input Jitter      (TIJ):    0.300ns
    Discrete Jitter          (DJ):    0.000ns
    Phase Error              (PE):    0.000ns
  Timing Exception:       False Path

    Location             Delay type                Incr(ns)  Path(ns)    Netlist Resource(s)
  -------------------------------------------------------------------    -------------------
                         (clock clk_fpga_0 rise edge)
                                                      0.000     0.000 r  
    PS7_X0Y0             PS7                          0.000     0.000 r  top_i/zynq_ps/inst/PS7_i/FCLKCLK[0]
                         net (fo=1, routed)           0.310     0.310    top_i/zynq_ps/inst/FCLK_CLK_unbuffered[0]
    BUFGCTRL_X0Y16       BUFG (Prop_bufg_I_O)         0.026     0.336 r  top_i/zynq_ps/inst/buffer_fclk_clk_0.FCLK_CLK_0_BUFG/O
                         net (fo=32227, routed)       0.625     0.961    top_i/smartconnect_0/inst/clk_map/psr_aclk/U0/aclk
    SLICE_X5Y6           FDRE                                         r  top_i/smartconnect_0/inst/clk_map/psr_aclk/U0/ACTIVE_LOW_BSR_OUT_DFF[0].FDRE_BSR_N/C
  -------------------------------------------------------------------    -------------------
    SLICE_X5Y6           FDRE (Prop_fdre_C_Q)         0.141     1.102 r  top_i/smartconnect_0/inst/clk_map/psr_aclk/U0/ACTIVE_LOW_BSR_OUT_DFF[0].FDRE_BSR_N/Q
                         net (fo=22, routed)          0.574     1.675    top_i/smartconnect_0/inst/s01_nodes/s01_b_node/inst/s_sc_xpm_cdc_async_rst_inst/src_arst
    SLICE_X5Y21          LUT1 (Prop_lut1_I0_O)        0.044     1.719 f  top_i/smartconnect_0/inst/s01_nodes/s01_b_node/inst/s_sc_xpm_cdc_async_rst_inst/arststages_ff[2]_i_1/O
                         net (fo=3, routed)           0.194     1.913    top_i/smartconnect_0/inst/s01_nodes/s01_b_node/inst/s_sc_xpm_cdc_async_rst_inst/reset_pol
    SLICE_X5Y21          FDCE                                         f  top_i/smartconnect_0/inst/s01_nodes/s01_b_node/inst/s_sc_xpm_cdc_async_rst_inst/arststages_ff_reg[2]/CLR
  -------------------------------------------------------------------    -------------------

                         (clock clk_fpga_0 rise edge)
                                                      0.000     0.000 r  
    PS7_X0Y0             PS7                          0.000     0.000 r  top_i/zynq_ps/inst/PS7_i/FCLKCLK[0]
                         net (fo=1, routed)           0.337     0.337    top_i/zynq_ps/inst/FCLK_CLK_unbuffered[0]
    BUFGCTRL_X0Y16       BUFG (Prop_bufg_I_O)         0.029     0.366 r  top_i/zynq_ps/inst/buffer_fclk_clk_0.FCLK_CLK_0_BUFG/O
                         net (fo=32227, routed)       0.882     1.248    top_i/smartconnect_0/inst/s01_nodes/s01_b_node/inst/s_sc_xpm_cdc_async_rst_inst/dest_clk
    SLICE_X5Y21          FDCE                                         r  top_i/smartconnect_0/inst/s01_nodes/s01_b_node/inst/s_sc_xpm_cdc_async_rst_inst/arststages_ff_reg[2]/C

Slack:                    inf
  Source:                 top_i/smartconnect_0/inst/clk_map/psr_aclk/U0/ACTIVE_LOW_BSR_OUT_DFF[0].FDRE_BSR_N/C
                            (rising edge-triggered cell FDRE clocked by clk_fpga_0  {rise@0.000ns fall@5.000ns period=10.000ns})
  Destination:            top_i/smartconnect_0/inst/s00_entry_pipeline/s00_mmu/inst/xpm_cdc_async_rst_inst/arststages_ff_reg[0]/CLR
                            (removal check against rising-edge clock clk_fpga_0  {rise@0.000ns fall@5.000ns period=10.000ns})
  Path Group:             (none)
  Path Type:              Removal (Min at Fast Process Corner)
  Data Path Delay:        0.990ns  (logic 0.186ns (18.794%)  route 0.804ns (81.206%))
  Logic Levels:           1  (LUT1=1)
  Clock Path Skew:        0.284ns (DCD - SCD - CPR)
    Destination Clock Delay (DCD):    1.245ns
    Source Clock Delay      (SCD):    0.961ns
    Clock Pessimism Removal (CPR):    -0.000ns
  Clock Uncertainty:      0.154ns  ((TSJ^2 + TIJ^2)^1/2 + DJ) / 2 + PE
    Total System Jitter     (TSJ):    0.071ns
    Total Input Jitter      (TIJ):    0.300ns
    Discrete Jitter          (DJ):    0.000ns
    Phase Error              (PE):    0.000ns
  Timing Exception:       False Path

    Location             Delay type                Incr(ns)  Path(ns)    Netlist Resource(s)
  -------------------------------------------------------------------    -------------------
                         (clock clk_fpga_0 rise edge)
                                                      0.000     0.000 r  
    PS7_X0Y0             PS7                          0.000     0.000 r  top_i/zynq_ps/inst/PS7_i/FCLKCLK[0]
                         net (fo=1, routed)           0.310     0.310    top_i/zynq_ps/inst/FCLK_CLK_unbuffered[0]
    BUFGCTRL_X0Y16       BUFG (Prop_bufg_I_O)         0.026     0.336 r  top_i/zynq_ps/inst/buffer_fclk_clk_0.FCLK_CLK_0_BUFG/O
                         net (fo=32227, routed)       0.625     0.961    top_i/smartconnect_0/inst/clk_map/psr_aclk/U0/aclk
    SLICE_X5Y6           FDRE                                         r  top_i/smartconnect_0/inst/clk_map/psr_aclk/U0/ACTIVE_LOW_BSR_OUT_DFF[0].FDRE_BSR_N/C
  -------------------------------------------------------------------    -------------------
    SLICE_X5Y6           FDRE (Prop_fdre_C_Q)         0.141     1.102 r  top_i/smartconnect_0/inst/clk_map/psr_aclk/U0/ACTIVE_LOW_BSR_OUT_DFF[0].FDRE_BSR_N/Q
                         net (fo=22, routed)          0.574     1.675    top_i/smartconnect_0/inst/s00_entry_pipeline/s00_mmu/inst/xpm_cdc_async_rst_inst/src_arst
    SLICE_X5Y21          LUT1 (Prop_lut1_I0_O)        0.045     1.720 f  top_i/smartconnect_0/inst/s00_entry_pipeline/s00_mmu/inst/xpm_cdc_async_rst_inst/arststages_ff[2]_i_1/O
                         net (fo=3, routed)           0.230     1.950    top_i/smartconnect_0/inst/s00_entry_pipeline/s00_mmu/inst/xpm_cdc_async_rst_inst/reset_pol
    SLICE_X5Y26          FDCE                                         f  top_i/smartconnect_0/inst/s00_entry_pipeline/s00_mmu/inst/xpm_cdc_async_rst_inst/arststages_ff_reg[0]/CLR
  -------------------------------------------------------------------    -------------------

                         (clock clk_fpga_0 rise edge)
                                                      0.000     0.000 r  
    PS7_X0Y0             PS7                          0.000     0.000 r  top_i/zynq_ps/inst/PS7_i/FCLKCLK[0]
                         net (fo=1, routed)           0.337     0.337    top_i/zynq_ps/inst/FCLK_CLK_unbuffered[0]
    BUFGCTRL_X0Y16       BUFG (Prop_bufg_I_O)         0.029     0.366 r  top_i/zynq_ps/inst/buffer_fclk_clk_0.FCLK_CLK_0_BUFG/O
                         net (fo=32227, routed)       0.879     1.245    top_i/smartconnect_0/inst/s00_entry_pipeline/s00_mmu/inst/xpm_cdc_async_rst_inst/dest_clk
    SLICE_X5Y26          FDCE                                         r  top_i/smartconnect_0/inst/s00_entry_pipeline/s00_mmu/inst/xpm_cdc_async_rst_inst/arststages_ff_reg[0]/C

Slack:                    inf
  Source:                 top_i/smartconnect_0/inst/clk_map/psr_aclk/U0/ACTIVE_LOW_BSR_OUT_DFF[0].FDRE_BSR_N/C
                            (rising edge-triggered cell FDRE clocked by clk_fpga_0  {rise@0.000ns fall@5.000ns period=10.000ns})
  Destination:            top_i/smartconnect_0/inst/s00_entry_pipeline/s00_mmu/inst/xpm_cdc_async_rst_inst/arststages_ff_reg[1]/CLR
                            (removal check against rising-edge clock clk_fpga_0  {rise@0.000ns fall@5.000ns period=10.000ns})
  Path Group:             (none)
  Path Type:              Removal (Min at Fast Process Corner)
  Data Path Delay:        0.990ns  (logic 0.186ns (18.794%)  route 0.804ns (81.206%))
  Logic Levels:           1  (LUT1=1)
  Clock Path Skew:        0.284ns (DCD - SCD - CPR)
    Destination Clock Delay (DCD):    1.245ns
    Source Clock Delay      (SCD):    0.961ns
    Clock Pessimism Removal (CPR):    -0.000ns
  Clock Uncertainty:      0.154ns  ((TSJ^2 + TIJ^2)^1/2 + DJ) / 2 + PE
    Total System Jitter     (TSJ):    0.071ns
    Total Input Jitter      (TIJ):    0.300ns
    Discrete Jitter          (DJ):    0.000ns
    Phase Error              (PE):    0.000ns
  Timing Exception:       False Path

    Location             Delay type                Incr(ns)  Path(ns)    Netlist Resource(s)
  -------------------------------------------------------------------    -------------------
                         (clock clk_fpga_0 rise edge)
                                                      0.000     0.000 r  
    PS7_X0Y0             PS7                          0.000     0.000 r  top_i/zynq_ps/inst/PS7_i/FCLKCLK[0]
                         net (fo=1, routed)           0.310     0.310    top_i/zynq_ps/inst/FCLK_CLK_unbuffered[0]
    BUFGCTRL_X0Y16       BUFG (Prop_bufg_I_O)         0.026     0.336 r  top_i/zynq_ps/inst/buffer_fclk_clk_0.FCLK_CLK_0_BUFG/O
                         net (fo=32227, routed)       0.625     0.961    top_i/smartconnect_0/inst/clk_map/psr_aclk/U0/aclk
    SLICE_X5Y6           FDRE                                         r  top_i/smartconnect_0/inst/clk_map/psr_aclk/U0/ACTIVE_LOW_BSR_OUT_DFF[0].FDRE_BSR_N/C
  -------------------------------------------------------------------    -------------------
    SLICE_X5Y6           FDRE (Prop_fdre_C_Q)         0.141     1.102 r  top_i/smartconnect_0/inst/clk_map/psr_aclk/U0/ACTIVE_LOW_BSR_OUT_DFF[0].FDRE_BSR_N/Q
                         net (fo=22, routed)          0.574     1.675    top_i/smartconnect_0/inst/s00_entry_pipeline/s00_mmu/inst/xpm_cdc_async_rst_inst/src_arst
    SLICE_X5Y21          LUT1 (Prop_lut1_I0_O)        0.045     1.720 f  top_i/smartconnect_0/inst/s00_entry_pipeline/s00_mmu/inst/xpm_cdc_async_rst_inst/arststages_ff[2]_i_1/O
                         net (fo=3, routed)           0.230     1.950    top_i/smartconnect_0/inst/s00_entry_pipeline/s00_mmu/inst/xpm_cdc_async_rst_inst/reset_pol
    SLICE_X5Y26          FDCE                                         f  top_i/smartconnect_0/inst/s00_entry_pipeline/s00_mmu/inst/xpm_cdc_async_rst_inst/arststages_ff_reg[1]/CLR
  -------------------------------------------------------------------    -------------------

                         (clock clk_fpga_0 rise edge)
                                                      0.000     0.000 r  
    PS7_X0Y0             PS7                          0.000     0.000 r  top_i/zynq_ps/inst/PS7_i/FCLKCLK[0]
                         net (fo=1, routed)           0.337     0.337    top_i/zynq_ps/inst/FCLK_CLK_unbuffered[0]
    BUFGCTRL_X0Y16       BUFG (Prop_bufg_I_O)         0.029     0.366 r  top_i/zynq_ps/inst/buffer_fclk_clk_0.FCLK_CLK_0_BUFG/O
                         net (fo=32227, routed)       0.879     1.245    top_i/smartconnect_0/inst/s00_entry_pipeline/s00_mmu/inst/xpm_cdc_async_rst_inst/dest_clk
    SLICE_X5Y26          FDCE                                         r  top_i/smartconnect_0/inst/s00_entry_pipeline/s00_mmu/inst/xpm_cdc_async_rst_inst/arststages_ff_reg[1]/C

Slack:                    inf
  Source:                 top_i/smartconnect_0/inst/clk_map/psr_aclk/U0/ACTIVE_LOW_BSR_OUT_DFF[0].FDRE_BSR_N/C
                            (rising edge-triggered cell FDRE clocked by clk_fpga_0  {rise@0.000ns fall@5.000ns period=10.000ns})
  Destination:            top_i/smartconnect_0/inst/s00_entry_pipeline/s00_mmu/inst/xpm_cdc_async_rst_inst/arststages_ff_reg[2]/CLR
                            (removal check against rising-edge clock clk_fpga_0  {rise@0.000ns fall@5.000ns period=10.000ns})
  Path Group:             (none)
  Path Type:              Removal (Min at Fast Process Corner)
  Data Path Delay:        0.990ns  (logic 0.186ns (18.794%)  route 0.804ns (81.206%))
  Logic Levels:           1  (LUT1=1)
  Clock Path Skew:        0.284ns (DCD - SCD - CPR)
    Destination Clock Delay (DCD):    1.245ns
    Source Clock Delay      (SCD):    0.961ns
    Clock Pessimism Removal (CPR):    -0.000ns
  Clock Uncertainty:      0.154ns  ((TSJ^2 + TIJ^2)^1/2 + DJ) / 2 + PE
    Total System Jitter     (TSJ):    0.071ns
    Total Input Jitter      (TIJ):    0.300ns
    Discrete Jitter          (DJ):    0.000ns
    Phase Error              (PE):    0.000ns
  Timing Exception:       False Path

    Location             Delay type                Incr(ns)  Path(ns)    Netlist Resource(s)
  -------------------------------------------------------------------    -------------------
                         (clock clk_fpga_0 rise edge)
                                                      0.000     0.000 r  
    PS7_X0Y0             PS7                          0.000     0.000 r  top_i/zynq_ps/inst/PS7_i/FCLKCLK[0]
                         net (fo=1, routed)           0.310     0.310    top_i/zynq_ps/inst/FCLK_CLK_unbuffered[0]
    BUFGCTRL_X0Y16       BUFG (Prop_bufg_I_O)         0.026     0.336 r  top_i/zynq_ps/inst/buffer_fclk_clk_0.FCLK_CLK_0_BUFG/O
                         net (fo=32227, routed)       0.625     0.961    top_i/smartconnect_0/inst/clk_map/psr_aclk/U0/aclk
    SLICE_X5Y6           FDRE                                         r  top_i/smartconnect_0/inst/clk_map/psr_aclk/U0/ACTIVE_LOW_BSR_OUT_DFF[0].FDRE_BSR_N/C
  -------------------------------------------------------------------    -------------------
    SLICE_X5Y6           FDRE (Prop_fdre_C_Q)         0.141     1.102 r  top_i/smartconnect_0/inst/clk_map/psr_aclk/U0/ACTIVE_LOW_BSR_OUT_DFF[0].FDRE_BSR_N/Q
                         net (fo=22, routed)          0.574     1.675    top_i/smartconnect_0/inst/s00_entry_pipeline/s00_mmu/inst/xpm_cdc_async_rst_inst/src_arst
    SLICE_X5Y21          LUT1 (Prop_lut1_I0_O)        0.045     1.720 f  top_i/smartconnect_0/inst/s00_entry_pipeline/s00_mmu/inst/xpm_cdc_async_rst_inst/arststages_ff[2]_i_1/O
                         net (fo=3, routed)           0.230     1.950    top_i/smartconnect_0/inst/s00_entry_pipeline/s00_mmu/inst/xpm_cdc_async_rst_inst/reset_pol
    SLICE_X5Y26          FDCE                                         f  top_i/smartconnect_0/inst/s00_entry_pipeline/s00_mmu/inst/xpm_cdc_async_rst_inst/arststages_ff_reg[2]/CLR
  -------------------------------------------------------------------    -------------------

                         (clock clk_fpga_0 rise edge)
                                                      0.000     0.000 r  
    PS7_X0Y0             PS7                          0.000     0.000 r  top_i/zynq_ps/inst/PS7_i/FCLKCLK[0]
                         net (fo=1, routed)           0.337     0.337    top_i/zynq_ps/inst/FCLK_CLK_unbuffered[0]
    BUFGCTRL_X0Y16       BUFG (Prop_bufg_I_O)         0.029     0.366 r  top_i/zynq_ps/inst/buffer_fclk_clk_0.FCLK_CLK_0_BUFG/O
                         net (fo=32227, routed)       0.879     1.245    top_i/smartconnect_0/inst/s00_entry_pipeline/s00_mmu/inst/xpm_cdc_async_rst_inst/dest_clk
    SLICE_X5Y26          FDCE                                         r  top_i/smartconnect_0/inst/s00_entry_pipeline/s00_mmu/inst/xpm_cdc_async_rst_inst/arststages_ff_reg[2]/C

Slack:                    inf
  Source:                 top_i/smartconnect_0/inst/clk_map/psr_aclk/U0/ACTIVE_LOW_BSR_OUT_DFF[0].FDRE_BSR_N/C
                            (rising edge-triggered cell FDRE clocked by clk_fpga_0  {rise@0.000ns fall@5.000ns period=10.000ns})
  Destination:            top_i/smartconnect_0/inst/m00_nodes/m00_b_node/inst/s_sc_xpm_cdc_async_rst_inst/arststages_ff_reg[0]/CLR
                            (removal check against rising-edge clock clk_fpga_0  {rise@0.000ns fall@5.000ns period=10.000ns})
  Path Group:             (none)
  Path Type:              Removal (Min at Fast Process Corner)
  Data Path Delay:        1.286ns  (logic 0.186ns (14.460%)  route 1.100ns (85.540%))
  Logic Levels:           1  (LUT1=1)
  Clock Path Skew:        0.256ns (DCD - SCD - CPR)
    Destination Clock Delay (DCD):    1.217ns
    Source Clock Delay      (SCD):    0.961ns
    Clock Pessimism Removal (CPR):    -0.000ns
  Clock Uncertainty:      0.154ns  ((TSJ^2 + TIJ^2)^1/2 + DJ) / 2 + PE
    Total System Jitter     (TSJ):    0.071ns
    Total Input Jitter      (TIJ):    0.300ns
    Discrete Jitter          (DJ):    0.000ns
    Phase Error              (PE):    0.000ns
  Timing Exception:       False Path

    Location             Delay type                Incr(ns)  Path(ns)    Netlist Resource(s)
  -------------------------------------------------------------------    -------------------
                         (clock clk_fpga_0 rise edge)
                                                      0.000     0.000 r  
    PS7_X0Y0             PS7                          0.000     0.000 r  top_i/zynq_ps/inst/PS7_i/FCLKCLK[0]
                         net (fo=1, routed)           0.310     0.310    top_i/zynq_ps/inst/FCLK_CLK_unbuffered[0]
    BUFGCTRL_X0Y16       BUFG (Prop_bufg_I_O)         0.026     0.336 r  top_i/zynq_ps/inst/buffer_fclk_clk_0.FCLK_CLK_0_BUFG/O
                         net (fo=32227, routed)       0.625     0.961    top_i/smartconnect_0/inst/clk_map/psr_aclk/U0/aclk
    SLICE_X5Y6           FDRE                                         r  top_i/smartconnect_0/inst/clk_map/psr_aclk/U0/ACTIVE_LOW_BSR_OUT_DFF[0].FDRE_BSR_N/C
  -------------------------------------------------------------------    -------------------
    SLICE_X5Y6           FDRE (Prop_fdre_C_Q)         0.141     1.102 r  top_i/smartconnect_0/inst/clk_map/psr_aclk/U0/ACTIVE_LOW_BSR_OUT_DFF[0].FDRE_BSR_N/Q
                         net (fo=22, routed)          0.896     1.997    top_i/smartconnect_0/inst/m00_nodes/m00_b_node/inst/s_sc_xpm_cdc_async_rst_inst/src_arst
    SLICE_X21Y22         LUT1 (Prop_lut1_I0_O)        0.045     2.042 f  top_i/smartconnect_0/inst/m00_nodes/m00_b_node/inst/s_sc_xpm_cdc_async_rst_inst/arststages_ff[2]_i_1/O
                         net (fo=3, routed)           0.204     2.247    top_i/smartconnect_0/inst/m00_nodes/m00_b_node/inst/s_sc_xpm_cdc_async_rst_inst/reset_pol
    SLICE_X21Y22         FDCE                                         f  top_i/smartconnect_0/inst/m00_nodes/m00_b_node/inst/s_sc_xpm_cdc_async_rst_inst/arststages_ff_reg[0]/CLR
  -------------------------------------------------------------------    -------------------

                         (clock clk_fpga_0 rise edge)
                                                      0.000     0.000 r  
    PS7_X0Y0             PS7                          0.000     0.000 r  top_i/zynq_ps/inst/PS7_i/FCLKCLK[0]
                         net (fo=1, routed)           0.337     0.337    top_i/zynq_ps/inst/FCLK_CLK_unbuffered[0]
    BUFGCTRL_X0Y16       BUFG (Prop_bufg_I_O)         0.029     0.366 r  top_i/zynq_ps/inst/buffer_fclk_clk_0.FCLK_CLK_0_BUFG/O
                         net (fo=32227, routed)       0.851     1.217    top_i/smartconnect_0/inst/m00_nodes/m00_b_node/inst/s_sc_xpm_cdc_async_rst_inst/dest_clk
    SLICE_X21Y22         FDCE                                         r  top_i/smartconnect_0/inst/m00_nodes/m00_b_node/inst/s_sc_xpm_cdc_async_rst_inst/arststages_ff_reg[0]/C





