Copyright 1986-2022 Xilinx, Inc. All Rights Reserved.
---------------------------------------------------------------------------------------------------------------------------
| Tool Version : Vivado v.2022.2 (lin64) Build 3671981 Fri Oct 14 04:59:54 MDT 2022
| Date         : Thu May  7 11:59:43 2026
| Host         : finn_dev_slowman running 64-bit Ubuntu 22.04.1 LTS
| Command      : report_drc -file top_wrapper_drc_routed.rpt -pb top_wrapper_drc_routed.pb -rpx top_wrapper_drc_routed.rpx
| Design       : top_wrapper
| Device       : xc7z020clg400-1
| Speed File   : -1
| Design State : Fully Routed
---------------------------------------------------------------------------------------------------------------------------

Report DRC

Table of Contents
-----------------
1. REPORT SUMMARY
2. REPORT DETAILS

1. REPORT SUMMARY
-----------------
            Netlist: netlist
          Floorplan: design_1
      Design limits: <entire design considered>
           Ruledeck: default
             Max violations: <unlimited>
             Violations found: 248
+--------+----------+------------------------+------------+
| Rule   | Severity | Description            | Violations |
+--------+----------+------------------------+------------+
| DPIP-1 | Warning  | Input pipelining       | 85         |
| DPOP-1 | Warning  | PREG Output pipelining | 81         |
| DPOP-2 | Warning  | MREG Output pipelining | 82         |
+--------+----------+------------------------+------------+

2. REPORT DETAILS
-----------------
DPIP-1#1 Warning
Input pipelining  
DSP top_i/StreamingDataflowPartition_1/inst/StreamingDataflowPartition_1_MVAU_hls_1/StreamingDataflowPartition_1_MVAU_hls_1/inst/grp_Matrix_Vector_Activate_Stream_Batch_fu_90/mac_muladd_4s_4s_8ns_8_4_1_U2/MVAU_hls_1_mac_muladd_4s_4s_8ns_8_4_1_DSP48_0_U/p_reg_reg input top_i/StreamingDataflowPartition_1/inst/StreamingDataflowPartition_1_MVAU_hls_1/StreamingDataflowPartition_1_MVAU_hls_1/inst/grp_Matrix_Vector_Activate_Stream_Batch_fu_90/mac_muladd_4s_4s_8ns_8_4_1_U2/MVAU_hls_1_mac_muladd_4s_4s_8ns_8_4_1_DSP48_0_U/p_reg_reg/C[47:0] is not pipelined. Pipelining DSP48 input will improve performance.
Related violations: <none>

DPIP-1#2 Warning
Input pipelining  
DSP top_i/StreamingDataflowPartition_1/inst/StreamingDataflowPartition_1_MVAU_hls_1/StreamingDataflowPartition_1_MVAU_hls_1/inst/grp_Matrix_Vector_Activate_Stream_Batch_fu_90/mac_muladd_4s_4s_8ns_8_4_1_U3/MVAU_hls_1_mac_muladd_4s_4s_8ns_8_4_1_DSP48_0_U/p_reg_reg input top_i/StreamingDataflowPartition_1/inst/StreamingDataflowPartition_1_MVAU_hls_1/StreamingDataflowPartition_1_MVAU_hls_1/inst/grp_Matrix_Vector_Activate_Stream_Batch_fu_90/mac_muladd_4s_4s_8ns_8_4_1_U3/MVAU_hls_1_mac_muladd_4s_4s_8ns_8_4_1_DSP48_0_U/p_reg_reg/C[47:0] is not pipelined. Pipelining DSP48 input will improve performance.
Related violations: <none>

DPIP-1#3 Warning
Input pipelining  
DSP top_i/StreamingDataflowPartition_1/inst/StreamingDataflowPartition_1_MVAU_hls_2/StreamingDataflowPartition_1_MVAU_hls_2/inst/grp_Matrix_Vector_Activate_Stream_Batch_fu_30/mac_muladd_4ns_4s_8s_9_4_1_U17/MVAU_hls_2_mac_muladd_4ns_4s_8s_9_4_1_DSP48_0_U/p_reg_reg input top_i/StreamingDataflowPartition_1/inst/StreamingDataflowPartition_1_MVAU_hls_2/StreamingDataflowPartition_1_MVAU_hls_2/inst/grp_Matrix_Vector_Activate_Stream_Batch_fu_30/mac_muladd_4ns_4s_8s_9_4_1_U17/MVAU_hls_2_mac_muladd_4ns_4s_8s_9_4_1_DSP48_0_U/p_reg_reg/C[47:0] is not pipelined. Pipelining DSP48 input will improve performance.
Related violations: <none>

DPIP-1#4 Warning
Input pipelining  
DSP top_i/StreamingDataflowPartition_1/inst/StreamingDataflowPartition_1_MVAU_hls_2/StreamingDataflowPartition_1_MVAU_hls_2/inst/grp_Matrix_Vector_Activate_Stream_Batch_fu_30/mac_muladd_4s_4ns_8s_9_4_1_U18/MVAU_hls_2_mac_muladd_4s_4ns_8s_9_4_1_DSP48_1_U/p_reg_reg input top_i/StreamingDataflowPartition_1/inst/StreamingDataflowPartition_1_MVAU_hls_2/StreamingDataflowPartition_1_MVAU_hls_2/inst/grp_Matrix_Vector_Activate_Stream_Batch_fu_30/mac_muladd_4s_4ns_8s_9_4_1_U18/MVAU_hls_2_mac_muladd_4s_4ns_8s_9_4_1_DSP48_1_U/p_reg_reg/C[47:0] is not pipelined. Pipelining DSP48 input will improve performance.
Related violations: <none>

DPIP-1#5 Warning
Input pipelining  
DSP top_i/StreamingDataflowPartition_1/inst/StreamingDataflowPartition_1_MVAU_hls_2/StreamingDataflowPartition_1_MVAU_hls_2/inst/grp_Matrix_Vector_Activate_Stream_Batch_fu_30/mac_muladd_4s_4ns_8s_9_4_1_U19/MVAU_hls_2_mac_muladd_4s_4ns_8s_9_4_1_DSP48_1_U/p_reg_reg input top_i/StreamingDataflowPartition_1/inst/StreamingDataflowPartition_1_MVAU_hls_2/StreamingDataflowPartition_1_MVAU_hls_2/inst/grp_Matrix_Vector_Activate_Stream_Batch_fu_30/mac_muladd_4s_4ns_8s_9_4_1_U19/MVAU_hls_2_mac_muladd_4s_4ns_8s_9_4_1_DSP48_1_U/p_reg_reg/C[47:0] is not pipelined. Pipelining DSP48 input will improve performance.
Related violations: <none>

DPIP-1#6 Warning
Input pipelining  
DSP top_i/StreamingDataflowPartition_1/inst/StreamingDataflowPartition_1_MVAU_hls_2/StreamingDataflowPartition_1_MVAU_hls_2/inst/grp_Matrix_Vector_Activate_Stream_Batch_fu_30/mac_muladd_4s_4ns_8s_9_4_1_U20/MVAU_hls_2_mac_muladd_4s_4ns_8s_9_4_1_DSP48_1_U/p_reg_reg input top_i/StreamingDataflowPartition_1/inst/StreamingDataflowPartition_1_MVAU_hls_2/StreamingDataflowPartition_1_MVAU_hls_2/inst/grp_Matrix_Vector_Activate_Stream_Batch_fu_30/mac_muladd_4s_4ns_8s_9_4_1_U20/MVAU_hls_2_mac_muladd_4s_4ns_8s_9_4_1_DSP48_1_U/p_reg_reg/C[47:0] is not pipelined. Pipelining DSP48 input will improve performance.
Related violations: <none>

DPIP-1#7 Warning
Input pipelining  
DSP top_i/StreamingDataflowPartition_1/inst/StreamingDataflowPartition_1_MVAU_hls_2/StreamingDataflowPartition_1_MVAU_hls_2/inst/grp_Matrix_Vector_Activate_Stream_Batch_fu_30/mac_muladd_4s_4ns_8s_9_4_1_U21/MVAU_hls_2_mac_muladd_4s_4ns_8s_9_4_1_DSP48_1_U/p_reg_reg input top_i/StreamingDataflowPartition_1/inst/StreamingDataflowPartition_1_MVAU_hls_2/StreamingDataflowPartition_1_MVAU_hls_2/inst/grp_Matrix_Vector_Activate_Stream_Batch_fu_30/mac_muladd_4s_4ns_8s_9_4_1_U21/MVAU_hls_2_mac_muladd_4s_4ns_8s_9_4_1_DSP48_1_U/p_reg_reg/C[47:0] is not pipelined. Pipelining DSP48 input will improve performance.
Related violations: <none>

DPIP-1#8 Warning
Input pipelining  
DSP top_i/StreamingDataflowPartition_1/inst/StreamingDataflowPartition_1_MVAU_hls_2/StreamingDataflowPartition_1_MVAU_hls_2/inst/grp_Matrix_Vector_Activate_Stream_Batch_fu_30/mac_muladd_4s_4ns_8s_9_4_1_U22/MVAU_hls_2_mac_muladd_4s_4ns_8s_9_4_1_DSP48_1_U/p_reg_reg input top_i/StreamingDataflowPartition_1/inst/StreamingDataflowPartition_1_MVAU_hls_2/StreamingDataflowPartition_1_MVAU_hls_2/inst/grp_Matrix_Vector_Activate_Stream_Batch_fu_30/mac_muladd_4s_4ns_8s_9_4_1_U22/MVAU_hls_2_mac_muladd_4s_4ns_8s_9_4_1_DSP48_1_U/p_reg_reg/C[47:0] is not pipelined. Pipelining DSP48 input will improve performance.
Related violations: <none>

DPIP-1#9 Warning
Input pipelining  
DSP top_i/StreamingDataflowPartition_1/inst/StreamingDataflowPartition_1_MVAU_hls_2/StreamingDataflowPartition_1_MVAU_hls_2/inst/grp_Matrix_Vector_Activate_Stream_Batch_fu_30/mac_muladd_4s_4ns_8s_9_4_1_U23/MVAU_hls_2_mac_muladd_4s_4ns_8s_9_4_1_DSP48_1_U/p_reg_reg input top_i/StreamingDataflowPartition_1/inst/StreamingDataflowPartition_1_MVAU_hls_2/StreamingDataflowPartition_1_MVAU_hls_2/inst/grp_Matrix_Vector_Activate_Stream_Batch_fu_30/mac_muladd_4s_4ns_8s_9_4_1_U23/MVAU_hls_2_mac_muladd_4s_4ns_8s_9_4_1_DSP48_1_U/p_reg_reg/C[47:0] is not pipelined. Pipelining DSP48 input will improve performance.
Related violations: <none>

DPIP-1#10 Warning
Input pipelining  
DSP top_i/StreamingDataflowPartition_1/inst/StreamingDataflowPartition_1_MVAU_hls_2/StreamingDataflowPartition_1_MVAU_hls_2/inst/grp_Matrix_Vector_Activate_Stream_Batch_fu_30/mac_muladd_4s_4ns_8s_9_4_1_U24/MVAU_hls_2_mac_muladd_4s_4ns_8s_9_4_1_DSP48_1_U/p_reg_reg input top_i/StreamingDataflowPartition_1/inst/StreamingDataflowPartition_1_MVAU_hls_2/StreamingDataflowPartition_1_MVAU_hls_2/inst/grp_Matrix_Vector_Activate_Stream_Batch_fu_30/mac_muladd_4s_4ns_8s_9_4_1_U24/MVAU_hls_2_mac_muladd_4s_4ns_8s_9_4_1_DSP48_1_U/p_reg_reg/C[47:0] is not pipelined. Pipelining DSP48 input will improve performance.
Related violations: <none>

DPIP-1#11 Warning
Input pipelining  
DSP top_i/StreamingDataflowPartition_1/inst/StreamingDataflowPartition_1_MVAU_hls_2/StreamingDataflowPartition_1_MVAU_hls_2/inst/grp_Matrix_Vector_Activate_Stream_Batch_fu_30/mac_muladd_4s_4ns_8s_9_4_1_U25/MVAU_hls_2_mac_muladd_4s_4ns_8s_9_4_1_DSP48_1_U/p_reg_reg input top_i/StreamingDataflowPartition_1/inst/StreamingDataflowPartition_1_MVAU_hls_2/StreamingDataflowPartition_1_MVAU_hls_2/inst/grp_Matrix_Vector_Activate_Stream_Batch_fu_30/mac_muladd_4s_4ns_8s_9_4_1_U25/MVAU_hls_2_mac_muladd_4s_4ns_8s_9_4_1_DSP48_1_U/p_reg_reg/C[47:0] is not pipelined. Pipelining DSP48 input will improve performance.
Related violations: <none>

DPIP-1#12 Warning
Input pipelining  
DSP top_i/StreamingDataflowPartition_1/inst/StreamingDataflowPartition_1_MVAU_hls_2/StreamingDataflowPartition_1_MVAU_hls_2/inst/grp_Matrix_Vector_Activate_Stream_Batch_fu_30/mac_muladd_4s_4ns_8s_9_4_1_U26/MVAU_hls_2_mac_muladd_4s_4ns_8s_9_4_1_DSP48_1_U/p_reg_reg input top_i/StreamingDataflowPartition_1/inst/StreamingDataflowPartition_1_MVAU_hls_2/StreamingDataflowPartition_1_MVAU_hls_2/inst/grp_Matrix_Vector_Activate_Stream_Batch_fu_30/mac_muladd_4s_4ns_8s_9_4_1_U26/MVAU_hls_2_mac_muladd_4s_4ns_8s_9_4_1_DSP48_1_U/p_reg_reg/C[47:0] is not pipelined. Pipelining DSP48 input will improve performance.
Related violations: <none>

DPIP-1#13 Warning
Input pipelining  
DSP top_i/StreamingDataflowPartition_1/inst/StreamingDataflowPartition_1_MVAU_hls_2/StreamingDataflowPartition_1_MVAU_hls_2/inst/grp_Matrix_Vector_Activate_Stream_Batch_fu_30/mac_muladd_4s_4ns_8s_9_4_1_U27/MVAU_hls_2_mac_muladd_4s_4ns_8s_9_4_1_DSP48_1_U/p_reg_reg input top_i/StreamingDataflowPartition_1/inst/StreamingDataflowPartition_1_MVAU_hls_2/StreamingDataflowPartition_1_MVAU_hls_2/inst/grp_Matrix_Vector_Activate_Stream_Batch_fu_30/mac_muladd_4s_4ns_8s_9_4_1_U27/MVAU_hls_2_mac_muladd_4s_4ns_8s_9_4_1_DSP48_1_U/p_reg_reg/C[47:0] is not pipelined. Pipelining DSP48 input will improve performance.
Related violations: <none>

DPIP-1#14 Warning
Input pipelining  
DSP top_i/StreamingDataflowPartition_1/inst/StreamingDataflowPartition_1_MVAU_hls_2/StreamingDataflowPartition_1_MVAU_hls_2/inst/grp_Matrix_Vector_Activate_Stream_Batch_fu_30/mac_muladd_4s_4ns_8s_9_4_1_U28/MVAU_hls_2_mac_muladd_4s_4ns_8s_9_4_1_DSP48_1_U/p_reg_reg input top_i/StreamingDataflowPartition_1/inst/StreamingDataflowPartition_1_MVAU_hls_2/StreamingDataflowPartition_1_MVAU_hls_2/inst/grp_Matrix_Vector_Activate_Stream_Batch_fu_30/mac_muladd_4s_4ns_8s_9_4_1_U28/MVAU_hls_2_mac_muladd_4s_4ns_8s_9_4_1_DSP48_1_U/p_reg_reg/C[47:0] is not pipelined. Pipelining DSP48 input will improve performance.
Related violations: <none>

DPIP-1#15 Warning
Input pipelining  
DSP top_i/StreamingDataflowPartition_1/inst/StreamingDataflowPartition_1_MVAU_hls_2/StreamingDataflowPartition_1_MVAU_hls_2/inst/grp_Matrix_Vector_Activate_Stream_Batch_fu_30/mac_muladd_4s_4ns_8s_9_4_1_U29/MVAU_hls_2_mac_muladd_4s_4ns_8s_9_4_1_DSP48_1_U/p_reg_reg input top_i/StreamingDataflowPartition_1/inst/StreamingDataflowPartition_1_MVAU_hls_2/StreamingDataflowPartition_1_MVAU_hls_2/inst/grp_Matrix_Vector_Activate_Stream_Batch_fu_30/mac_muladd_4s_4ns_8s_9_4_1_U29/MVAU_hls_2_mac_muladd_4s_4ns_8s_9_4_1_DSP48_1_U/p_reg_reg/C[47:0] is not pipelined. Pipelining DSP48 input will improve performance.
Related violations: <none>

DPIP-1#16 Warning
Input pipelining  
DSP top_i/StreamingDataflowPartition_1/inst/StreamingDataflowPartition_1_MVAU_hls_2/StreamingDataflowPartition_1_MVAU_hls_2/inst/grp_Matrix_Vector_Activate_Stream_Batch_fu_30/mac_muladd_4s_4ns_8s_9_4_1_U30/MVAU_hls_2_mac_muladd_4s_4ns_8s_9_4_1_DSP48_1_U/p_reg_reg input top_i/StreamingDataflowPartition_1/inst/StreamingDataflowPartition_1_MVAU_hls_2/StreamingDataflowPartition_1_MVAU_hls_2/inst/grp_Matrix_Vector_Activate_Stream_Batch_fu_30/mac_muladd_4s_4ns_8s_9_4_1_U30/MVAU_hls_2_mac_muladd_4s_4ns_8s_9_4_1_DSP48_1_U/p_reg_reg/C[47:0] is not pipelined. Pipelining DSP48 input will improve performance.
Related violations: <none>

DPIP-1#17 Warning
Input pipelining  
DSP top_i/StreamingDataflowPartition_1/inst/StreamingDataflowPartition_1_MVAU_hls_2/StreamingDataflowPartition_1_MVAU_hls_2/inst/grp_Matrix_Vector_Activate_Stream_Batch_fu_30/mac_muladd_4s_4ns_8s_9_4_1_U31/MVAU_hls_2_mac_muladd_4s_4ns_8s_9_4_1_DSP48_1_U/p_reg_reg input top_i/StreamingDataflowPartition_1/inst/StreamingDataflowPartition_1_MVAU_hls_2/StreamingDataflowPartition_1_MVAU_hls_2/inst/grp_Matrix_Vector_Activate_Stream_Batch_fu_30/mac_muladd_4s_4ns_8s_9_4_1_U31/MVAU_hls_2_mac_muladd_4s_4ns_8s_9_4_1_DSP48_1_U/p_reg_reg/C[47:0] is not pipelined. Pipelining DSP48 input will improve performance.
Related violations: <none>

DPIP-1#18 Warning
Input pipelining  
DSP top_i/StreamingDataflowPartition_1/inst/StreamingDataflowPartition_1_MVAU_hls_2/StreamingDataflowPartition_1_MVAU_hls_2/inst/grp_Matrix_Vector_Activate_Stream_Batch_fu_30/mac_muladd_4s_4ns_8s_9_4_1_U32/MVAU_hls_2_mac_muladd_4s_4ns_8s_9_4_1_DSP48_1_U/p_reg_reg input top_i/StreamingDataflowPartition_1/inst/StreamingDataflowPartition_1_MVAU_hls_2/StreamingDataflowPartition_1_MVAU_hls_2/inst/grp_Matrix_Vector_Activate_Stream_Batch_fu_30/mac_muladd_4s_4ns_8s_9_4_1_U32/MVAU_hls_2_mac_muladd_4s_4ns_8s_9_4_1_DSP48_1_U/p_reg_reg/C[47:0] is not pipelined. Pipelining DSP48 input will improve performance.
Related violations: <none>

DPIP-1#19 Warning
Input pipelining  
DSP top_i/StreamingDataflowPartition_1/inst/StreamingDataflowPartition_1_MVAU_hls_3/StreamingDataflowPartition_1_MVAU_hls_3/inst/grp_Matrix_Vector_Activate_Stream_Batch_fu_30/mac_muladd_4ns_4s_8s_9_4_1_U17/MVAU_hls_3_mac_muladd_4ns_4s_8s_9_4_1_DSP48_0_U/p_reg_reg input top_i/StreamingDataflowPartition_1/inst/StreamingDataflowPartition_1_MVAU_hls_3/StreamingDataflowPartition_1_MVAU_hls_3/inst/grp_Matrix_Vector_Activate_Stream_Batch_fu_30/mac_muladd_4ns_4s_8s_9_4_1_U17/MVAU_hls_3_mac_muladd_4ns_4s_8s_9_4_1_DSP48_0_U/p_reg_reg/C[47:0] is not pipelined. Pipelining DSP48 input will improve performance.
Related violations: <none>

DPIP-1#20 Warning
Input pipelining  
DSP top_i/StreamingDataflowPartition_1/inst/StreamingDataflowPartition_1_MVAU_hls_3/StreamingDataflowPartition_1_MVAU_hls_3/inst/grp_Matrix_Vector_Activate_Stream_Batch_fu_30/mac_muladd_4s_4ns_8s_9_4_1_U18/MVAU_hls_3_mac_muladd_4s_4ns_8s_9_4_1_DSP48_1_U/p_reg_reg input top_i/StreamingDataflowPartition_1/inst/StreamingDataflowPartition_1_MVAU_hls_3/StreamingDataflowPartition_1_MVAU_hls_3/inst/grp_Matrix_Vector_Activate_Stream_Batch_fu_30/mac_muladd_4s_4ns_8s_9_4_1_U18/MVAU_hls_3_mac_muladd_4s_4ns_8s_9_4_1_DSP48_1_U/p_reg_reg/C[47:0] is not pipelined. Pipelining DSP48 input will improve performance.
Related violations: <none>

DPIP-1#21 Warning
Input pipelining  
DSP top_i/StreamingDataflowPartition_1/inst/StreamingDataflowPartition_1_MVAU_hls_3/StreamingDataflowPartition_1_MVAU_hls_3/inst/grp_Matrix_Vector_Activate_Stream_Batch_fu_30/mac_muladd_4s_4ns_8s_9_4_1_U19/MVAU_hls_3_mac_muladd_4s_4ns_8s_9_4_1_DSP48_1_U/p_reg_reg input top_i/StreamingDataflowPartition_1/inst/StreamingDataflowPartition_1_MVAU_hls_3/StreamingDataflowPartition_1_MVAU_hls_3/inst/grp_Matrix_Vector_Activate_Stream_Batch_fu_30/mac_muladd_4s_4ns_8s_9_4_1_U19/MVAU_hls_3_mac_muladd_4s_4ns_8s_9_4_1_DSP48_1_U/p_reg_reg/C[47:0] is not pipelined. Pipelining DSP48 input will improve performance.
Related violations: <none>

DPIP-1#22 Warning
Input pipelining  
DSP top_i/StreamingDataflowPartition_1/inst/StreamingDataflowPartition_1_MVAU_hls_3/StreamingDataflowPartition_1_MVAU_hls_3/inst/grp_Matrix_Vector_Activate_Stream_Batch_fu_30/mac_muladd_4s_4ns_8s_9_4_1_U20/MVAU_hls_3_mac_muladd_4s_4ns_8s_9_4_1_DSP48_1_U/p_reg_reg input top_i/StreamingDataflowPartition_1/inst/StreamingDataflowPartition_1_MVAU_hls_3/StreamingDataflowPartition_1_MVAU_hls_3/inst/grp_Matrix_Vector_Activate_Stream_Batch_fu_30/mac_muladd_4s_4ns_8s_9_4_1_U20/MVAU_hls_3_mac_muladd_4s_4ns_8s_9_4_1_DSP48_1_U/p_reg_reg/C[47:0] is not pipelined. Pipelining DSP48 input will improve performance.
Related violations: <none>

DPIP-1#23 Warning
Input pipelining  
DSP top_i/StreamingDataflowPartition_1/inst/StreamingDataflowPartition_1_MVAU_hls_3/StreamingDataflowPartition_1_MVAU_hls_3/inst/grp_Matrix_Vector_Activate_Stream_Batch_fu_30/mac_muladd_4s_4ns_8s_9_4_1_U21/MVAU_hls_3_mac_muladd_4s_4ns_8s_9_4_1_DSP48_1_U/p_reg_reg input top_i/StreamingDataflowPartition_1/inst/StreamingDataflowPartition_1_MVAU_hls_3/StreamingDataflowPartition_1_MVAU_hls_3/inst/grp_Matrix_Vector_Activate_Stream_Batch_fu_30/mac_muladd_4s_4ns_8s_9_4_1_U21/MVAU_hls_3_mac_muladd_4s_4ns_8s_9_4_1_DSP48_1_U/p_reg_reg/C[47:0] is not pipelined. Pipelining DSP48 input will improve performance.
Related violations: <none>

DPIP-1#24 Warning
Input pipelining  
DSP top_i/StreamingDataflowPartition_1/inst/StreamingDataflowPartition_1_MVAU_hls_3/StreamingDataflowPartition_1_MVAU_hls_3/inst/grp_Matrix_Vector_Activate_Stream_Batch_fu_30/mac_muladd_4s_4ns_8s_9_4_1_U22/MVAU_hls_3_mac_muladd_4s_4ns_8s_9_4_1_DSP48_1_U/p_reg_reg input top_i/StreamingDataflowPartition_1/inst/StreamingDataflowPartition_1_MVAU_hls_3/StreamingDataflowPartition_1_MVAU_hls_3/inst/grp_Matrix_Vector_Activate_Stream_Batch_fu_30/mac_muladd_4s_4ns_8s_9_4_1_U22/MVAU_hls_3_mac_muladd_4s_4ns_8s_9_4_1_DSP48_1_U/p_reg_reg/C[47:0] is not pipelined. Pipelining DSP48 input will improve performance.
Related violations: <none>

DPIP-1#25 Warning
Input pipelining  
DSP top_i/StreamingDataflowPartition_1/inst/StreamingDataflowPartition_1_MVAU_hls_3/StreamingDataflowPartition_1_MVAU_hls_3/inst/grp_Matrix_Vector_Activate_Stream_Batch_fu_30/mac_muladd_4s_4ns_8s_9_4_1_U23/MVAU_hls_3_mac_muladd_4s_4ns_8s_9_4_1_DSP48_1_U/p_reg_reg input top_i/StreamingDataflowPartition_1/inst/StreamingDataflowPartition_1_MVAU_hls_3/StreamingDataflowPartition_1_MVAU_hls_3/inst/grp_Matrix_Vector_Activate_Stream_Batch_fu_30/mac_muladd_4s_4ns_8s_9_4_1_U23/MVAU_hls_3_mac_muladd_4s_4ns_8s_9_4_1_DSP48_1_U/p_reg_reg/C[47:0] is not pipelined. Pipelining DSP48 input will improve performance.
Related violations: <none>

DPIP-1#26 Warning
Input pipelining  
DSP top_i/StreamingDataflowPartition_1/inst/StreamingDataflowPartition_1_MVAU_hls_3/StreamingDataflowPartition_1_MVAU_hls_3/inst/grp_Matrix_Vector_Activate_Stream_Batch_fu_30/mac_muladd_4s_4ns_8s_9_4_1_U24/MVAU_hls_3_mac_muladd_4s_4ns_8s_9_4_1_DSP48_1_U/p_reg_reg input top_i/StreamingDataflowPartition_1/inst/StreamingDataflowPartition_1_MVAU_hls_3/StreamingDataflowPartition_1_MVAU_hls_3/inst/grp_Matrix_Vector_Activate_Stream_Batch_fu_30/mac_muladd_4s_4ns_8s_9_4_1_U24/MVAU_hls_3_mac_muladd_4s_4ns_8s_9_4_1_DSP48_1_U/p_reg_reg/C[47:0] is not pipelined. Pipelining DSP48 input will improve performance.
Related violations: <none>

DPIP-1#27 Warning
Input pipelining  
DSP top_i/StreamingDataflowPartition_1/inst/StreamingDataflowPartition_1_MVAU_hls_3/StreamingDataflowPartition_1_MVAU_hls_3/inst/grp_Matrix_Vector_Activate_Stream_Batch_fu_30/mac_muladd_4s_4ns_8s_9_4_1_U25/MVAU_hls_3_mac_muladd_4s_4ns_8s_9_4_1_DSP48_1_U/p_reg_reg input top_i/StreamingDataflowPartition_1/inst/StreamingDataflowPartition_1_MVAU_hls_3/StreamingDataflowPartition_1_MVAU_hls_3/inst/grp_Matrix_Vector_Activate_Stream_Batch_fu_30/mac_muladd_4s_4ns_8s_9_4_1_U25/MVAU_hls_3_mac_muladd_4s_4ns_8s_9_4_1_DSP48_1_U/p_reg_reg/C[47:0] is not pipelined. Pipelining DSP48 input will improve performance.
Related violations: <none>

DPIP-1#28 Warning
Input pipelining  
DSP top_i/StreamingDataflowPartition_1/inst/StreamingDataflowPartition_1_MVAU_hls_3/StreamingDataflowPartition_1_MVAU_hls_3/inst/grp_Matrix_Vector_Activate_Stream_Batch_fu_30/mac_muladd_4s_4ns_8s_9_4_1_U26/MVAU_hls_3_mac_muladd_4s_4ns_8s_9_4_1_DSP48_1_U/p_reg_reg input top_i/StreamingDataflowPartition_1/inst/StreamingDataflowPartition_1_MVAU_hls_3/StreamingDataflowPartition_1_MVAU_hls_3/inst/grp_Matrix_Vector_Activate_Stream_Batch_fu_30/mac_muladd_4s_4ns_8s_9_4_1_U26/MVAU_hls_3_mac_muladd_4s_4ns_8s_9_4_1_DSP48_1_U/p_reg_reg/C[47:0] is not pipelined. Pipelining DSP48 input will improve performance.
Related violations: <none>

DPIP-1#29 Warning
Input pipelining  
DSP top_i/StreamingDataflowPartition_1/inst/StreamingDataflowPartition_1_MVAU_hls_3/StreamingDataflowPartition_1_MVAU_hls_3/inst/grp_Matrix_Vector_Activate_Stream_Batch_fu_30/mac_muladd_4s_4ns_8s_9_4_1_U27/MVAU_hls_3_mac_muladd_4s_4ns_8s_9_4_1_DSP48_1_U/p_reg_reg input top_i/StreamingDataflowPartition_1/inst/StreamingDataflowPartition_1_MVAU_hls_3/StreamingDataflowPartition_1_MVAU_hls_3/inst/grp_Matrix_Vector_Activate_Stream_Batch_fu_30/mac_muladd_4s_4ns_8s_9_4_1_U27/MVAU_hls_3_mac_muladd_4s_4ns_8s_9_4_1_DSP48_1_U/p_reg_reg/C[47:0] is not pipelined. Pipelining DSP48 input will improve performance.
Related violations: <none>

DPIP-1#30 Warning
Input pipelining  
DSP top_i/StreamingDataflowPartition_1/inst/StreamingDataflowPartition_1_MVAU_hls_3/StreamingDataflowPartition_1_MVAU_hls_3/inst/grp_Matrix_Vector_Activate_Stream_Batch_fu_30/mac_muladd_4s_4ns_8s_9_4_1_U28/MVAU_hls_3_mac_muladd_4s_4ns_8s_9_4_1_DSP48_1_U/p_reg_reg input top_i/StreamingDataflowPartition_1/inst/StreamingDataflowPartition_1_MVAU_hls_3/StreamingDataflowPartition_1_MVAU_hls_3/inst/grp_Matrix_Vector_Activate_Stream_Batch_fu_30/mac_muladd_4s_4ns_8s_9_4_1_U28/MVAU_hls_3_mac_muladd_4s_4ns_8s_9_4_1_DSP48_1_U/p_reg_reg/C[47:0] is not pipelined. Pipelining DSP48 input will improve performance.
Related violations: <none>

DPIP-1#31 Warning
Input pipelining  
DSP top_i/StreamingDataflowPartition_1/inst/StreamingDataflowPartition_1_MVAU_hls_3/StreamingDataflowPartition_1_MVAU_hls_3/inst/grp_Matrix_Vector_Activate_Stream_Batch_fu_30/mac_muladd_4s_4ns_8s_9_4_1_U29/MVAU_hls_3_mac_muladd_4s_4ns_8s_9_4_1_DSP48_1_U/p_reg_reg input top_i/StreamingDataflowPartition_1/inst/StreamingDataflowPartition_1_MVAU_hls_3/StreamingDataflowPartition_1_MVAU_hls_3/inst/grp_Matrix_Vector_Activate_Stream_Batch_fu_30/mac_muladd_4s_4ns_8s_9_4_1_U29/MVAU_hls_3_mac_muladd_4s_4ns_8s_9_4_1_DSP48_1_U/p_reg_reg/C[47:0] is not pipelined. Pipelining DSP48 input will improve performance.
Related violations: <none>

DPIP-1#32 Warning
Input pipelining  
DSP top_i/StreamingDataflowPartition_1/inst/StreamingDataflowPartition_1_MVAU_hls_3/StreamingDataflowPartition_1_MVAU_hls_3/inst/grp_Matrix_Vector_Activate_Stream_Batch_fu_30/mac_muladd_4s_4ns_8s_9_4_1_U30/MVAU_hls_3_mac_muladd_4s_4ns_8s_9_4_1_DSP48_1_U/p_reg_reg input top_i/StreamingDataflowPartition_1/inst/StreamingDataflowPartition_1_MVAU_hls_3/StreamingDataflowPartition_1_MVAU_hls_3/inst/grp_Matrix_Vector_Activate_Stream_Batch_fu_30/mac_muladd_4s_4ns_8s_9_4_1_U30/MVAU_hls_3_mac_muladd_4s_4ns_8s_9_4_1_DSP48_1_U/p_reg_reg/C[47:0] is not pipelined. Pipelining DSP48 input will improve performance.
Related violations: <none>

DPIP-1#33 Warning
Input pipelining  
DSP top_i/StreamingDataflowPartition_1/inst/StreamingDataflowPartition_1_MVAU_hls_3/StreamingDataflowPartition_1_MVAU_hls_3/inst/grp_Matrix_Vector_Activate_Stream_Batch_fu_30/mac_muladd_4s_4ns_8s_9_4_1_U31/MVAU_hls_3_mac_muladd_4s_4ns_8s_9_4_1_DSP48_1_U/p_reg_reg input top_i/StreamingDataflowPartition_1/inst/StreamingDataflowPartition_1_MVAU_hls_3/StreamingDataflowPartition_1_MVAU_hls_3/inst/grp_Matrix_Vector_Activate_Stream_Batch_fu_30/mac_muladd_4s_4ns_8s_9_4_1_U31/MVAU_hls_3_mac_muladd_4s_4ns_8s_9_4_1_DSP48_1_U/p_reg_reg/C[47:0] is not pipelined. Pipelining DSP48 input will improve performance.
Related violations: <none>

DPIP-1#34 Warning
Input pipelining  
DSP top_i/StreamingDataflowPartition_1/inst/StreamingDataflowPartition_1_MVAU_hls_3/StreamingDataflowPartition_1_MVAU_hls_3/inst/grp_Matrix_Vector_Activate_Stream_Batch_fu_30/mac_muladd_4s_4ns_8s_9_4_1_U32/MVAU_hls_3_mac_muladd_4s_4ns_8s_9_4_1_DSP48_1_U/p_reg_reg input top_i/StreamingDataflowPartition_1/inst/StreamingDataflowPartition_1_MVAU_hls_3/StreamingDataflowPartition_1_MVAU_hls_3/inst/grp_Matrix_Vector_Activate_Stream_Batch_fu_30/mac_muladd_4s_4ns_8s_9_4_1_U32/MVAU_hls_3_mac_muladd_4s_4ns_8s_9_4_1_DSP48_1_U/p_reg_reg/C[47:0] is not pipelined. Pipelining DSP48 input will improve performance.
Related violations: <none>

DPIP-1#35 Warning
Input pipelining  
DSP top_i/StreamingDataflowPartition_1/inst/StreamingDataflowPartition_1_MVAU_hls_4/StreamingDataflowPartition_1_MVAU_hls_4/inst/grp_Matrix_Vector_Activate_Stream_Batch_fu_30/mac_muladd_4ns_4s_8s_9_4_1_U17/MVAU_hls_4_mac_muladd_4ns_4s_8s_9_4_1_DSP48_0_U/p_reg_reg input top_i/StreamingDataflowPartition_1/inst/StreamingDataflowPartition_1_MVAU_hls_4/StreamingDataflowPartition_1_MVAU_hls_4/inst/grp_Matrix_Vector_Activate_Stream_Batch_fu_30/mac_muladd_4ns_4s_8s_9_4_1_U17/MVAU_hls_4_mac_muladd_4ns_4s_8s_9_4_1_DSP48_0_U/p_reg_reg/C[47:0] is not pipelined. Pipelining DSP48 input will improve performance.
Related violations: <none>

DPIP-1#36 Warning
Input pipelining  
DSP top_i/StreamingDataflowPartition_1/inst/StreamingDataflowPartition_1_MVAU_hls_4/StreamingDataflowPartition_1_MVAU_hls_4/inst/grp_Matrix_Vector_Activate_Stream_Batch_fu_30/mac_muladd_4s_4ns_8s_9_4_1_U18/MVAU_hls_4_mac_muladd_4s_4ns_8s_9_4_1_DSP48_1_U/p_reg_reg input top_i/StreamingDataflowPartition_1/inst/StreamingDataflowPartition_1_MVAU_hls_4/StreamingDataflowPartition_1_MVAU_hls_4/inst/grp_Matrix_Vector_Activate_Stream_Batch_fu_30/mac_muladd_4s_4ns_8s_9_4_1_U18/MVAU_hls_4_mac_muladd_4s_4ns_8s_9_4_1_DSP48_1_U/p_reg_reg/C[47:0] is not pipelined. Pipelining DSP48 input will improve performance.
Related violations: <none>

DPIP-1#37 Warning
Input pipelining  
DSP top_i/StreamingDataflowPartition_1/inst/StreamingDataflowPartition_1_MVAU_hls_4/StreamingDataflowPartition_1_MVAU_hls_4/inst/grp_Matrix_Vector_Activate_Stream_Batch_fu_30/mac_muladd_4s_4ns_8s_9_4_1_U19/MVAU_hls_4_mac_muladd_4s_4ns_8s_9_4_1_DSP48_1_U/p_reg_reg input top_i/StreamingDataflowPartition_1/inst/StreamingDataflowPartition_1_MVAU_hls_4/StreamingDataflowPartition_1_MVAU_hls_4/inst/grp_Matrix_Vector_Activate_Stream_Batch_fu_30/mac_muladd_4s_4ns_8s_9_4_1_U19/MVAU_hls_4_mac_muladd_4s_4ns_8s_9_4_1_DSP48_1_U/p_reg_reg/C[47:0] is not pipelined. Pipelining DSP48 input will improve performance.
Related violations: <none>

DPIP-1#38 Warning
Input pipelining  
DSP top_i/StreamingDataflowPartition_1/inst/StreamingDataflowPartition_1_MVAU_hls_4/StreamingDataflowPartition_1_MVAU_hls_4/inst/grp_Matrix_Vector_Activate_Stream_Batch_fu_30/mac_muladd_4s_4ns_8s_9_4_1_U20/MVAU_hls_4_mac_muladd_4s_4ns_8s_9_4_1_DSP48_1_U/p_reg_reg input top_i/StreamingDataflowPartition_1/inst/StreamingDataflowPartition_1_MVAU_hls_4/StreamingDataflowPartition_1_MVAU_hls_4/inst/grp_Matrix_Vector_Activate_Stream_Batch_fu_30/mac_muladd_4s_4ns_8s_9_4_1_U20/MVAU_hls_4_mac_muladd_4s_4ns_8s_9_4_1_DSP48_1_U/p_reg_reg/C[47:0] is not pipelined. Pipelining DSP48 input will improve performance.
Related violations: <none>

DPIP-1#39 Warning
Input pipelining  
DSP top_i/StreamingDataflowPartition_1/inst/StreamingDataflowPartition_1_MVAU_hls_4/StreamingDataflowPartition_1_MVAU_hls_4/inst/grp_Matrix_Vector_Activate_Stream_Batch_fu_30/mac_muladd_4s_4ns_8s_9_4_1_U21/MVAU_hls_4_mac_muladd_4s_4ns_8s_9_4_1_DSP48_1_U/p_reg_reg input top_i/StreamingDataflowPartition_1/inst/StreamingDataflowPartition_1_MVAU_hls_4/StreamingDataflowPartition_1_MVAU_hls_4/inst/grp_Matrix_Vector_Activate_Stream_Batch_fu_30/mac_muladd_4s_4ns_8s_9_4_1_U21/MVAU_hls_4_mac_muladd_4s_4ns_8s_9_4_1_DSP48_1_U/p_reg_reg/C[47:0] is not pipelined. Pipelining DSP48 input will improve performance.
Related violations: <none>

DPIP-1#40 Warning
Input pipelining  
DSP top_i/StreamingDataflowPartition_1/inst/StreamingDataflowPartition_1_MVAU_hls_4/StreamingDataflowPartition_1_MVAU_hls_4/inst/grp_Matrix_Vector_Activate_Stream_Batch_fu_30/mac_muladd_4s_4ns_8s_9_4_1_U22/MVAU_hls_4_mac_muladd_4s_4ns_8s_9_4_1_DSP48_1_U/p_reg_reg input top_i/StreamingDataflowPartition_1/inst/StreamingDataflowPartition_1_MVAU_hls_4/StreamingDataflowPartition_1_MVAU_hls_4/inst/grp_Matrix_Vector_Activate_Stream_Batch_fu_30/mac_muladd_4s_4ns_8s_9_4_1_U22/MVAU_hls_4_mac_muladd_4s_4ns_8s_9_4_1_DSP48_1_U/p_reg_reg/C[47:0] is not pipelined. Pipelining DSP48 input will improve performance.
Related violations: <none>

DPIP-1#41 Warning
Input pipelining  
DSP top_i/StreamingDataflowPartition_1/inst/StreamingDataflowPartition_1_MVAU_hls_4/StreamingDataflowPartition_1_MVAU_hls_4/inst/grp_Matrix_Vector_Activate_Stream_Batch_fu_30/mac_muladd_4s_4ns_8s_9_4_1_U23/MVAU_hls_4_mac_muladd_4s_4ns_8s_9_4_1_DSP48_1_U/p_reg_reg input top_i/StreamingDataflowPartition_1/inst/StreamingDataflowPartition_1_MVAU_hls_4/StreamingDataflowPartition_1_MVAU_hls_4/inst/grp_Matrix_Vector_Activate_Stream_Batch_fu_30/mac_muladd_4s_4ns_8s_9_4_1_U23/MVAU_hls_4_mac_muladd_4s_4ns_8s_9_4_1_DSP48_1_U/p_reg_reg/C[47:0] is not pipelined. Pipelining DSP48 input will improve performance.
Related violations: <none>

DPIP-1#42 Warning
Input pipelining  
DSP top_i/StreamingDataflowPartition_1/inst/StreamingDataflowPartition_1_MVAU_hls_4/StreamingDataflowPartition_1_MVAU_hls_4/inst/grp_Matrix_Vector_Activate_Stream_Batch_fu_30/mac_muladd_4s_4ns_8s_9_4_1_U24/MVAU_hls_4_mac_muladd_4s_4ns_8s_9_4_1_DSP48_1_U/p_reg_reg input top_i/StreamingDataflowPartition_1/inst/StreamingDataflowPartition_1_MVAU_hls_4/StreamingDataflowPartition_1_MVAU_hls_4/inst/grp_Matrix_Vector_Activate_Stream_Batch_fu_30/mac_muladd_4s_4ns_8s_9_4_1_U24/MVAU_hls_4_mac_muladd_4s_4ns_8s_9_4_1_DSP48_1_U/p_reg_reg/C[47:0] is not pipelined. Pipelining DSP48 input will improve performance.
Related violations: <none>

DPIP-1#43 Warning
Input pipelining  
DSP top_i/StreamingDataflowPartition_1/inst/StreamingDataflowPartition_1_MVAU_hls_4/StreamingDataflowPartition_1_MVAU_hls_4/inst/grp_Matrix_Vector_Activate_Stream_Batch_fu_30/mac_muladd_4s_4ns_8s_9_4_1_U25/MVAU_hls_4_mac_muladd_4s_4ns_8s_9_4_1_DSP48_1_U/p_reg_reg input top_i/StreamingDataflowPartition_1/inst/StreamingDataflowPartition_1_MVAU_hls_4/StreamingDataflowPartition_1_MVAU_hls_4/inst/grp_Matrix_Vector_Activate_Stream_Batch_fu_30/mac_muladd_4s_4ns_8s_9_4_1_U25/MVAU_hls_4_mac_muladd_4s_4ns_8s_9_4_1_DSP48_1_U/p_reg_reg/C[47:0] is not pipelined. Pipelining DSP48 input will improve performance.
Related violations: <none>

DPIP-1#44 Warning
Input pipelining  
DSP top_i/StreamingDataflowPartition_1/inst/StreamingDataflowPartition_1_MVAU_hls_4/StreamingDataflowPartition_1_MVAU_hls_4/inst/grp_Matrix_Vector_Activate_Stream_Batch_fu_30/mac_muladd_4s_4ns_8s_9_4_1_U26/MVAU_hls_4_mac_muladd_4s_4ns_8s_9_4_1_DSP48_1_U/p_reg_reg input top_i/StreamingDataflowPartition_1/inst/StreamingDataflowPartition_1_MVAU_hls_4/StreamingDataflowPartition_1_MVAU_hls_4/inst/grp_Matrix_Vector_Activate_Stream_Batch_fu_30/mac_muladd_4s_4ns_8s_9_4_1_U26/MVAU_hls_4_mac_muladd_4s_4ns_8s_9_4_1_DSP48_1_U/p_reg_reg/C[47:0] is not pipelined. Pipelining DSP48 input will improve performance.
Related violations: <none>

DPIP-1#45 Warning
Input pipelining  
DSP top_i/StreamingDataflowPartition_1/inst/StreamingDataflowPartition_1_MVAU_hls_4/StreamingDataflowPartition_1_MVAU_hls_4/inst/grp_Matrix_Vector_Activate_Stream_Batch_fu_30/mac_muladd_4s_4ns_8s_9_4_1_U27/MVAU_hls_4_mac_muladd_4s_4ns_8s_9_4_1_DSP48_1_U/p_reg_reg input top_i/StreamingDataflowPartition_1/inst/StreamingDataflowPartition_1_MVAU_hls_4/StreamingDataflowPartition_1_MVAU_hls_4/inst/grp_Matrix_Vector_Activate_Stream_Batch_fu_30/mac_muladd_4s_4ns_8s_9_4_1_U27/MVAU_hls_4_mac_muladd_4s_4ns_8s_9_4_1_DSP48_1_U/p_reg_reg/C[47:0] is not pipelined. Pipelining DSP48 input will improve performance.
Related violations: <none>

DPIP-1#46 Warning
Input pipelining  
DSP top_i/StreamingDataflowPartition_1/inst/StreamingDataflowPartition_1_MVAU_hls_4/StreamingDataflowPartition_1_MVAU_hls_4/inst/grp_Matrix_Vector_Activate_Stream_Batch_fu_30/mac_muladd_4s_4ns_8s_9_4_1_U28/MVAU_hls_4_mac_muladd_4s_4ns_8s_9_4_1_DSP48_1_U/p_reg_reg input top_i/StreamingDataflowPartition_1/inst/StreamingDataflowPartition_1_MVAU_hls_4/StreamingDataflowPartition_1_MVAU_hls_4/inst/grp_Matrix_Vector_Activate_Stream_Batch_fu_30/mac_muladd_4s_4ns_8s_9_4_1_U28/MVAU_hls_4_mac_muladd_4s_4ns_8s_9_4_1_DSP48_1_U/p_reg_reg/C[47:0] is not pipelined. Pipelining DSP48 input will improve performance.
Related violations: <none>

DPIP-1#47 Warning
Input pipelining  
DSP top_i/StreamingDataflowPartition_1/inst/StreamingDataflowPartition_1_MVAU_hls_4/StreamingDataflowPartition_1_MVAU_hls_4/inst/grp_Matrix_Vector_Activate_Stream_Batch_fu_30/mac_muladd_4s_4ns_8s_9_4_1_U29/MVAU_hls_4_mac_muladd_4s_4ns_8s_9_4_1_DSP48_1_U/p_reg_reg input top_i/StreamingDataflowPartition_1/inst/StreamingDataflowPartition_1_MVAU_hls_4/StreamingDataflowPartition_1_MVAU_hls_4/inst/grp_Matrix_Vector_Activate_Stream_Batch_fu_30/mac_muladd_4s_4ns_8s_9_4_1_U29/MVAU_hls_4_mac_muladd_4s_4ns_8s_9_4_1_DSP48_1_U/p_reg_reg/C[47:0] is not pipelined. Pipelining DSP48 input will improve performance.
Related violations: <none>

DPIP-1#48 Warning
Input pipelining  
DSP top_i/StreamingDataflowPartition_1/inst/StreamingDataflowPartition_1_MVAU_hls_4/StreamingDataflowPartition_1_MVAU_hls_4/inst/grp_Matrix_Vector_Activate_Stream_Batch_fu_30/mac_muladd_4s_4ns_8s_9_4_1_U30/MVAU_hls_4_mac_muladd_4s_4ns_8s_9_4_1_DSP48_1_U/p_reg_reg input top_i/StreamingDataflowPartition_1/inst/StreamingDataflowPartition_1_MVAU_hls_4/StreamingDataflowPartition_1_MVAU_hls_4/inst/grp_Matrix_Vector_Activate_Stream_Batch_fu_30/mac_muladd_4s_4ns_8s_9_4_1_U30/MVAU_hls_4_mac_muladd_4s_4ns_8s_9_4_1_DSP48_1_U/p_reg_reg/C[47:0] is not pipelined. Pipelining DSP48 input will improve performance.
Related violations: <none>

DPIP-1#49 Warning
Input pipelining  
DSP top_i/StreamingDataflowPartition_1/inst/StreamingDataflowPartition_1_MVAU_hls_4/StreamingDataflowPartition_1_MVAU_hls_4/inst/grp_Matrix_Vector_Activate_Stream_Batch_fu_30/mac_muladd_4s_4ns_8s_9_4_1_U31/MVAU_hls_4_mac_muladd_4s_4ns_8s_9_4_1_DSP48_1_U/p_reg_reg input top_i/StreamingDataflowPartition_1/inst/StreamingDataflowPartition_1_MVAU_hls_4/StreamingDataflowPartition_1_MVAU_hls_4/inst/grp_Matrix_Vector_Activate_Stream_Batch_fu_30/mac_muladd_4s_4ns_8s_9_4_1_U31/MVAU_hls_4_mac_muladd_4s_4ns_8s_9_4_1_DSP48_1_U/p_reg_reg/C[47:0] is not pipelined. Pipelining DSP48 input will improve performance.
Related violations: <none>

DPIP-1#50 Warning
Input pipelining  
DSP top_i/StreamingDataflowPartition_1/inst/StreamingDataflowPartition_1_MVAU_hls_4/StreamingDataflowPartition_1_MVAU_hls_4/inst/grp_Matrix_Vector_Activate_Stream_Batch_fu_30/mac_muladd_4s_4ns_8s_9_4_1_U32/MVAU_hls_4_mac_muladd_4s_4ns_8s_9_4_1_DSP48_1_U/p_reg_reg input top_i/StreamingDataflowPartition_1/inst/StreamingDataflowPartition_1_MVAU_hls_4/StreamingDataflowPartition_1_MVAU_hls_4/inst/grp_Matrix_Vector_Activate_Stream_Batch_fu_30/mac_muladd_4s_4ns_8s_9_4_1_U32/MVAU_hls_4_mac_muladd_4s_4ns_8s_9_4_1_DSP48_1_U/p_reg_reg/C[47:0] is not pipelined. Pipelining DSP48 input will improve performance.
Related violations: <none>

DPIP-1#51 Warning
Input pipelining  
DSP top_i/StreamingDataflowPartition_1/inst/StreamingDataflowPartition_1_MVAU_hls_5/StreamingDataflowPartition_1_MVAU_hls_5/inst/grp_Matrix_Vector_Activate_Stream_Batch_fu_30/mac_muladd_4ns_4s_8s_9_4_1_U17/MVAU_hls_5_mac_muladd_4ns_4s_8s_9_4_1_DSP48_0_U/p_reg_reg input top_i/StreamingDataflowPartition_1/inst/StreamingDataflowPartition_1_MVAU_hls_5/StreamingDataflowPartition_1_MVAU_hls_5/inst/grp_Matrix_Vector_Activate_Stream_Batch_fu_30/mac_muladd_4ns_4s_8s_9_4_1_U17/MVAU_hls_5_mac_muladd_4ns_4s_8s_9_4_1_DSP48_0_U/p_reg_reg/C[47:0] is not pipelined. Pipelining DSP48 input will improve performance.
Related violations: <none>

DPIP-1#52 Warning
Input pipelining  
DSP top_i/StreamingDataflowPartition_1/inst/StreamingDataflowPartition_1_MVAU_hls_5/StreamingDataflowPartition_1_MVAU_hls_5/inst/grp_Matrix_Vector_Activate_Stream_Batch_fu_30/mac_muladd_4s_4ns_8s_9_4_1_U18/MVAU_hls_5_mac_muladd_4s_4ns_8s_9_4_1_DSP48_1_U/p_reg_reg input top_i/StreamingDataflowPartition_1/inst/StreamingDataflowPartition_1_MVAU_hls_5/StreamingDataflowPartition_1_MVAU_hls_5/inst/grp_Matrix_Vector_Activate_Stream_Batch_fu_30/mac_muladd_4s_4ns_8s_9_4_1_U18/MVAU_hls_5_mac_muladd_4s_4ns_8s_9_4_1_DSP48_1_U/p_reg_reg/C[47:0] is not pipelined. Pipelining DSP48 input will improve performance.
Related violations: <none>

DPIP-1#53 Warning
Input pipelining  
DSP top_i/StreamingDataflowPartition_1/inst/StreamingDataflowPartition_1_MVAU_hls_5/StreamingDataflowPartition_1_MVAU_hls_5/inst/grp_Matrix_Vector_Activate_Stream_Batch_fu_30/mac_muladd_4s_4ns_8s_9_4_1_U19/MVAU_hls_5_mac_muladd_4s_4ns_8s_9_4_1_DSP48_1_U/p_reg_reg input top_i/StreamingDataflowPartition_1/inst/StreamingDataflowPartition_1_MVAU_hls_5/StreamingDataflowPartition_1_MVAU_hls_5/inst/grp_Matrix_Vector_Activate_Stream_Batch_fu_30/mac_muladd_4s_4ns_8s_9_4_1_U19/MVAU_hls_5_mac_muladd_4s_4ns_8s_9_4_1_DSP48_1_U/p_reg_reg/C[47:0] is not pipelined. Pipelining DSP48 input will improve performance.
Related violations: <none>

DPIP-1#54 Warning
Input pipelining  
DSP top_i/StreamingDataflowPartition_1/inst/StreamingDataflowPartition_1_MVAU_hls_5/StreamingDataflowPartition_1_MVAU_hls_5/inst/grp_Matrix_Vector_Activate_Stream_Batch_fu_30/mac_muladd_4s_4ns_8s_9_4_1_U20/MVAU_hls_5_mac_muladd_4s_4ns_8s_9_4_1_DSP48_1_U/p_reg_reg input top_i/StreamingDataflowPartition_1/inst/StreamingDataflowPartition_1_MVAU_hls_5/StreamingDataflowPartition_1_MVAU_hls_5/inst/grp_Matrix_Vector_Activate_Stream_Batch_fu_30/mac_muladd_4s_4ns_8s_9_4_1_U20/MVAU_hls_5_mac_muladd_4s_4ns_8s_9_4_1_DSP48_1_U/p_reg_reg/C[47:0] is not pipelined. Pipelining DSP48 input will improve performance.
Related violations: <none>

DPIP-1#55 Warning
Input pipelining  
DSP top_i/StreamingDataflowPartition_1/inst/StreamingDataflowPartition_1_MVAU_hls_5/StreamingDataflowPartition_1_MVAU_hls_5/inst/grp_Matrix_Vector_Activate_Stream_Batch_fu_30/mac_muladd_4s_4ns_8s_9_4_1_U21/MVAU_hls_5_mac_muladd_4s_4ns_8s_9_4_1_DSP48_1_U/p_reg_reg input top_i/StreamingDataflowPartition_1/inst/StreamingDataflowPartition_1_MVAU_hls_5/StreamingDataflowPartition_1_MVAU_hls_5/inst/grp_Matrix_Vector_Activate_Stream_Batch_fu_30/mac_muladd_4s_4ns_8s_9_4_1_U21/MVAU_hls_5_mac_muladd_4s_4ns_8s_9_4_1_DSP48_1_U/p_reg_reg/C[47:0] is not pipelined. Pipelining DSP48 input will improve performance.
Related violations: <none>

DPIP-1#56 Warning
Input pipelining  
DSP top_i/StreamingDataflowPartition_1/inst/StreamingDataflowPartition_1_MVAU_hls_5/StreamingDataflowPartition_1_MVAU_hls_5/inst/grp_Matrix_Vector_Activate_Stream_Batch_fu_30/mac_muladd_4s_4ns_8s_9_4_1_U22/MVAU_hls_5_mac_muladd_4s_4ns_8s_9_4_1_DSP48_1_U/p_reg_reg input top_i/StreamingDataflowPartition_1/inst/StreamingDataflowPartition_1_MVAU_hls_5/StreamingDataflowPartition_1_MVAU_hls_5/inst/grp_Matrix_Vector_Activate_Stream_Batch_fu_30/mac_muladd_4s_4ns_8s_9_4_1_U22/MVAU_hls_5_mac_muladd_4s_4ns_8s_9_4_1_DSP48_1_U/p_reg_reg/C[47:0] is not pipelined. Pipelining DSP48 input will improve performance.
Related violations: <none>

DPIP-1#57 Warning
Input pipelining  
DSP top_i/StreamingDataflowPartition_1/inst/StreamingDataflowPartition_1_MVAU_hls_5/StreamingDataflowPartition_1_MVAU_hls_5/inst/grp_Matrix_Vector_Activate_Stream_Batch_fu_30/mac_muladd_4s_4ns_8s_9_4_1_U23/MVAU_hls_5_mac_muladd_4s_4ns_8s_9_4_1_DSP48_1_U/p_reg_reg input top_i/StreamingDataflowPartition_1/inst/StreamingDataflowPartition_1_MVAU_hls_5/StreamingDataflowPartition_1_MVAU_hls_5/inst/grp_Matrix_Vector_Activate_Stream_Batch_fu_30/mac_muladd_4s_4ns_8s_9_4_1_U23/MVAU_hls_5_mac_muladd_4s_4ns_8s_9_4_1_DSP48_1_U/p_reg_reg/C[47:0] is not pipelined. Pipelining DSP48 input will improve performance.
Related violations: <none>

DPIP-1#58 Warning
Input pipelining  
DSP top_i/StreamingDataflowPartition_1/inst/StreamingDataflowPartition_1_MVAU_hls_5/StreamingDataflowPartition_1_MVAU_hls_5/inst/grp_Matrix_Vector_Activate_Stream_Batch_fu_30/mac_muladd_4s_4ns_8s_9_4_1_U24/MVAU_hls_5_mac_muladd_4s_4ns_8s_9_4_1_DSP48_1_U/p_reg_reg input top_i/StreamingDataflowPartition_1/inst/StreamingDataflowPartition_1_MVAU_hls_5/StreamingDataflowPartition_1_MVAU_hls_5/inst/grp_Matrix_Vector_Activate_Stream_Batch_fu_30/mac_muladd_4s_4ns_8s_9_4_1_U24/MVAU_hls_5_mac_muladd_4s_4ns_8s_9_4_1_DSP48_1_U/p_reg_reg/C[47:0] is not pipelined. Pipelining DSP48 input will improve performance.
Related violations: <none>

DPIP-1#59 Warning
Input pipelining  
DSP top_i/StreamingDataflowPartition_1/inst/StreamingDataflowPartition_1_MVAU_hls_5/StreamingDataflowPartition_1_MVAU_hls_5/inst/grp_Matrix_Vector_Activate_Stream_Batch_fu_30/mac_muladd_4s_4ns_8s_9_4_1_U25/MVAU_hls_5_mac_muladd_4s_4ns_8s_9_4_1_DSP48_1_U/p_reg_reg input top_i/StreamingDataflowPartition_1/inst/StreamingDataflowPartition_1_MVAU_hls_5/StreamingDataflowPartition_1_MVAU_hls_5/inst/grp_Matrix_Vector_Activate_Stream_Batch_fu_30/mac_muladd_4s_4ns_8s_9_4_1_U25/MVAU_hls_5_mac_muladd_4s_4ns_8s_9_4_1_DSP48_1_U/p_reg_reg/C[47:0] is not pipelined. Pipelining DSP48 input will improve performance.
Related violations: <none>

DPIP-1#60 Warning
Input pipelining  
DSP top_i/StreamingDataflowPartition_1/inst/StreamingDataflowPartition_1_MVAU_hls_5/StreamingDataflowPartition_1_MVAU_hls_5/inst/grp_Matrix_Vector_Activate_Stream_Batch_fu_30/mac_muladd_4s_4ns_8s_9_4_1_U26/MVAU_hls_5_mac_muladd_4s_4ns_8s_9_4_1_DSP48_1_U/p_reg_reg input top_i/StreamingDataflowPartition_1/inst/StreamingDataflowPartition_1_MVAU_hls_5/StreamingDataflowPartition_1_MVAU_hls_5/inst/grp_Matrix_Vector_Activate_Stream_Batch_fu_30/mac_muladd_4s_4ns_8s_9_4_1_U26/MVAU_hls_5_mac_muladd_4s_4ns_8s_9_4_1_DSP48_1_U/p_reg_reg/C[47:0] is not pipelined. Pipelining DSP48 input will improve performance.
Related violations: <none>

DPIP-1#61 Warning
Input pipelining  
DSP top_i/StreamingDataflowPartition_1/inst/StreamingDataflowPartition_1_MVAU_hls_5/StreamingDataflowPartition_1_MVAU_hls_5/inst/grp_Matrix_Vector_Activate_Stream_Batch_fu_30/mac_muladd_4s_4ns_8s_9_4_1_U27/MVAU_hls_5_mac_muladd_4s_4ns_8s_9_4_1_DSP48_1_U/p_reg_reg input top_i/StreamingDataflowPartition_1/inst/StreamingDataflowPartition_1_MVAU_hls_5/StreamingDataflowPartition_1_MVAU_hls_5/inst/grp_Matrix_Vector_Activate_Stream_Batch_fu_30/mac_muladd_4s_4ns_8s_9_4_1_U27/MVAU_hls_5_mac_muladd_4s_4ns_8s_9_4_1_DSP48_1_U/p_reg_reg/C[47:0] is not pipelined. Pipelining DSP48 input will improve performance.
Related violations: <none>

DPIP-1#62 Warning
Input pipelining  
DSP top_i/StreamingDataflowPartition_1/inst/StreamingDataflowPartition_1_MVAU_hls_5/StreamingDataflowPartition_1_MVAU_hls_5/inst/grp_Matrix_Vector_Activate_Stream_Batch_fu_30/mac_muladd_4s_4ns_8s_9_4_1_U28/MVAU_hls_5_mac_muladd_4s_4ns_8s_9_4_1_DSP48_1_U/p_reg_reg input top_i/StreamingDataflowPartition_1/inst/StreamingDataflowPartition_1_MVAU_hls_5/StreamingDataflowPartition_1_MVAU_hls_5/inst/grp_Matrix_Vector_Activate_Stream_Batch_fu_30/mac_muladd_4s_4ns_8s_9_4_1_U28/MVAU_hls_5_mac_muladd_4s_4ns_8s_9_4_1_DSP48_1_U/p_reg_reg/C[47:0] is not pipelined. Pipelining DSP48 input will improve performance.
Related violations: <none>

DPIP-1#63 Warning
Input pipelining  
DSP top_i/StreamingDataflowPartition_1/inst/StreamingDataflowPartition_1_MVAU_hls_5/StreamingDataflowPartition_1_MVAU_hls_5/inst/grp_Matrix_Vector_Activate_Stream_Batch_fu_30/mac_muladd_4s_4ns_8s_9_4_1_U29/MVAU_hls_5_mac_muladd_4s_4ns_8s_9_4_1_DSP48_1_U/p_reg_reg input top_i/StreamingDataflowPartition_1/inst/StreamingDataflowPartition_1_MVAU_hls_5/StreamingDataflowPartition_1_MVAU_hls_5/inst/grp_Matrix_Vector_Activate_Stream_Batch_fu_30/mac_muladd_4s_4ns_8s_9_4_1_U29/MVAU_hls_5_mac_muladd_4s_4ns_8s_9_4_1_DSP48_1_U/p_reg_reg/C[47:0] is not pipelined. Pipelining DSP48 input will improve performance.
Related violations: <none>

DPIP-1#64 Warning
Input pipelining  
DSP top_i/StreamingDataflowPartition_1/inst/StreamingDataflowPartition_1_MVAU_hls_5/StreamingDataflowPartition_1_MVAU_hls_5/inst/grp_Matrix_Vector_Activate_Stream_Batch_fu_30/mac_muladd_4s_4ns_8s_9_4_1_U30/MVAU_hls_5_mac_muladd_4s_4ns_8s_9_4_1_DSP48_1_U/p_reg_reg input top_i/StreamingDataflowPartition_1/inst/StreamingDataflowPartition_1_MVAU_hls_5/StreamingDataflowPartition_1_MVAU_hls_5/inst/grp_Matrix_Vector_Activate_Stream_Batch_fu_30/mac_muladd_4s_4ns_8s_9_4_1_U30/MVAU_hls_5_mac_muladd_4s_4ns_8s_9_4_1_DSP48_1_U/p_reg_reg/C[47:0] is not pipelined. Pipelining DSP48 input will improve performance.
Related violations: <none>

DPIP-1#65 Warning
Input pipelining  
DSP top_i/StreamingDataflowPartition_1/inst/StreamingDataflowPartition_1_MVAU_hls_5/StreamingDataflowPartition_1_MVAU_hls_5/inst/grp_Matrix_Vector_Activate_Stream_Batch_fu_30/mac_muladd_4s_4ns_8s_9_4_1_U31/MVAU_hls_5_mac_muladd_4s_4ns_8s_9_4_1_DSP48_1_U/p_reg_reg input top_i/StreamingDataflowPartition_1/inst/StreamingDataflowPartition_1_MVAU_hls_5/StreamingDataflowPartition_1_MVAU_hls_5/inst/grp_Matrix_Vector_Activate_Stream_Batch_fu_30/mac_muladd_4s_4ns_8s_9_4_1_U31/MVAU_hls_5_mac_muladd_4s_4ns_8s_9_4_1_DSP48_1_U/p_reg_reg/C[47:0] is not pipelined. Pipelining DSP48 input will improve performance.
Related violations: <none>

DPIP-1#66 Warning
Input pipelining  
DSP top_i/StreamingDataflowPartition_1/inst/StreamingDataflowPartition_1_MVAU_hls_5/StreamingDataflowPartition_1_MVAU_hls_5/inst/grp_Matrix_Vector_Activate_Stream_Batch_fu_30/mac_muladd_4s_4ns_8s_9_4_1_U32/MVAU_hls_5_mac_muladd_4s_4ns_8s_9_4_1_DSP48_1_U/p_reg_reg input top_i/StreamingDataflowPartition_1/inst/StreamingDataflowPartition_1_MVAU_hls_5/StreamingDataflowPartition_1_MVAU_hls_5/inst/grp_Matrix_Vector_Activate_Stream_Batch_fu_30/mac_muladd_4s_4ns_8s_9_4_1_U32/MVAU_hls_5_mac_muladd_4s_4ns_8s_9_4_1_DSP48_1_U/p_reg_reg/C[47:0] is not pipelined. Pipelining DSP48 input will improve performance.
Related violations: <none>

DPIP-1#67 Warning
Input pipelining  
DSP top_i/StreamingDataflowPartition_1/inst/StreamingDataflowPartition_1_MVAU_hls_6/StreamingDataflowPartition_1_MVAU_hls_6/inst/grp_Matrix_Vector_Activate_Stream_Batch_fu_30/mac_muladd_4ns_4s_8s_9_4_1_U17/MVAU_hls_6_mac_muladd_4ns_4s_8s_9_4_1_DSP48_0_U/p_reg_reg input top_i/StreamingDataflowPartition_1/inst/StreamingDataflowPartition_1_MVAU_hls_6/StreamingDataflowPartition_1_MVAU_hls_6/inst/grp_Matrix_Vector_Activate_Stream_Batch_fu_30/mac_muladd_4ns_4s_8s_9_4_1_U17/MVAU_hls_6_mac_muladd_4ns_4s_8s_9_4_1_DSP48_0_U/p_reg_reg/C[47:0] is not pipelined. Pipelining DSP48 input will improve performance.
Related violations: <none>

DPIP-1#68 Warning
Input pipelining  
DSP top_i/StreamingDataflowPartition_1/inst/StreamingDataflowPartition_1_MVAU_hls_6/StreamingDataflowPartition_1_MVAU_hls_6/inst/grp_Matrix_Vector_Activate_Stream_Batch_fu_30/mac_muladd_4s_4ns_8s_9_4_1_U18/MVAU_hls_6_mac_muladd_4s_4ns_8s_9_4_1_DSP48_1_U/p_reg_reg input top_i/StreamingDataflowPartition_1/inst/StreamingDataflowPartition_1_MVAU_hls_6/StreamingDataflowPartition_1_MVAU_hls_6/inst/grp_Matrix_Vector_Activate_Stream_Batch_fu_30/mac_muladd_4s_4ns_8s_9_4_1_U18/MVAU_hls_6_mac_muladd_4s_4ns_8s_9_4_1_DSP48_1_U/p_reg_reg/C[47:0] is not pipelined. Pipelining DSP48 input will improve performance.
Related violations: <none>

DPIP-1#69 Warning
Input pipelining  
DSP top_i/StreamingDataflowPartition_1/inst/StreamingDataflowPartition_1_MVAU_hls_6/StreamingDataflowPartition_1_MVAU_hls_6/inst/grp_Matrix_Vector_Activate_Stream_Batch_fu_30/mac_muladd_4s_4ns_8s_9_4_1_U19/MVAU_hls_6_mac_muladd_4s_4ns_8s_9_4_1_DSP48_1_U/p_reg_reg input top_i/StreamingDataflowPartition_1/inst/StreamingDataflowPartition_1_MVAU_hls_6/StreamingDataflowPartition_1_MVAU_hls_6/inst/grp_Matrix_Vector_Activate_Stream_Batch_fu_30/mac_muladd_4s_4ns_8s_9_4_1_U19/MVAU_hls_6_mac_muladd_4s_4ns_8s_9_4_1_DSP48_1_U/p_reg_reg/C[47:0] is not pipelined. Pipelining DSP48 input will improve performance.
Related violations: <none>

DPIP-1#70 Warning
Input pipelining  
DSP top_i/StreamingDataflowPartition_1/inst/StreamingDataflowPartition_1_MVAU_hls_6/StreamingDataflowPartition_1_MVAU_hls_6/inst/grp_Matrix_Vector_Activate_Stream_Batch_fu_30/mac_muladd_4s_4ns_8s_9_4_1_U20/MVAU_hls_6_mac_muladd_4s_4ns_8s_9_4_1_DSP48_1_U/p_reg_reg input top_i/StreamingDataflowPartition_1/inst/StreamingDataflowPartition_1_MVAU_hls_6/StreamingDataflowPartition_1_MVAU_hls_6/inst/grp_Matrix_Vector_Activate_Stream_Batch_fu_30/mac_muladd_4s_4ns_8s_9_4_1_U20/MVAU_hls_6_mac_muladd_4s_4ns_8s_9_4_1_DSP48_1_U/p_reg_reg/C[47:0] is not pipelined. Pipelining DSP48 input will improve performance.
Related violations: <none>

DPIP-1#71 Warning
Input pipelining  
DSP top_i/StreamingDataflowPartition_1/inst/StreamingDataflowPartition_1_MVAU_hls_6/StreamingDataflowPartition_1_MVAU_hls_6/inst/grp_Matrix_Vector_Activate_Stream_Batch_fu_30/mac_muladd_4s_4ns_8s_9_4_1_U21/MVAU_hls_6_mac_muladd_4s_4ns_8s_9_4_1_DSP48_1_U/p_reg_reg input top_i/StreamingDataflowPartition_1/inst/StreamingDataflowPartition_1_MVAU_hls_6/StreamingDataflowPartition_1_MVAU_hls_6/inst/grp_Matrix_Vector_Activate_Stream_Batch_fu_30/mac_muladd_4s_4ns_8s_9_4_1_U21/MVAU_hls_6_mac_muladd_4s_4ns_8s_9_4_1_DSP48_1_U/p_reg_reg/C[47:0] is not pipelined. Pipelining DSP48 input will improve performance.
Related violations: <none>

DPIP-1#72 Warning
Input pipelining  
DSP top_i/StreamingDataflowPartition_1/inst/StreamingDataflowPartition_1_MVAU_hls_6/StreamingDataflowPartition_1_MVAU_hls_6/inst/grp_Matrix_Vector_Activate_Stream_Batch_fu_30/mac_muladd_4s_4ns_8s_9_4_1_U22/MVAU_hls_6_mac_muladd_4s_4ns_8s_9_4_1_DSP48_1_U/p_reg_reg input top_i/StreamingDataflowPartition_1/inst/StreamingDataflowPartition_1_MVAU_hls_6/StreamingDataflowPartition_1_MVAU_hls_6/inst/grp_Matrix_Vector_Activate_Stream_Batch_fu_30/mac_muladd_4s_4ns_8s_9_4_1_U22/MVAU_hls_6_mac_muladd_4s_4ns_8s_9_4_1_DSP48_1_U/p_reg_reg/C[47:0] is not pipelined. Pipelining DSP48 input will improve performance.
Related violations: <none>

DPIP-1#73 Warning
Input pipelining  
DSP top_i/StreamingDataflowPartition_1/inst/StreamingDataflowPartition_1_MVAU_hls_6/StreamingDataflowPartition_1_MVAU_hls_6/inst/grp_Matrix_Vector_Activate_Stream_Batch_fu_30/mac_muladd_4s_4ns_8s_9_4_1_U23/MVAU_hls_6_mac_muladd_4s_4ns_8s_9_4_1_DSP48_1_U/p_reg_reg input top_i/StreamingDataflowPartition_1/inst/StreamingDataflowPartition_1_MVAU_hls_6/StreamingDataflowPartition_1_MVAU_hls_6/inst/grp_Matrix_Vector_Activate_Stream_Batch_fu_30/mac_muladd_4s_4ns_8s_9_4_1_U23/MVAU_hls_6_mac_muladd_4s_4ns_8s_9_4_1_DSP48_1_U/p_reg_reg/C[47:0] is not pipelined. Pipelining DSP48 input will improve performance.
Related violations: <none>

DPIP-1#74 Warning
Input pipelining  
DSP top_i/StreamingDataflowPartition_1/inst/StreamingDataflowPartition_1_MVAU_hls_6/StreamingDataflowPartition_1_MVAU_hls_6/inst/grp_Matrix_Vector_Activate_Stream_Batch_fu_30/mac_muladd_4s_4ns_8s_9_4_1_U24/MVAU_hls_6_mac_muladd_4s_4ns_8s_9_4_1_DSP48_1_U/p_reg_reg input top_i/StreamingDataflowPartition_1/inst/StreamingDataflowPartition_1_MVAU_hls_6/StreamingDataflowPartition_1_MVAU_hls_6/inst/grp_Matrix_Vector_Activate_Stream_Batch_fu_30/mac_muladd_4s_4ns_8s_9_4_1_U24/MVAU_hls_6_mac_muladd_4s_4ns_8s_9_4_1_DSP48_1_U/p_reg_reg/C[47:0] is not pipelined. Pipelining DSP48 input will improve performance.
Related violations: <none>

DPIP-1#75 Warning
Input pipelining  
DSP top_i/StreamingDataflowPartition_1/inst/StreamingDataflowPartition_1_MVAU_hls_6/StreamingDataflowPartition_1_MVAU_hls_6/inst/grp_Matrix_Vector_Activate_Stream_Batch_fu_30/mac_muladd_4s_4ns_8s_9_4_1_U25/MVAU_hls_6_mac_muladd_4s_4ns_8s_9_4_1_DSP48_1_U/p_reg_reg input top_i/StreamingDataflowPartition_1/inst/StreamingDataflowPartition_1_MVAU_hls_6/StreamingDataflowPartition_1_MVAU_hls_6/inst/grp_Matrix_Vector_Activate_Stream_Batch_fu_30/mac_muladd_4s_4ns_8s_9_4_1_U25/MVAU_hls_6_mac_muladd_4s_4ns_8s_9_4_1_DSP48_1_U/p_reg_reg/C[47:0] is not pipelined. Pipelining DSP48 input will improve performance.
Related violations: <none>

DPIP-1#76 Warning
Input pipelining  
DSP top_i/StreamingDataflowPartition_1/inst/StreamingDataflowPartition_1_MVAU_hls_6/StreamingDataflowPartition_1_MVAU_hls_6/inst/grp_Matrix_Vector_Activate_Stream_Batch_fu_30/mac_muladd_4s_4ns_8s_9_4_1_U26/MVAU_hls_6_mac_muladd_4s_4ns_8s_9_4_1_DSP48_1_U/p_reg_reg input top_i/StreamingDataflowPartition_1/inst/StreamingDataflowPartition_1_MVAU_hls_6/StreamingDataflowPartition_1_MVAU_hls_6/inst/grp_Matrix_Vector_Activate_Stream_Batch_fu_30/mac_muladd_4s_4ns_8s_9_4_1_U26/MVAU_hls_6_mac_muladd_4s_4ns_8s_9_4_1_DSP48_1_U/p_reg_reg/C[47:0] is not pipelined. Pipelining DSP48 input will improve performance.
Related violations: <none>

DPIP-1#77 Warning
Input pipelining  
DSP top_i/StreamingDataflowPartition_1/inst/StreamingDataflowPartition_1_MVAU_hls_6/StreamingDataflowPartition_1_MVAU_hls_6/inst/grp_Matrix_Vector_Activate_Stream_Batch_fu_30/mac_muladd_4s_4ns_8s_9_4_1_U27/MVAU_hls_6_mac_muladd_4s_4ns_8s_9_4_1_DSP48_1_U/p_reg_reg input top_i/StreamingDataflowPartition_1/inst/StreamingDataflowPartition_1_MVAU_hls_6/StreamingDataflowPartition_1_MVAU_hls_6/inst/grp_Matrix_Vector_Activate_Stream_Batch_fu_30/mac_muladd_4s_4ns_8s_9_4_1_U27/MVAU_hls_6_mac_muladd_4s_4ns_8s_9_4_1_DSP48_1_U/p_reg_reg/C[47:0] is not pipelined. Pipelining DSP48 input will improve performance.
Related violations: <none>

DPIP-1#78 Warning
Input pipelining  
DSP top_i/StreamingDataflowPartition_1/inst/StreamingDataflowPartition_1_MVAU_hls_6/StreamingDataflowPartition_1_MVAU_hls_6/inst/grp_Matrix_Vector_Activate_Stream_Batch_fu_30/mac_muladd_4s_4ns_8s_9_4_1_U28/MVAU_hls_6_mac_muladd_4s_4ns_8s_9_4_1_DSP48_1_U/p_reg_reg input top_i/StreamingDataflowPartition_1/inst/StreamingDataflowPartition_1_MVAU_hls_6/StreamingDataflowPartition_1_MVAU_hls_6/inst/grp_Matrix_Vector_Activate_Stream_Batch_fu_30/mac_muladd_4s_4ns_8s_9_4_1_U28/MVAU_hls_6_mac_muladd_4s_4ns_8s_9_4_1_DSP48_1_U/p_reg_reg/C[47:0] is not pipelined. Pipelining DSP48 input will improve performance.
Related violations: <none>

DPIP-1#79 Warning
Input pipelining  
DSP top_i/StreamingDataflowPartition_1/inst/StreamingDataflowPartition_1_MVAU_hls_6/StreamingDataflowPartition_1_MVAU_hls_6/inst/grp_Matrix_Vector_Activate_Stream_Batch_fu_30/mac_muladd_4s_4ns_8s_9_4_1_U29/MVAU_hls_6_mac_muladd_4s_4ns_8s_9_4_1_DSP48_1_U/p_reg_reg input top_i/StreamingDataflowPartition_1/inst/StreamingDataflowPartition_1_MVAU_hls_6/StreamingDataflowPartition_1_MVAU_hls_6/inst/grp_Matrix_Vector_Activate_Stream_Batch_fu_30/mac_muladd_4s_4ns_8s_9_4_1_U29/MVAU_hls_6_mac_muladd_4s_4ns_8s_9_4_1_DSP48_1_U/p_reg_reg/C[47:0] is not pipelined. Pipelining DSP48 input will improve performance.
Related violations: <none>

DPIP-1#80 Warning
Input pipelining  
DSP top_i/StreamingDataflowPartition_1/inst/StreamingDataflowPartition_1_MVAU_hls_6/StreamingDataflowPartition_1_MVAU_hls_6/inst/grp_Matrix_Vector_Activate_Stream_Batch_fu_30/mac_muladd_4s_4ns_8s_9_4_1_U30/MVAU_hls_6_mac_muladd_4s_4ns_8s_9_4_1_DSP48_1_U/p_reg_reg input top_i/StreamingDataflowPartition_1/inst/StreamingDataflowPartition_1_MVAU_hls_6/StreamingDataflowPartition_1_MVAU_hls_6/inst/grp_Matrix_Vector_Activate_Stream_Batch_fu_30/mac_muladd_4s_4ns_8s_9_4_1_U30/MVAU_hls_6_mac_muladd_4s_4ns_8s_9_4_1_DSP48_1_U/p_reg_reg/C[47:0] is not pipelined. Pipelining DSP48 input will improve performance.
Related violations: <none>

DPIP-1#81 Warning
Input pipelining  
DSP top_i/StreamingDataflowPartition_1/inst/StreamingDataflowPartition_1_MVAU_hls_6/StreamingDataflowPartition_1_MVAU_hls_6/inst/grp_Matrix_Vector_Activate_Stream_Batch_fu_30/mac_muladd_4s_4ns_8s_9_4_1_U31/MVAU_hls_6_mac_muladd_4s_4ns_8s_9_4_1_DSP48_1_U/p_reg_reg input top_i/StreamingDataflowPartition_1/inst/StreamingDataflowPartition_1_MVAU_hls_6/StreamingDataflowPartition_1_MVAU_hls_6/inst/grp_Matrix_Vector_Activate_Stream_Batch_fu_30/mac_muladd_4s_4ns_8s_9_4_1_U31/MVAU_hls_6_mac_muladd_4s_4ns_8s_9_4_1_DSP48_1_U/p_reg_reg/C[47:0] is not pipelined. Pipelining DSP48 input will improve performance.
Related violations: <none>

DPIP-1#82 Warning
Input pipelining  
DSP top_i/StreamingDataflowPartition_1/inst/StreamingDataflowPartition_1_MVAU_hls_6/StreamingDataflowPartition_1_MVAU_hls_6/inst/grp_Matrix_Vector_Activate_Stream_Batch_fu_30/mac_muladd_4s_4ns_8s_9_4_1_U32/MVAU_hls_6_mac_muladd_4s_4ns_8s_9_4_1_DSP48_1_U/p_reg_reg input top_i/StreamingDataflowPartition_1/inst/StreamingDataflowPartition_1_MVAU_hls_6/StreamingDataflowPartition_1_MVAU_hls_6/inst/grp_Matrix_Vector_Activate_Stream_Batch_fu_30/mac_muladd_4s_4ns_8s_9_4_1_U32/MVAU_hls_6_mac_muladd_4s_4ns_8s_9_4_1_DSP48_1_U/p_reg_reg/C[47:0] is not pipelined. Pipelining DSP48 input will improve performance.
Related violations: <none>

DPIP-1#83 Warning
Input pipelining  
DSP top_i/StreamingDataflowPartition_1/inst/StreamingDataflowPartition_1_MVAU_hls_7/inst/grp_Matrix_Vector_Activate_Batch_fu_30/mac_muladd_4ns_4s_16s_16_4_1_U4/MVAU_hls_7_mac_muladd_4ns_4s_16s_16_4_1_DSP48_1_U/p_reg_reg input top_i/StreamingDataflowPartition_1/inst/StreamingDataflowPartition_1_MVAU_hls_7/inst/grp_Matrix_Vector_Activate_Batch_fu_30/mac_muladd_4ns_4s_16s_16_4_1_U4/MVAU_hls_7_mac_muladd_4ns_4s_16s_16_4_1_DSP48_1_U/p_reg_reg/C[47:0] is not pipelined. Pipelining DSP48 input will improve performance.
Related violations: <none>

DPIP-1#84 Warning
Input pipelining  
DSP top_i/StreamingDataflowPartition_1/inst/StreamingDataflowPartition_1_MVAU_hls_7/inst/grp_Matrix_Vector_Activate_Batch_fu_30/mac_muladd_4ns_4s_8s_9_4_1_U3/MVAU_hls_7_mac_muladd_4ns_4s_8s_9_4_1_DSP48_0_U/p_reg_reg input top_i/StreamingDataflowPartition_1/inst/StreamingDataflowPartition_1_MVAU_hls_7/inst/grp_Matrix_Vector_Activate_Batch_fu_30/mac_muladd_4ns_4s_8s_9_4_1_U3/MVAU_hls_7_mac_muladd_4ns_4s_8s_9_4_1_DSP48_0_U/p_reg_reg/C[47:0] is not pipelined. Pipelining DSP48 input will improve performance.
Related violations: <none>

DPIP-1#85 Warning
Input pipelining  
DSP top_i/StreamingDataflowPartition_1/inst/StreamingDataflowPartition_1_MVAU_hls_7/inst/grp_Matrix_Vector_Activate_Batch_fu_30/mac_muladd_4ns_4s_9s_10_4_1_U5/MVAU_hls_7_mac_muladd_4ns_4s_9s_10_4_1_DSP48_2_U/p_reg_reg input top_i/StreamingDataflowPartition_1/inst/StreamingDataflowPartition_1_MVAU_hls_7/inst/grp_Matrix_Vector_Activate_Batch_fu_30/mac_muladd_4ns_4s_9s_10_4_1_U5/MVAU_hls_7_mac_muladd_4ns_4s_9s_10_4_1_DSP48_2_U/p_reg_reg/C[47:0] is not pipelined. Pipelining DSP48 input will improve performance.
Related violations: <none>

DPOP-1#1 Warning
PREG Output pipelining  
DSP top_i/StreamingDataflowPartition_1/inst/StreamingDataflowPartition_1_MVAU_hls_2/StreamingDataflowPartition_1_MVAU_hls_2/inst/grp_Matrix_Vector_Activate_Stream_Batch_fu_30/mul_4ns_4s_8_1_1_U1/dout output top_i/StreamingDataflowPartition_1/inst/StreamingDataflowPartition_1_MVAU_hls_2/StreamingDataflowPartition_1_MVAU_hls_2/inst/grp_Matrix_Vector_Activate_Stream_Batch_fu_30/mul_4ns_4s_8_1_1_U1/dout/P[47:0] is not pipelined (PREG=0). Pipelining the DSP48 output will improve performance and often saves power so it is suggested whenever possible to fully pipeline this function.  If this DSP48 function was inferred, it is suggested to describe an additional register stage after this function.  If the DSP48 was instantiated in the design, it is suggested to set the PREG attribute to 1.
Related violations: <none>

DPOP-1#2 Warning
PREG Output pipelining  
DSP top_i/StreamingDataflowPartition_1/inst/StreamingDataflowPartition_1_MVAU_hls_2/StreamingDataflowPartition_1_MVAU_hls_2/inst/grp_Matrix_Vector_Activate_Stream_Batch_fu_30/mul_4s_4ns_8_1_1_U10/dout output top_i/StreamingDataflowPartition_1/inst/StreamingDataflowPartition_1_MVAU_hls_2/StreamingDataflowPartition_1_MVAU_hls_2/inst/grp_Matrix_Vector_Activate_Stream_Batch_fu_30/mul_4s_4ns_8_1_1_U10/dout/P[47:0] is not pipelined (PREG=0). Pipelining the DSP48 output will improve performance and often saves power so it is suggested whenever possible to fully pipeline this function.  If this DSP48 function was inferred, it is suggested to describe an additional register stage after this function.  If the DSP48 was instantiated in the design, it is suggested to set the PREG attribute to 1.
Related violations: <none>

DPOP-1#3 Warning
PREG Output pipelining  
DSP top_i/StreamingDataflowPartition_1/inst/StreamingDataflowPartition_1_MVAU_hls_2/StreamingDataflowPartition_1_MVAU_hls_2/inst/grp_Matrix_Vector_Activate_Stream_Batch_fu_30/mul_4s_4ns_8_1_1_U11/dout output top_i/StreamingDataflowPartition_1/inst/StreamingDataflowPartition_1_MVAU_hls_2/StreamingDataflowPartition_1_MVAU_hls_2/inst/grp_Matrix_Vector_Activate_Stream_Batch_fu_30/mul_4s_4ns_8_1_1_U11/dout/P[47:0] is not pipelined (PREG=0). Pipelining the DSP48 output will improve performance and often saves power so it is suggested whenever possible to fully pipeline this function.  If this DSP48 function was inferred, it is suggested to describe an additional register stage after this function.  If the DSP48 was instantiated in the design, it is suggested to set the PREG attribute to 1.
Related violations: <none>

DPOP-1#4 Warning
PREG Output pipelining  
DSP top_i/StreamingDataflowPartition_1/inst/StreamingDataflowPartition_1_MVAU_hls_2/StreamingDataflowPartition_1_MVAU_hls_2/inst/grp_Matrix_Vector_Activate_Stream_Batch_fu_30/mul_4s_4ns_8_1_1_U12/dout output top_i/StreamingDataflowPartition_1/inst/StreamingDataflowPartition_1_MVAU_hls_2/StreamingDataflowPartition_1_MVAU_hls_2/inst/grp_Matrix_Vector_Activate_Stream_Batch_fu_30/mul_4s_4ns_8_1_1_U12/dout/P[47:0] is not pipelined (PREG=0). Pipelining the DSP48 output will improve performance and often saves power so it is suggested whenever possible to fully pipeline this function.  If this DSP48 function was inferred, it is suggested to describe an additional register stage after this function.  If the DSP48 was instantiated in the design, it is suggested to set the PREG attribute to 1.
Related violations: <none>

DPOP-1#5 Warning
PREG Output pipelining  
DSP top_i/StreamingDataflowPartition_1/inst/StreamingDataflowPartition_1_MVAU_hls_2/StreamingDataflowPartition_1_MVAU_hls_2/inst/grp_Matrix_Vector_Activate_Stream_Batch_fu_30/mul_4s_4ns_8_1_1_U13/dout output top_i/StreamingDataflowPartition_1/inst/StreamingDataflowPartition_1_MVAU_hls_2/StreamingDataflowPartition_1_MVAU_hls_2/inst/grp_Matrix_Vector_Activate_Stream_Batch_fu_30/mul_4s_4ns_8_1_1_U13/dout/P[47:0] is not pipelined (PREG=0). Pipelining the DSP48 output will improve performance and often saves power so it is suggested whenever possible to fully pipeline this function.  If this DSP48 function was inferred, it is suggested to describe an additional register stage after this function.  If the DSP48 was instantiated in the design, it is suggested to set the PREG attribute to 1.
Related violations: <none>

DPOP-1#6 Warning
PREG Output pipelining  
DSP top_i/StreamingDataflowPartition_1/inst/StreamingDataflowPartition_1_MVAU_hls_2/StreamingDataflowPartition_1_MVAU_hls_2/inst/grp_Matrix_Vector_Activate_Stream_Batch_fu_30/mul_4s_4ns_8_1_1_U14/dout output top_i/StreamingDataflowPartition_1/inst/StreamingDataflowPartition_1_MVAU_hls_2/StreamingDataflowPartition_1_MVAU_hls_2/inst/grp_Matrix_Vector_Activate_Stream_Batch_fu_30/mul_4s_4ns_8_1_1_U14/dout/P[47:0] is not pipelined (PREG=0). Pipelining the DSP48 output will improve performance and often saves power so it is suggested whenever possible to fully pipeline this function.  If this DSP48 function was inferred, it is suggested to describe an additional register stage after this function.  If the DSP48 was instantiated in the design, it is suggested to set the PREG attribute to 1.
Related violations: <none>

DPOP-1#7 Warning
PREG Output pipelining  
DSP top_i/StreamingDataflowPartition_1/inst/StreamingDataflowPartition_1_MVAU_hls_2/StreamingDataflowPartition_1_MVAU_hls_2/inst/grp_Matrix_Vector_Activate_Stream_Batch_fu_30/mul_4s_4ns_8_1_1_U15/dout output top_i/StreamingDataflowPartition_1/inst/StreamingDataflowPartition_1_MVAU_hls_2/StreamingDataflowPartition_1_MVAU_hls_2/inst/grp_Matrix_Vector_Activate_Stream_Batch_fu_30/mul_4s_4ns_8_1_1_U15/dout/P[47:0] is not pipelined (PREG=0). Pipelining the DSP48 output will improve performance and often saves power so it is suggested whenever possible to fully pipeline this function.  If this DSP48 function was inferred, it is suggested to describe an additional register stage after this function.  If the DSP48 was instantiated in the design, it is suggested to set the PREG attribute to 1.
Related violations: <none>

DPOP-1#8 Warning
PREG Output pipelining  
DSP top_i/StreamingDataflowPartition_1/inst/StreamingDataflowPartition_1_MVAU_hls_2/StreamingDataflowPartition_1_MVAU_hls_2/inst/grp_Matrix_Vector_Activate_Stream_Batch_fu_30/mul_4s_4ns_8_1_1_U16/dout output top_i/StreamingDataflowPartition_1/inst/StreamingDataflowPartition_1_MVAU_hls_2/StreamingDataflowPartition_1_MVAU_hls_2/inst/grp_Matrix_Vector_Activate_Stream_Batch_fu_30/mul_4s_4ns_8_1_1_U16/dout/P[47:0] is not pipelined (PREG=0). Pipelining the DSP48 output will improve performance and often saves power so it is suggested whenever possible to fully pipeline this function.  If this DSP48 function was inferred, it is suggested to describe an additional register stage after this function.  If the DSP48 was instantiated in the design, it is suggested to set the PREG attribute to 1.
Related violations: <none>

DPOP-1#9 Warning
PREG Output pipelining  
DSP top_i/StreamingDataflowPartition_1/inst/StreamingDataflowPartition_1_MVAU_hls_2/StreamingDataflowPartition_1_MVAU_hls_2/inst/grp_Matrix_Vector_Activate_Stream_Batch_fu_30/mul_4s_4ns_8_1_1_U2/dout output top_i/StreamingDataflowPartition_1/inst/StreamingDataflowPartition_1_MVAU_hls_2/StreamingDataflowPartition_1_MVAU_hls_2/inst/grp_Matrix_Vector_Activate_Stream_Batch_fu_30/mul_4s_4ns_8_1_1_U2/dout/P[47:0] is not pipelined (PREG=0). Pipelining the DSP48 output will improve performance and often saves power so it is suggested whenever possible to fully pipeline this function.  If this DSP48 function was inferred, it is suggested to describe an additional register stage after this function.  If the DSP48 was instantiated in the design, it is suggested to set the PREG attribute to 1.
Related violations: <none>

DPOP-1#10 Warning
PREG Output pipelining  
DSP top_i/StreamingDataflowPartition_1/inst/StreamingDataflowPartition_1_MVAU_hls_2/StreamingDataflowPartition_1_MVAU_hls_2/inst/grp_Matrix_Vector_Activate_Stream_Batch_fu_30/mul_4s_4ns_8_1_1_U3/dout output top_i/StreamingDataflowPartition_1/inst/StreamingDataflowPartition_1_MVAU_hls_2/StreamingDataflowPartition_1_MVAU_hls_2/inst/grp_Matrix_Vector_Activate_Stream_Batch_fu_30/mul_4s_4ns_8_1_1_U3/dout/P[47:0] is not pipelined (PREG=0). Pipelining the DSP48 output will improve performance and often saves power so it is suggested whenever possible to fully pipeline this function.  If this DSP48 function was inferred, it is suggested to describe an additional register stage after this function.  If the DSP48 was instantiated in the design, it is suggested to set the PREG attribute to 1.
Related violations: <none>

DPOP-1#11 Warning
PREG Output pipelining  
DSP top_i/StreamingDataflowPartition_1/inst/StreamingDataflowPartition_1_MVAU_hls_2/StreamingDataflowPartition_1_MVAU_hls_2/inst/grp_Matrix_Vector_Activate_Stream_Batch_fu_30/mul_4s_4ns_8_1_1_U4/dout output top_i/StreamingDataflowPartition_1/inst/StreamingDataflowPartition_1_MVAU_hls_2/StreamingDataflowPartition_1_MVAU_hls_2/inst/grp_Matrix_Vector_Activate_Stream_Batch_fu_30/mul_4s_4ns_8_1_1_U4/dout/P[47:0] is not pipelined (PREG=0). Pipelining the DSP48 output will improve performance and often saves power so it is suggested whenever possible to fully pipeline this function.  If this DSP48 function was inferred, it is suggested to describe an additional register stage after this function.  If the DSP48 was instantiated in the design, it is suggested to set the PREG attribute to 1.
Related violations: <none>

DPOP-1#12 Warning
PREG Output pipelining  
DSP top_i/StreamingDataflowPartition_1/inst/StreamingDataflowPartition_1_MVAU_hls_2/StreamingDataflowPartition_1_MVAU_hls_2/inst/grp_Matrix_Vector_Activate_Stream_Batch_fu_30/mul_4s_4ns_8_1_1_U5/dout output top_i/StreamingDataflowPartition_1/inst/StreamingDataflowPartition_1_MVAU_hls_2/StreamingDataflowPartition_1_MVAU_hls_2/inst/grp_Matrix_Vector_Activate_Stream_Batch_fu_30/mul_4s_4ns_8_1_1_U5/dout/P[47:0] is not pipelined (PREG=0). Pipelining the DSP48 output will improve performance and often saves power so it is suggested whenever possible to fully pipeline this function.  If this DSP48 function was inferred, it is suggested to describe an additional register stage after this function.  If the DSP48 was instantiated in the design, it is suggested to set the PREG attribute to 1.
Related violations: <none>

DPOP-1#13 Warning
PREG Output pipelining  
DSP top_i/StreamingDataflowPartition_1/inst/StreamingDataflowPartition_1_MVAU_hls_2/StreamingDataflowPartition_1_MVAU_hls_2/inst/grp_Matrix_Vector_Activate_Stream_Batch_fu_30/mul_4s_4ns_8_1_1_U6/dout output top_i/StreamingDataflowPartition_1/inst/StreamingDataflowPartition_1_MVAU_hls_2/StreamingDataflowPartition_1_MVAU_hls_2/inst/grp_Matrix_Vector_Activate_Stream_Batch_fu_30/mul_4s_4ns_8_1_1_U6/dout/P[47:0] is not pipelined (PREG=0). Pipelining the DSP48 output will improve performance and often saves power so it is suggested whenever possible to fully pipeline this function.  If this DSP48 function was inferred, it is suggested to describe an additional register stage after this function.  If the DSP48 was instantiated in the design, it is suggested to set the PREG attribute to 1.
Related violations: <none>

DPOP-1#14 Warning
PREG Output pipelining  
DSP top_i/StreamingDataflowPartition_1/inst/StreamingDataflowPartition_1_MVAU_hls_2/StreamingDataflowPartition_1_MVAU_hls_2/inst/grp_Matrix_Vector_Activate_Stream_Batch_fu_30/mul_4s_4ns_8_1_1_U7/dout output top_i/StreamingDataflowPartition_1/inst/StreamingDataflowPartition_1_MVAU_hls_2/StreamingDataflowPartition_1_MVAU_hls_2/inst/grp_Matrix_Vector_Activate_Stream_Batch_fu_30/mul_4s_4ns_8_1_1_U7/dout/P[47:0] is not pipelined (PREG=0). Pipelining the DSP48 output will improve performance and often saves power so it is suggested whenever possible to fully pipeline this function.  If this DSP48 function was inferred, it is suggested to describe an additional register stage after this function.  If the DSP48 was instantiated in the design, it is suggested to set the PREG attribute to 1.
Related violations: <none>

DPOP-1#15 Warning
PREG Output pipelining  
DSP top_i/StreamingDataflowPartition_1/inst/StreamingDataflowPartition_1_MVAU_hls_2/StreamingDataflowPartition_1_MVAU_hls_2/inst/grp_Matrix_Vector_Activate_Stream_Batch_fu_30/mul_4s_4ns_8_1_1_U8/dout output top_i/StreamingDataflowPartition_1/inst/StreamingDataflowPartition_1_MVAU_hls_2/StreamingDataflowPartition_1_MVAU_hls_2/inst/grp_Matrix_Vector_Activate_Stream_Batch_fu_30/mul_4s_4ns_8_1_1_U8/dout/P[47:0] is not pipelined (PREG=0). Pipelining the DSP48 output will improve performance and often saves power so it is suggested whenever possible to fully pipeline this function.  If this DSP48 function was inferred, it is suggested to describe an additional register stage after this function.  If the DSP48 was instantiated in the design, it is suggested to set the PREG attribute to 1.
Related violations: <none>

DPOP-1#16 Warning
PREG Output pipelining  
DSP top_i/StreamingDataflowPartition_1/inst/StreamingDataflowPartition_1_MVAU_hls_2/StreamingDataflowPartition_1_MVAU_hls_2/inst/grp_Matrix_Vector_Activate_Stream_Batch_fu_30/mul_4s_4ns_8_1_1_U9/dout output top_i/StreamingDataflowPartition_1/inst/StreamingDataflowPartition_1_MVAU_hls_2/StreamingDataflowPartition_1_MVAU_hls_2/inst/grp_Matrix_Vector_Activate_Stream_Batch_fu_30/mul_4s_4ns_8_1_1_U9/dout/P[47:0] is not pipelined (PREG=0). Pipelining the DSP48 output will improve performance and often saves power so it is suggested whenever possible to fully pipeline this function.  If this DSP48 function was inferred, it is suggested to describe an additional register stage after this function.  If the DSP48 was instantiated in the design, it is suggested to set the PREG attribute to 1.
Related violations: <none>

DPOP-1#17 Warning
PREG Output pipelining  
DSP top_i/StreamingDataflowPartition_1/inst/StreamingDataflowPartition_1_MVAU_hls_3/StreamingDataflowPartition_1_MVAU_hls_3/inst/grp_Matrix_Vector_Activate_Stream_Batch_fu_30/mul_4ns_4s_8_1_1_U1/dout output top_i/StreamingDataflowPartition_1/inst/StreamingDataflowPartition_1_MVAU_hls_3/StreamingDataflowPartition_1_MVAU_hls_3/inst/grp_Matrix_Vector_Activate_Stream_Batch_fu_30/mul_4ns_4s_8_1_1_U1/dout/P[47:0] is not pipelined (PREG=0). Pipelining the DSP48 output will improve performance and often saves power so it is suggested whenever possible to fully pipeline this function.  If this DSP48 function was inferred, it is suggested to describe an additional register stage after this function.  If the DSP48 was instantiated in the design, it is suggested to set the PREG attribute to 1.
Related violations: <none>

DPOP-1#18 Warning
PREG Output pipelining  
DSP top_i/StreamingDataflowPartition_1/inst/StreamingDataflowPartition_1_MVAU_hls_3/StreamingDataflowPartition_1_MVAU_hls_3/inst/grp_Matrix_Vector_Activate_Stream_Batch_fu_30/mul_4s_4ns_8_1_1_U10/dout output top_i/StreamingDataflowPartition_1/inst/StreamingDataflowPartition_1_MVAU_hls_3/StreamingDataflowPartition_1_MVAU_hls_3/inst/grp_Matrix_Vector_Activate_Stream_Batch_fu_30/mul_4s_4ns_8_1_1_U10/dout/P[47:0] is not pipelined (PREG=0). Pipelining the DSP48 output will improve performance and often saves power so it is suggested whenever possible to fully pipeline this function.  If this DSP48 function was inferred, it is suggested to describe an additional register stage after this function.  If the DSP48 was instantiated in the design, it is suggested to set the PREG attribute to 1.
Related violations: <none>

DPOP-1#19 Warning
PREG Output pipelining  
DSP top_i/StreamingDataflowPartition_1/inst/StreamingDataflowPartition_1_MVAU_hls_3/StreamingDataflowPartition_1_MVAU_hls_3/inst/grp_Matrix_Vector_Activate_Stream_Batch_fu_30/mul_4s_4ns_8_1_1_U11/dout output top_i/StreamingDataflowPartition_1/inst/StreamingDataflowPartition_1_MVAU_hls_3/StreamingDataflowPartition_1_MVAU_hls_3/inst/grp_Matrix_Vector_Activate_Stream_Batch_fu_30/mul_4s_4ns_8_1_1_U11/dout/P[47:0] is not pipelined (PREG=0). Pipelining the DSP48 output will improve performance and often saves power so it is suggested whenever possible to fully pipeline this function.  If this DSP48 function was inferred, it is suggested to describe an additional register stage after this function.  If the DSP48 was instantiated in the design, it is suggested to set the PREG attribute to 1.
Related violations: <none>

DPOP-1#20 Warning
PREG Output pipelining  
DSP top_i/StreamingDataflowPartition_1/inst/StreamingDataflowPartition_1_MVAU_hls_3/StreamingDataflowPartition_1_MVAU_hls_3/inst/grp_Matrix_Vector_Activate_Stream_Batch_fu_30/mul_4s_4ns_8_1_1_U12/dout output top_i/StreamingDataflowPartition_1/inst/StreamingDataflowPartition_1_MVAU_hls_3/StreamingDataflowPartition_1_MVAU_hls_3/inst/grp_Matrix_Vector_Activate_Stream_Batch_fu_30/mul_4s_4ns_8_1_1_U12/dout/P[47:0] is not pipelined (PREG=0). Pipelining the DSP48 output will improve performance and often saves power so it is suggested whenever possible to fully pipeline this function.  If this DSP48 function was inferred, it is suggested to describe an additional register stage after this function.  If the DSP48 was instantiated in the design, it is suggested to set the PREG attribute to 1.
Related violations: <none>

DPOP-1#21 Warning
PREG Output pipelining  
DSP top_i/StreamingDataflowPartition_1/inst/StreamingDataflowPartition_1_MVAU_hls_3/StreamingDataflowPartition_1_MVAU_hls_3/inst/grp_Matrix_Vector_Activate_Stream_Batch_fu_30/mul_4s_4ns_8_1_1_U13/dout output top_i/StreamingDataflowPartition_1/inst/StreamingDataflowPartition_1_MVAU_hls_3/StreamingDataflowPartition_1_MVAU_hls_3/inst/grp_Matrix_Vector_Activate_Stream_Batch_fu_30/mul_4s_4ns_8_1_1_U13/dout/P[47:0] is not pipelined (PREG=0). Pipelining the DSP48 output will improve performance and often saves power so it is suggested whenever possible to fully pipeline this function.  If this DSP48 function was inferred, it is suggested to describe an additional register stage after this function.  If the DSP48 was instantiated in the design, it is suggested to set the PREG attribute to 1.
Related violations: <none>

DPOP-1#22 Warning
PREG Output pipelining  
DSP top_i/StreamingDataflowPartition_1/inst/StreamingDataflowPartition_1_MVAU_hls_3/StreamingDataflowPartition_1_MVAU_hls_3/inst/grp_Matrix_Vector_Activate_Stream_Batch_fu_30/mul_4s_4ns_8_1_1_U14/dout output top_i/StreamingDataflowPartition_1/inst/StreamingDataflowPartition_1_MVAU_hls_3/StreamingDataflowPartition_1_MVAU_hls_3/inst/grp_Matrix_Vector_Activate_Stream_Batch_fu_30/mul_4s_4ns_8_1_1_U14/dout/P[47:0] is not pipelined (PREG=0). Pipelining the DSP48 output will improve performance and often saves power so it is suggested whenever possible to fully pipeline this function.  If this DSP48 function was inferred, it is suggested to describe an additional register stage after this function.  If the DSP48 was instantiated in the design, it is suggested to set the PREG attribute to 1.
Related violations: <none>

DPOP-1#23 Warning
PREG Output pipelining  
DSP top_i/StreamingDataflowPartition_1/inst/StreamingDataflowPartition_1_MVAU_hls_3/StreamingDataflowPartition_1_MVAU_hls_3/inst/grp_Matrix_Vector_Activate_Stream_Batch_fu_30/mul_4s_4ns_8_1_1_U15/dout output top_i/StreamingDataflowPartition_1/inst/StreamingDataflowPartition_1_MVAU_hls_3/StreamingDataflowPartition_1_MVAU_hls_3/inst/grp_Matrix_Vector_Activate_Stream_Batch_fu_30/mul_4s_4ns_8_1_1_U15/dout/P[47:0] is not pipelined (PREG=0). Pipelining the DSP48 output will improve performance and often saves power so it is suggested whenever possible to fully pipeline this function.  If this DSP48 function was inferred, it is suggested to describe an additional register stage after this function.  If the DSP48 was instantiated in the design, it is suggested to set the PREG attribute to 1.
Related violations: <none>

DPOP-1#24 Warning
PREG Output pipelining  
DSP top_i/StreamingDataflowPartition_1/inst/StreamingDataflowPartition_1_MVAU_hls_3/StreamingDataflowPartition_1_MVAU_hls_3/inst/grp_Matrix_Vector_Activate_Stream_Batch_fu_30/mul_4s_4ns_8_1_1_U16/dout output top_i/StreamingDataflowPartition_1/inst/StreamingDataflowPartition_1_MVAU_hls_3/StreamingDataflowPartition_1_MVAU_hls_3/inst/grp_Matrix_Vector_Activate_Stream_Batch_fu_30/mul_4s_4ns_8_1_1_U16/dout/P[47:0] is not pipelined (PREG=0). Pipelining the DSP48 output will improve performance and often saves power so it is suggested whenever possible to fully pipeline this function.  If this DSP48 function was inferred, it is suggested to describe an additional register stage after this function.  If the DSP48 was instantiated in the design, it is suggested to set the PREG attribute to 1.
Related violations: <none>

DPOP-1#25 Warning
PREG Output pipelining  
DSP top_i/StreamingDataflowPartition_1/inst/StreamingDataflowPartition_1_MVAU_hls_3/StreamingDataflowPartition_1_MVAU_hls_3/inst/grp_Matrix_Vector_Activate_Stream_Batch_fu_30/mul_4s_4ns_8_1_1_U2/dout output top_i/StreamingDataflowPartition_1/inst/StreamingDataflowPartition_1_MVAU_hls_3/StreamingDataflowPartition_1_MVAU_hls_3/inst/grp_Matrix_Vector_Activate_Stream_Batch_fu_30/mul_4s_4ns_8_1_1_U2/dout/P[47:0] is not pipelined (PREG=0). Pipelining the DSP48 output will improve performance and often saves power so it is suggested whenever possible to fully pipeline this function.  If this DSP48 function was inferred, it is suggested to describe an additional register stage after this function.  If the DSP48 was instantiated in the design, it is suggested to set the PREG attribute to 1.
Related violations: <none>

DPOP-1#26 Warning
PREG Output pipelining  
DSP top_i/StreamingDataflowPartition_1/inst/StreamingDataflowPartition_1_MVAU_hls_3/StreamingDataflowPartition_1_MVAU_hls_3/inst/grp_Matrix_Vector_Activate_Stream_Batch_fu_30/mul_4s_4ns_8_1_1_U3/dout output top_i/StreamingDataflowPartition_1/inst/StreamingDataflowPartition_1_MVAU_hls_3/StreamingDataflowPartition_1_MVAU_hls_3/inst/grp_Matrix_Vector_Activate_Stream_Batch_fu_30/mul_4s_4ns_8_1_1_U3/dout/P[47:0] is not pipelined (PREG=0). Pipelining the DSP48 output will improve performance and often saves power so it is suggested whenever possible to fully pipeline this function.  If this DSP48 function was inferred, it is suggested to describe an additional register stage after this function.  If the DSP48 was instantiated in the design, it is suggested to set the PREG attribute to 1.
Related violations: <none>

DPOP-1#27 Warning
PREG Output pipelining  
DSP top_i/StreamingDataflowPartition_1/inst/StreamingDataflowPartition_1_MVAU_hls_3/StreamingDataflowPartition_1_MVAU_hls_3/inst/grp_Matrix_Vector_Activate_Stream_Batch_fu_30/mul_4s_4ns_8_1_1_U4/dout output top_i/StreamingDataflowPartition_1/inst/StreamingDataflowPartition_1_MVAU_hls_3/StreamingDataflowPartition_1_MVAU_hls_3/inst/grp_Matrix_Vector_Activate_Stream_Batch_fu_30/mul_4s_4ns_8_1_1_U4/dout/P[47:0] is not pipelined (PREG=0). Pipelining the DSP48 output will improve performance and often saves power so it is suggested whenever possible to fully pipeline this function.  If this DSP48 function was inferred, it is suggested to describe an additional register stage after this function.  If the DSP48 was instantiated in the design, it is suggested to set the PREG attribute to 1.
Related violations: <none>

DPOP-1#28 Warning
PREG Output pipelining  
DSP top_i/StreamingDataflowPartition_1/inst/StreamingDataflowPartition_1_MVAU_hls_3/StreamingDataflowPartition_1_MVAU_hls_3/inst/grp_Matrix_Vector_Activate_Stream_Batch_fu_30/mul_4s_4ns_8_1_1_U5/dout output top_i/StreamingDataflowPartition_1/inst/StreamingDataflowPartition_1_MVAU_hls_3/StreamingDataflowPartition_1_MVAU_hls_3/inst/grp_Matrix_Vector_Activate_Stream_Batch_fu_30/mul_4s_4ns_8_1_1_U5/dout/P[47:0] is not pipelined (PREG=0). Pipelining the DSP48 output will improve performance and often saves power so it is suggested whenever possible to fully pipeline this function.  If this DSP48 function was inferred, it is suggested to describe an additional register stage after this function.  If the DSP48 was instantiated in the design, it is suggested to set the PREG attribute to 1.
Related violations: <none>

DPOP-1#29 Warning
PREG Output pipelining  
DSP top_i/StreamingDataflowPartition_1/inst/StreamingDataflowPartition_1_MVAU_hls_3/StreamingDataflowPartition_1_MVAU_hls_3/inst/grp_Matrix_Vector_Activate_Stream_Batch_fu_30/mul_4s_4ns_8_1_1_U6/dout output top_i/StreamingDataflowPartition_1/inst/StreamingDataflowPartition_1_MVAU_hls_3/StreamingDataflowPartition_1_MVAU_hls_3/inst/grp_Matrix_Vector_Activate_Stream_Batch_fu_30/mul_4s_4ns_8_1_1_U6/dout/P[47:0] is not pipelined (PREG=0). Pipelining the DSP48 output will improve performance and often saves power so it is suggested whenever possible to fully pipeline this function.  If this DSP48 function was inferred, it is suggested to describe an additional register stage after this function.  If the DSP48 was instantiated in the design, it is suggested to set the PREG attribute to 1.
Related violations: <none>

DPOP-1#30 Warning
PREG Output pipelining  
DSP top_i/StreamingDataflowPartition_1/inst/StreamingDataflowPartition_1_MVAU_hls_3/StreamingDataflowPartition_1_MVAU_hls_3/inst/grp_Matrix_Vector_Activate_Stream_Batch_fu_30/mul_4s_4ns_8_1_1_U7/dout output top_i/StreamingDataflowPartition_1/inst/StreamingDataflowPartition_1_MVAU_hls_3/StreamingDataflowPartition_1_MVAU_hls_3/inst/grp_Matrix_Vector_Activate_Stream_Batch_fu_30/mul_4s_4ns_8_1_1_U7/dout/P[47:0] is not pipelined (PREG=0). Pipelining the DSP48 output will improve performance and often saves power so it is suggested whenever possible to fully pipeline this function.  If this DSP48 function was inferred, it is suggested to describe an additional register stage after this function.  If the DSP48 was instantiated in the design, it is suggested to set the PREG attribute to 1.
Related violations: <none>

DPOP-1#31 Warning
PREG Output pipelining  
DSP top_i/StreamingDataflowPartition_1/inst/StreamingDataflowPartition_1_MVAU_hls_3/StreamingDataflowPartition_1_MVAU_hls_3/inst/grp_Matrix_Vector_Activate_Stream_Batch_fu_30/mul_4s_4ns_8_1_1_U8/dout output top_i/StreamingDataflowPartition_1/inst/StreamingDataflowPartition_1_MVAU_hls_3/StreamingDataflowPartition_1_MVAU_hls_3/inst/grp_Matrix_Vector_Activate_Stream_Batch_fu_30/mul_4s_4ns_8_1_1_U8/dout/P[47:0] is not pipelined (PREG=0). Pipelining the DSP48 output will improve performance and often saves power so it is suggested whenever possible to fully pipeline this function.  If this DSP48 function was inferred, it is suggested to describe an additional register stage after this function.  If the DSP48 was instantiated in the design, it is suggested to set the PREG attribute to 1.
Related violations: <none>

DPOP-1#32 Warning
PREG Output pipelining  
DSP top_i/StreamingDataflowPartition_1/inst/StreamingDataflowPartition_1_MVAU_hls_3/StreamingDataflowPartition_1_MVAU_hls_3/inst/grp_Matrix_Vector_Activate_Stream_Batch_fu_30/mul_4s_4ns_8_1_1_U9/dout output top_i/StreamingDataflowPartition_1/inst/StreamingDataflowPartition_1_MVAU_hls_3/StreamingDataflowPartition_1_MVAU_hls_3/inst/grp_Matrix_Vector_Activate_Stream_Batch_fu_30/mul_4s_4ns_8_1_1_U9/dout/P[47:0] is not pipelined (PREG=0). Pipelining the DSP48 output will improve performance and often saves power so it is suggested whenever possible to fully pipeline this function.  If this DSP48 function was inferred, it is suggested to describe an additional register stage after this function.  If the DSP48 was instantiated in the design, it is suggested to set the PREG attribute to 1.
Related violations: <none>

DPOP-1#33 Warning
PREG Output pipelining  
DSP top_i/StreamingDataflowPartition_1/inst/StreamingDataflowPartition_1_MVAU_hls_4/StreamingDataflowPartition_1_MVAU_hls_4/inst/grp_Matrix_Vector_Activate_Stream_Batch_fu_30/mul_4ns_4s_8_1_1_U1/dout output top_i/StreamingDataflowPartition_1/inst/StreamingDataflowPartition_1_MVAU_hls_4/StreamingDataflowPartition_1_MVAU_hls_4/inst/grp_Matrix_Vector_Activate_Stream_Batch_fu_30/mul_4ns_4s_8_1_1_U1/dout/P[47:0] is not pipelined (PREG=0). Pipelining the DSP48 output will improve performance and often saves power so it is suggested whenever possible to fully pipeline this function.  If this DSP48 function was inferred, it is suggested to describe an additional register stage after this function.  If the DSP48 was instantiated in the design, it is suggested to set the PREG attribute to 1.
Related violations: <none>

DPOP-1#34 Warning
PREG Output pipelining  
DSP top_i/StreamingDataflowPartition_1/inst/StreamingDataflowPartition_1_MVAU_hls_4/StreamingDataflowPartition_1_MVAU_hls_4/inst/grp_Matrix_Vector_Activate_Stream_Batch_fu_30/mul_4s_4ns_8_1_1_U10/dout output top_i/StreamingDataflowPartition_1/inst/StreamingDataflowPartition_1_MVAU_hls_4/StreamingDataflowPartition_1_MVAU_hls_4/inst/grp_Matrix_Vector_Activate_Stream_Batch_fu_30/mul_4s_4ns_8_1_1_U10/dout/P[47:0] is not pipelined (PREG=0). Pipelining the DSP48 output will improve performance and often saves power so it is suggested whenever possible to fully pipeline this function.  If this DSP48 function was inferred, it is suggested to describe an additional register stage after this function.  If the DSP48 was instantiated in the design, it is suggested to set the PREG attribute to 1.
Related violations: <none>

DPOP-1#35 Warning
PREG Output pipelining  
DSP top_i/StreamingDataflowPartition_1/inst/StreamingDataflowPartition_1_MVAU_hls_4/StreamingDataflowPartition_1_MVAU_hls_4/inst/grp_Matrix_Vector_Activate_Stream_Batch_fu_30/mul_4s_4ns_8_1_1_U11/dout output top_i/StreamingDataflowPartition_1/inst/StreamingDataflowPartition_1_MVAU_hls_4/StreamingDataflowPartition_1_MVAU_hls_4/inst/grp_Matrix_Vector_Activate_Stream_Batch_fu_30/mul_4s_4ns_8_1_1_U11/dout/P[47:0] is not pipelined (PREG=0). Pipelining the DSP48 output will improve performance and often saves power so it is suggested whenever possible to fully pipeline this function.  If this DSP48 function was inferred, it is suggested to describe an additional register stage after this function.  If the DSP48 was instantiated in the design, it is suggested to set the PREG attribute to 1.
Related violations: <none>

DPOP-1#36 Warning
PREG Output pipelining  
DSP top_i/StreamingDataflowPartition_1/inst/StreamingDataflowPartition_1_MVAU_hls_4/StreamingDataflowPartition_1_MVAU_hls_4/inst/grp_Matrix_Vector_Activate_Stream_Batch_fu_30/mul_4s_4ns_8_1_1_U12/dout output top_i/StreamingDataflowPartition_1/inst/StreamingDataflowPartition_1_MVAU_hls_4/StreamingDataflowPartition_1_MVAU_hls_4/inst/grp_Matrix_Vector_Activate_Stream_Batch_fu_30/mul_4s_4ns_8_1_1_U12/dout/P[47:0] is not pipelined (PREG=0). Pipelining the DSP48 output will improve performance and often saves power so it is suggested whenever possible to fully pipeline this function.  If this DSP48 function was inferred, it is suggested to describe an additional register stage after this function.  If the DSP48 was instantiated in the design, it is suggested to set the PREG attribute to 1.
Related violations: <none>

DPOP-1#37 Warning
PREG Output pipelining  
DSP top_i/StreamingDataflowPartition_1/inst/StreamingDataflowPartition_1_MVAU_hls_4/StreamingDataflowPartition_1_MVAU_hls_4/inst/grp_Matrix_Vector_Activate_Stream_Batch_fu_30/mul_4s_4ns_8_1_1_U13/dout output top_i/StreamingDataflowPartition_1/inst/StreamingDataflowPartition_1_MVAU_hls_4/StreamingDataflowPartition_1_MVAU_hls_4/inst/grp_Matrix_Vector_Activate_Stream_Batch_fu_30/mul_4s_4ns_8_1_1_U13/dout/P[47:0] is not pipelined (PREG=0). Pipelining the DSP48 output will improve performance and often saves power so it is suggested whenever possible to fully pipeline this function.  If this DSP48 function was inferred, it is suggested to describe an additional register stage after this function.  If the DSP48 was instantiated in the design, it is suggested to set the PREG attribute to 1.
Related violations: <none>

DPOP-1#38 Warning
PREG Output pipelining  
DSP top_i/StreamingDataflowPartition_1/inst/StreamingDataflowPartition_1_MVAU_hls_4/StreamingDataflowPartition_1_MVAU_hls_4/inst/grp_Matrix_Vector_Activate_Stream_Batch_fu_30/mul_4s_4ns_8_1_1_U14/dout output top_i/StreamingDataflowPartition_1/inst/StreamingDataflowPartition_1_MVAU_hls_4/StreamingDataflowPartition_1_MVAU_hls_4/inst/grp_Matrix_Vector_Activate_Stream_Batch_fu_30/mul_4s_4ns_8_1_1_U14/dout/P[47:0] is not pipelined (PREG=0). Pipelining the DSP48 output will improve performance and often saves power so it is suggested whenever possible to fully pipeline this function.  If this DSP48 function was inferred, it is suggested to describe an additional register stage after this function.  If the DSP48 was instantiated in the design, it is suggested to set the PREG attribute to 1.
Related violations: <none>

DPOP-1#39 Warning
PREG Output pipelining  
DSP top_i/StreamingDataflowPartition_1/inst/StreamingDataflowPartition_1_MVAU_hls_4/StreamingDataflowPartition_1_MVAU_hls_4/inst/grp_Matrix_Vector_Activate_Stream_Batch_fu_30/mul_4s_4ns_8_1_1_U15/dout output top_i/StreamingDataflowPartition_1/inst/StreamingDataflowPartition_1_MVAU_hls_4/StreamingDataflowPartition_1_MVAU_hls_4/inst/grp_Matrix_Vector_Activate_Stream_Batch_fu_30/mul_4s_4ns_8_1_1_U15/dout/P[47:0] is not pipelined (PREG=0). Pipelining the DSP48 output will improve performance and often saves power so it is suggested whenever possible to fully pipeline this function.  If this DSP48 function was inferred, it is suggested to describe an additional register stage after this function.  If the DSP48 was instantiated in the design, it is suggested to set the PREG attribute to 1.
Related violations: <none>

DPOP-1#40 Warning
PREG Output pipelining  
DSP top_i/StreamingDataflowPartition_1/inst/StreamingDataflowPartition_1_MVAU_hls_4/StreamingDataflowPartition_1_MVAU_hls_4/inst/grp_Matrix_Vector_Activate_Stream_Batch_fu_30/mul_4s_4ns_8_1_1_U16/dout output top_i/StreamingDataflowPartition_1/inst/StreamingDataflowPartition_1_MVAU_hls_4/StreamingDataflowPartition_1_MVAU_hls_4/inst/grp_Matrix_Vector_Activate_Stream_Batch_fu_30/mul_4s_4ns_8_1_1_U16/dout/P[47:0] is not pipelined (PREG=0). Pipelining the DSP48 output will improve performance and often saves power so it is suggested whenever possible to fully pipeline this function.  If this DSP48 function was inferred, it is suggested to describe an additional register stage after this function.  If the DSP48 was instantiated in the design, it is suggested to set the PREG attribute to 1.
Related violations: <none>

DPOP-1#41 Warning
PREG Output pipelining  
DSP top_i/StreamingDataflowPartition_1/inst/StreamingDataflowPartition_1_MVAU_hls_4/StreamingDataflowPartition_1_MVAU_hls_4/inst/grp_Matrix_Vector_Activate_Stream_Batch_fu_30/mul_4s_4ns_8_1_1_U2/dout output top_i/StreamingDataflowPartition_1/inst/StreamingDataflowPartition_1_MVAU_hls_4/StreamingDataflowPartition_1_MVAU_hls_4/inst/grp_Matrix_Vector_Activate_Stream_Batch_fu_30/mul_4s_4ns_8_1_1_U2/dout/P[47:0] is not pipelined (PREG=0). Pipelining the DSP48 output will improve performance and often saves power so it is suggested whenever possible to fully pipeline this function.  If this DSP48 function was inferred, it is suggested to describe an additional register stage after this function.  If the DSP48 was instantiated in the design, it is suggested to set the PREG attribute to 1.
Related violations: <none>

DPOP-1#42 Warning
PREG Output pipelining  
DSP top_i/StreamingDataflowPartition_1/inst/StreamingDataflowPartition_1_MVAU_hls_4/StreamingDataflowPartition_1_MVAU_hls_4/inst/grp_Matrix_Vector_Activate_Stream_Batch_fu_30/mul_4s_4ns_8_1_1_U3/dout output top_i/StreamingDataflowPartition_1/inst/StreamingDataflowPartition_1_MVAU_hls_4/StreamingDataflowPartition_1_MVAU_hls_4/inst/grp_Matrix_Vector_Activate_Stream_Batch_fu_30/mul_4s_4ns_8_1_1_U3/dout/P[47:0] is not pipelined (PREG=0). Pipelining the DSP48 output will improve performance and often saves power so it is suggested whenever possible to fully pipeline this function.  If this DSP48 function was inferred, it is suggested to describe an additional register stage after this function.  If the DSP48 was instantiated in the design, it is suggested to set the PREG attribute to 1.
Related violations: <none>

DPOP-1#43 Warning
PREG Output pipelining  
DSP top_i/StreamingDataflowPartition_1/inst/StreamingDataflowPartition_1_MVAU_hls_4/StreamingDataflowPartition_1_MVAU_hls_4/inst/grp_Matrix_Vector_Activate_Stream_Batch_fu_30/mul_4s_4ns_8_1_1_U4/dout output top_i/StreamingDataflowPartition_1/inst/StreamingDataflowPartition_1_MVAU_hls_4/StreamingDataflowPartition_1_MVAU_hls_4/inst/grp_Matrix_Vector_Activate_Stream_Batch_fu_30/mul_4s_4ns_8_1_1_U4/dout/P[47:0] is not pipelined (PREG=0). Pipelining the DSP48 output will improve performance and often saves power so it is suggested whenever possible to fully pipeline this function.  If this DSP48 function was inferred, it is suggested to describe an additional register stage after this function.  If the DSP48 was instantiated in the design, it is suggested to set the PREG attribute to 1.
Related violations: <none>

DPOP-1#44 Warning
PREG Output pipelining  
DSP top_i/StreamingDataflowPartition_1/inst/StreamingDataflowPartition_1_MVAU_hls_4/StreamingDataflowPartition_1_MVAU_hls_4/inst/grp_Matrix_Vector_Activate_Stream_Batch_fu_30/mul_4s_4ns_8_1_1_U5/dout output top_i/StreamingDataflowPartition_1/inst/StreamingDataflowPartition_1_MVAU_hls_4/StreamingDataflowPartition_1_MVAU_hls_4/inst/grp_Matrix_Vector_Activate_Stream_Batch_fu_30/mul_4s_4ns_8_1_1_U5/dout/P[47:0] is not pipelined (PREG=0). Pipelining the DSP48 output will improve performance and often saves power so it is suggested whenever possible to fully pipeline this function.  If this DSP48 function was inferred, it is suggested to describe an additional register stage after this function.  If the DSP48 was instantiated in the design, it is suggested to set the PREG attribute to 1.
Related violations: <none>

DPOP-1#45 Warning
PREG Output pipelining  
DSP top_i/StreamingDataflowPartition_1/inst/StreamingDataflowPartition_1_MVAU_hls_4/StreamingDataflowPartition_1_MVAU_hls_4/inst/grp_Matrix_Vector_Activate_Stream_Batch_fu_30/mul_4s_4ns_8_1_1_U6/dout output top_i/StreamingDataflowPartition_1/inst/StreamingDataflowPartition_1_MVAU_hls_4/StreamingDataflowPartition_1_MVAU_hls_4/inst/grp_Matrix_Vector_Activate_Stream_Batch_fu_30/mul_4s_4ns_8_1_1_U6/dout/P[47:0] is not pipelined (PREG=0). Pipelining the DSP48 output will improve performance and often saves power so it is suggested whenever possible to fully pipeline this function.  If this DSP48 function was inferred, it is suggested to describe an additional register stage after this function.  If the DSP48 was instantiated in the design, it is suggested to set the PREG attribute to 1.
Related violations: <none>

DPOP-1#46 Warning
PREG Output pipelining  
DSP top_i/StreamingDataflowPartition_1/inst/StreamingDataflowPartition_1_MVAU_hls_4/StreamingDataflowPartition_1_MVAU_hls_4/inst/grp_Matrix_Vector_Activate_Stream_Batch_fu_30/mul_4s_4ns_8_1_1_U7/dout output top_i/StreamingDataflowPartition_1/inst/StreamingDataflowPartition_1_MVAU_hls_4/StreamingDataflowPartition_1_MVAU_hls_4/inst/grp_Matrix_Vector_Activate_Stream_Batch_fu_30/mul_4s_4ns_8_1_1_U7/dout/P[47:0] is not pipelined (PREG=0). Pipelining the DSP48 output will improve performance and often saves power so it is suggested whenever possible to fully pipeline this function.  If this DSP48 function was inferred, it is suggested to describe an additional register stage after this function.  If the DSP48 was instantiated in the design, it is suggested to set the PREG attribute to 1.
Related violations: <none>

DPOP-1#47 Warning
PREG Output pipelining  
DSP top_i/StreamingDataflowPartition_1/inst/StreamingDataflowPartition_1_MVAU_hls_4/StreamingDataflowPartition_1_MVAU_hls_4/inst/grp_Matrix_Vector_Activate_Stream_Batch_fu_30/mul_4s_4ns_8_1_1_U8/dout output top_i/StreamingDataflowPartition_1/inst/StreamingDataflowPartition_1_MVAU_hls_4/StreamingDataflowPartition_1_MVAU_hls_4/inst/grp_Matrix_Vector_Activate_Stream_Batch_fu_30/mul_4s_4ns_8_1_1_U8/dout/P[47:0] is not pipelined (PREG=0). Pipelining the DSP48 output will improve performance and often saves power so it is suggested whenever possible to fully pipeline this function.  If this DSP48 function was inferred, it is suggested to describe an additional register stage after this function.  If the DSP48 was instantiated in the design, it is suggested to set the PREG attribute to 1.
Related violations: <none>

DPOP-1#48 Warning
PREG Output pipelining  
DSP top_i/StreamingDataflowPartition_1/inst/StreamingDataflowPartition_1_MVAU_hls_4/StreamingDataflowPartition_1_MVAU_hls_4/inst/grp_Matrix_Vector_Activate_Stream_Batch_fu_30/mul_4s_4ns_8_1_1_U9/dout output top_i/StreamingDataflowPartition_1/inst/StreamingDataflowPartition_1_MVAU_hls_4/StreamingDataflowPartition_1_MVAU_hls_4/inst/grp_Matrix_Vector_Activate_Stream_Batch_fu_30/mul_4s_4ns_8_1_1_U9/dout/P[47:0] is not pipelined (PREG=0). Pipelining the DSP48 output will improve performance and often saves power so it is suggested whenever possible to fully pipeline this function.  If this DSP48 function was inferred, it is suggested to describe an additional register stage after this function.  If the DSP48 was instantiated in the design, it is suggested to set the PREG attribute to 1.
Related violations: <none>

DPOP-1#49 Warning
PREG Output pipelining  
DSP top_i/StreamingDataflowPartition_1/inst/StreamingDataflowPartition_1_MVAU_hls_5/StreamingDataflowPartition_1_MVAU_hls_5/inst/grp_Matrix_Vector_Activate_Stream_Batch_fu_30/mul_4ns_4s_8_1_1_U1/dout output top_i/StreamingDataflowPartition_1/inst/StreamingDataflowPartition_1_MVAU_hls_5/StreamingDataflowPartition_1_MVAU_hls_5/inst/grp_Matrix_Vector_Activate_Stream_Batch_fu_30/mul_4ns_4s_8_1_1_U1/dout/P[47:0] is not pipelined (PREG=0). Pipelining the DSP48 output will improve performance and often saves power so it is suggested whenever possible to fully pipeline this function.  If this DSP48 function was inferred, it is suggested to describe an additional register stage after this function.  If the DSP48 was instantiated in the design, it is suggested to set the PREG attribute to 1.
Related violations: <none>

DPOP-1#50 Warning
PREG Output pipelining  
DSP top_i/StreamingDataflowPartition_1/inst/StreamingDataflowPartition_1_MVAU_hls_5/StreamingDataflowPartition_1_MVAU_hls_5/inst/grp_Matrix_Vector_Activate_Stream_Batch_fu_30/mul_4s_4ns_8_1_1_U10/dout output top_i/StreamingDataflowPartition_1/inst/StreamingDataflowPartition_1_MVAU_hls_5/StreamingDataflowPartition_1_MVAU_hls_5/inst/grp_Matrix_Vector_Activate_Stream_Batch_fu_30/mul_4s_4ns_8_1_1_U10/dout/P[47:0] is not pipelined (PREG=0). Pipelining the DSP48 output will improve performance and often saves power so it is suggested whenever possible to fully pipeline this function.  If this DSP48 function was inferred, it is suggested to describe an additional register stage after this function.  If the DSP48 was instantiated in the design, it is suggested to set the PREG attribute to 1.
Related violations: <none>

DPOP-1#51 Warning
PREG Output pipelining  
DSP top_i/StreamingDataflowPartition_1/inst/StreamingDataflowPartition_1_MVAU_hls_5/StreamingDataflowPartition_1_MVAU_hls_5/inst/grp_Matrix_Vector_Activate_Stream_Batch_fu_30/mul_4s_4ns_8_1_1_U11/dout output top_i/StreamingDataflowPartition_1/inst/StreamingDataflowPartition_1_MVAU_hls_5/StreamingDataflowPartition_1_MVAU_hls_5/inst/grp_Matrix_Vector_Activate_Stream_Batch_fu_30/mul_4s_4ns_8_1_1_U11/dout/P[47:0] is not pipelined (PREG=0). Pipelining the DSP48 output will improve performance and often saves power so it is suggested whenever possible to fully pipeline this function.  If this DSP48 function was inferred, it is suggested to describe an additional register stage after this function.  If the DSP48 was instantiated in the design, it is suggested to set the PREG attribute to 1.
Related violations: <none>

DPOP-1#52 Warning
PREG Output pipelining  
DSP top_i/StreamingDataflowPartition_1/inst/StreamingDataflowPartition_1_MVAU_hls_5/StreamingDataflowPartition_1_MVAU_hls_5/inst/grp_Matrix_Vector_Activate_Stream_Batch_fu_30/mul_4s_4ns_8_1_1_U12/dout output top_i/StreamingDataflowPartition_1/inst/StreamingDataflowPartition_1_MVAU_hls_5/StreamingDataflowPartition_1_MVAU_hls_5/inst/grp_Matrix_Vector_Activate_Stream_Batch_fu_30/mul_4s_4ns_8_1_1_U12/dout/P[47:0] is not pipelined (PREG=0). Pipelining the DSP48 output will improve performance and often saves power so it is suggested whenever possible to fully pipeline this function.  If this DSP48 function was inferred, it is suggested to describe an additional register stage after this function.  If the DSP48 was instantiated in the design, it is suggested to set the PREG attribute to 1.
Related violations: <none>

DPOP-1#53 Warning
PREG Output pipelining  
DSP top_i/StreamingDataflowPartition_1/inst/StreamingDataflowPartition_1_MVAU_hls_5/StreamingDataflowPartition_1_MVAU_hls_5/inst/grp_Matrix_Vector_Activate_Stream_Batch_fu_30/mul_4s_4ns_8_1_1_U13/dout output top_i/StreamingDataflowPartition_1/inst/StreamingDataflowPartition_1_MVAU_hls_5/StreamingDataflowPartition_1_MVAU_hls_5/inst/grp_Matrix_Vector_Activate_Stream_Batch_fu_30/mul_4s_4ns_8_1_1_U13/dout/P[47:0] is not pipelined (PREG=0). Pipelining the DSP48 output will improve performance and often saves power so it is suggested whenever possible to fully pipeline this function.  If this DSP48 function was inferred, it is suggested to describe an additional register stage after this function.  If the DSP48 was instantiated in the design, it is suggested to set the PREG attribute to 1.
Related violations: <none>

DPOP-1#54 Warning
PREG Output pipelining  
DSP top_i/StreamingDataflowPartition_1/inst/StreamingDataflowPartition_1_MVAU_hls_5/StreamingDataflowPartition_1_MVAU_hls_5/inst/grp_Matrix_Vector_Activate_Stream_Batch_fu_30/mul_4s_4ns_8_1_1_U14/dout output top_i/StreamingDataflowPartition_1/inst/StreamingDataflowPartition_1_MVAU_hls_5/StreamingDataflowPartition_1_MVAU_hls_5/inst/grp_Matrix_Vector_Activate_Stream_Batch_fu_30/mul_4s_4ns_8_1_1_U14/dout/P[47:0] is not pipelined (PREG=0). Pipelining the DSP48 output will improve performance and often saves power so it is suggested whenever possible to fully pipeline this function.  If this DSP48 function was inferred, it is suggested to describe an additional register stage after this function.  If the DSP48 was instantiated in the design, it is suggested to set the PREG attribute to 1.
Related violations: <none>

DPOP-1#55 Warning
PREG Output pipelining  
DSP top_i/StreamingDataflowPartition_1/inst/StreamingDataflowPartition_1_MVAU_hls_5/StreamingDataflowPartition_1_MVAU_hls_5/inst/grp_Matrix_Vector_Activate_Stream_Batch_fu_30/mul_4s_4ns_8_1_1_U15/dout output top_i/StreamingDataflowPartition_1/inst/StreamingDataflowPartition_1_MVAU_hls_5/StreamingDataflowPartition_1_MVAU_hls_5/inst/grp_Matrix_Vector_Activate_Stream_Batch_fu_30/mul_4s_4ns_8_1_1_U15/dout/P[47:0] is not pipelined (PREG=0). Pipelining the DSP48 output will improve performance and often saves power so it is suggested whenever possible to fully pipeline this function.  If this DSP48 function was inferred, it is suggested to describe an additional register stage after this function.  If the DSP48 was instantiated in the design, it is suggested to set the PREG attribute to 1.
Related violations: <none>

DPOP-1#56 Warning
PREG Output pipelining  
DSP top_i/StreamingDataflowPartition_1/inst/StreamingDataflowPartition_1_MVAU_hls_5/StreamingDataflowPartition_1_MVAU_hls_5/inst/grp_Matrix_Vector_Activate_Stream_Batch_fu_30/mul_4s_4ns_8_1_1_U16/dout output top_i/StreamingDataflowPartition_1/inst/StreamingDataflowPartition_1_MVAU_hls_5/StreamingDataflowPartition_1_MVAU_hls_5/inst/grp_Matrix_Vector_Activate_Stream_Batch_fu_30/mul_4s_4ns_8_1_1_U16/dout/P[47:0] is not pipelined (PREG=0). Pipelining the DSP48 output will improve performance and often saves power so it is suggested whenever possible to fully pipeline this function.  If this DSP48 function was inferred, it is suggested to describe an additional register stage after this function.  If the DSP48 was instantiated in the design, it is suggested to set the PREG attribute to 1.
Related violations: <none>

DPOP-1#57 Warning
PREG Output pipelining  
DSP top_i/StreamingDataflowPartition_1/inst/StreamingDataflowPartition_1_MVAU_hls_5/StreamingDataflowPartition_1_MVAU_hls_5/inst/grp_Matrix_Vector_Activate_Stream_Batch_fu_30/mul_4s_4ns_8_1_1_U2/dout output top_i/StreamingDataflowPartition_1/inst/StreamingDataflowPartition_1_MVAU_hls_5/StreamingDataflowPartition_1_MVAU_hls_5/inst/grp_Matrix_Vector_Activate_Stream_Batch_fu_30/mul_4s_4ns_8_1_1_U2/dout/P[47:0] is not pipelined (PREG=0). Pipelining the DSP48 output will improve performance and often saves power so it is suggested whenever possible to fully pipeline this function.  If this DSP48 function was inferred, it is suggested to describe an additional register stage after this function.  If the DSP48 was instantiated in the design, it is suggested to set the PREG attribute to 1.
Related violations: <none>

DPOP-1#58 Warning
PREG Output pipelining  
DSP top_i/StreamingDataflowPartition_1/inst/StreamingDataflowPartition_1_MVAU_hls_5/StreamingDataflowPartition_1_MVAU_hls_5/inst/grp_Matrix_Vector_Activate_Stream_Batch_fu_30/mul_4s_4ns_8_1_1_U3/dout output top_i/StreamingDataflowPartition_1/inst/StreamingDataflowPartition_1_MVAU_hls_5/StreamingDataflowPartition_1_MVAU_hls_5/inst/grp_Matrix_Vector_Activate_Stream_Batch_fu_30/mul_4s_4ns_8_1_1_U3/dout/P[47:0] is not pipelined (PREG=0). Pipelining the DSP48 output will improve performance and often saves power so it is suggested whenever possible to fully pipeline this function.  If this DSP48 function was inferred, it is suggested to describe an additional register stage after this function.  If the DSP48 was instantiated in the design, it is suggested to set the PREG attribute to 1.
Related violations: <none>

DPOP-1#59 Warning
PREG Output pipelining  
DSP top_i/StreamingDataflowPartition_1/inst/StreamingDataflowPartition_1_MVAU_hls_5/StreamingDataflowPartition_1_MVAU_hls_5/inst/grp_Matrix_Vector_Activate_Stream_Batch_fu_30/mul_4s_4ns_8_1_1_U4/dout output top_i/StreamingDataflowPartition_1/inst/StreamingDataflowPartition_1_MVAU_hls_5/StreamingDataflowPartition_1_MVAU_hls_5/inst/grp_Matrix_Vector_Activate_Stream_Batch_fu_30/mul_4s_4ns_8_1_1_U4/dout/P[47:0] is not pipelined (PREG=0). Pipelining the DSP48 output will improve performance and often saves power so it is suggested whenever possible to fully pipeline this function.  If this DSP48 function was inferred, it is suggested to describe an additional register stage after this function.  If the DSP48 was instantiated in the design, it is suggested to set the PREG attribute to 1.
Related violations: <none>

DPOP-1#60 Warning
PREG Output pipelining  
DSP top_i/StreamingDataflowPartition_1/inst/StreamingDataflowPartition_1_MVAU_hls_5/StreamingDataflowPartition_1_MVAU_hls_5/inst/grp_Matrix_Vector_Activate_Stream_Batch_fu_30/mul_4s_4ns_8_1_1_U5/dout output top_i/StreamingDataflowPartition_1/inst/StreamingDataflowPartition_1_MVAU_hls_5/StreamingDataflowPartition_1_MVAU_hls_5/inst/grp_Matrix_Vector_Activate_Stream_Batch_fu_30/mul_4s_4ns_8_1_1_U5/dout/P[47:0] is not pipelined (PREG=0). Pipelining the DSP48 output will improve performance and often saves power so it is suggested whenever possible to fully pipeline this function.  If this DSP48 function was inferred, it is suggested to describe an additional register stage after this function.  If the DSP48 was instantiated in the design, it is suggested to set the PREG attribute to 1.
Related violations: <none>

DPOP-1#61 Warning
PREG Output pipelining  
DSP top_i/StreamingDataflowPartition_1/inst/StreamingDataflowPartition_1_MVAU_hls_5/StreamingDataflowPartition_1_MVAU_hls_5/inst/grp_Matrix_Vector_Activate_Stream_Batch_fu_30/mul_4s_4ns_8_1_1_U6/dout output top_i/StreamingDataflowPartition_1/inst/StreamingDataflowPartition_1_MVAU_hls_5/StreamingDataflowPartition_1_MVAU_hls_5/inst/grp_Matrix_Vector_Activate_Stream_Batch_fu_30/mul_4s_4ns_8_1_1_U6/dout/P[47:0] is not pipelined (PREG=0). Pipelining the DSP48 output will improve performance and often saves power so it is suggested whenever possible to fully pipeline this function.  If this DSP48 function was inferred, it is suggested to describe an additional register stage after this function.  If the DSP48 was instantiated in the design, it is suggested to set the PREG attribute to 1.
Related violations: <none>

DPOP-1#62 Warning
PREG Output pipelining  
DSP top_i/StreamingDataflowPartition_1/inst/StreamingDataflowPartition_1_MVAU_hls_5/StreamingDataflowPartition_1_MVAU_hls_5/inst/grp_Matrix_Vector_Activate_Stream_Batch_fu_30/mul_4s_4ns_8_1_1_U7/dout output top_i/StreamingDataflowPartition_1/inst/StreamingDataflowPartition_1_MVAU_hls_5/StreamingDataflowPartition_1_MVAU_hls_5/inst/grp_Matrix_Vector_Activate_Stream_Batch_fu_30/mul_4s_4ns_8_1_1_U7/dout/P[47:0] is not pipelined (PREG=0). Pipelining the DSP48 output will improve performance and often saves power so it is suggested whenever possible to fully pipeline this function.  If this DSP48 function was inferred, it is suggested to describe an additional register stage after this function.  If the DSP48 was instantiated in the design, it is suggested to set the PREG attribute to 1.
Related violations: <none>

DPOP-1#63 Warning
PREG Output pipelining  
DSP top_i/StreamingDataflowPartition_1/inst/StreamingDataflowPartition_1_MVAU_hls_5/StreamingDataflowPartition_1_MVAU_hls_5/inst/grp_Matrix_Vector_Activate_Stream_Batch_fu_30/mul_4s_4ns_8_1_1_U8/dout output top_i/StreamingDataflowPartition_1/inst/StreamingDataflowPartition_1_MVAU_hls_5/StreamingDataflowPartition_1_MVAU_hls_5/inst/grp_Matrix_Vector_Activate_Stream_Batch_fu_30/mul_4s_4ns_8_1_1_U8/dout/P[47:0] is not pipelined (PREG=0). Pipelining the DSP48 output will improve performance and often saves power so it is suggested whenever possible to fully pipeline this function.  If this DSP48 function was inferred, it is suggested to describe an additional register stage after this function.  If the DSP48 was instantiated in the design, it is suggested to set the PREG attribute to 1.
Related violations: <none>

DPOP-1#64 Warning
PREG Output pipelining  
DSP top_i/StreamingDataflowPartition_1/inst/StreamingDataflowPartition_1_MVAU_hls_5/StreamingDataflowPartition_1_MVAU_hls_5/inst/grp_Matrix_Vector_Activate_Stream_Batch_fu_30/mul_4s_4ns_8_1_1_U9/dout output top_i/StreamingDataflowPartition_1/inst/StreamingDataflowPartition_1_MVAU_hls_5/StreamingDataflowPartition_1_MVAU_hls_5/inst/grp_Matrix_Vector_Activate_Stream_Batch_fu_30/mul_4s_4ns_8_1_1_U9/dout/P[47:0] is not pipelined (PREG=0). Pipelining the DSP48 output will improve performance and often saves power so it is suggested whenever possible to fully pipeline this function.  If this DSP48 function was inferred, it is suggested to describe an additional register stage after this function.  If the DSP48 was instantiated in the design, it is suggested to set the PREG attribute to 1.
Related violations: <none>

DPOP-1#65 Warning
PREG Output pipelining  
DSP top_i/StreamingDataflowPartition_1/inst/StreamingDataflowPartition_1_MVAU_hls_6/StreamingDataflowPartition_1_MVAU_hls_6/inst/grp_Matrix_Vector_Activate_Stream_Batch_fu_30/mul_4ns_4s_8_1_1_U1/dout output top_i/StreamingDataflowPartition_1/inst/StreamingDataflowPartition_1_MVAU_hls_6/StreamingDataflowPartition_1_MVAU_hls_6/inst/grp_Matrix_Vector_Activate_Stream_Batch_fu_30/mul_4ns_4s_8_1_1_U1/dout/P[47:0] is not pipelined (PREG=0). Pipelining the DSP48 output will improve performance and often saves power so it is suggested whenever possible to fully pipeline this function.  If this DSP48 function was inferred, it is suggested to describe an additional register stage after this function.  If the DSP48 was instantiated in the design, it is suggested to set the PREG attribute to 1.
Related violations: <none>

DPOP-1#66 Warning
PREG Output pipelining  
DSP top_i/StreamingDataflowPartition_1/inst/StreamingDataflowPartition_1_MVAU_hls_6/StreamingDataflowPartition_1_MVAU_hls_6/inst/grp_Matrix_Vector_Activate_Stream_Batch_fu_30/mul_4s_4ns_8_1_1_U10/dout output top_i/StreamingDataflowPartition_1/inst/StreamingDataflowPartition_1_MVAU_hls_6/StreamingDataflowPartition_1_MVAU_hls_6/inst/grp_Matrix_Vector_Activate_Stream_Batch_fu_30/mul_4s_4ns_8_1_1_U10/dout/P[47:0] is not pipelined (PREG=0). Pipelining the DSP48 output will improve performance and often saves power so it is suggested whenever possible to fully pipeline this function.  If this DSP48 function was inferred, it is suggested to describe an additional register stage after this function.  If the DSP48 was instantiated in the design, it is suggested to set the PREG attribute to 1.
Related violations: <none>

DPOP-1#67 Warning
PREG Output pipelining  
DSP top_i/StreamingDataflowPartition_1/inst/StreamingDataflowPartition_1_MVAU_hls_6/StreamingDataflowPartition_1_MVAU_hls_6/inst/grp_Matrix_Vector_Activate_Stream_Batch_fu_30/mul_4s_4ns_8_1_1_U11/dout output top_i/StreamingDataflowPartition_1/inst/StreamingDataflowPartition_1_MVAU_hls_6/StreamingDataflowPartition_1_MVAU_hls_6/inst/grp_Matrix_Vector_Activate_Stream_Batch_fu_30/mul_4s_4ns_8_1_1_U11/dout/P[47:0] is not pipelined (PREG=0). Pipelining the DSP48 output will improve performance and often saves power so it is suggested whenever possible to fully pipeline this function.  If this DSP48 function was inferred, it is suggested to describe an additional register stage after this function.  If the DSP48 was instantiated in the design, it is suggested to set the PREG attribute to 1.
Related violations: <none>

DPOP-1#68 Warning
PREG Output pipelining  
DSP top_i/StreamingDataflowPartition_1/inst/StreamingDataflowPartition_1_MVAU_hls_6/StreamingDataflowPartition_1_MVAU_hls_6/inst/grp_Matrix_Vector_Activate_Stream_Batch_fu_30/mul_4s_4ns_8_1_1_U12/dout output top_i/StreamingDataflowPartition_1/inst/StreamingDataflowPartition_1_MVAU_hls_6/StreamingDataflowPartition_1_MVAU_hls_6/inst/grp_Matrix_Vector_Activate_Stream_Batch_fu_30/mul_4s_4ns_8_1_1_U12/dout/P[47:0] is not pipelined (PREG=0). Pipelining the DSP48 output will improve performance and often saves power so it is suggested whenever possible to fully pipeline this function.  If this DSP48 function was inferred, it is suggested to describe an additional register stage after this function.  If the DSP48 was instantiated in the design, it is suggested to set the PREG attribute to 1.
Related violations: <none>

DPOP-1#69 Warning
PREG Output pipelining  
DSP top_i/StreamingDataflowPartition_1/inst/StreamingDataflowPartition_1_MVAU_hls_6/StreamingDataflowPartition_1_MVAU_hls_6/inst/grp_Matrix_Vector_Activate_Stream_Batch_fu_30/mul_4s_4ns_8_1_1_U13/dout output top_i/StreamingDataflowPartition_1/inst/StreamingDataflowPartition_1_MVAU_hls_6/StreamingDataflowPartition_1_MVAU_hls_6/inst/grp_Matrix_Vector_Activate_Stream_Batch_fu_30/mul_4s_4ns_8_1_1_U13/dout/P[47:0] is not pipelined (PREG=0). Pipelining the DSP48 output will improve performance and often saves power so it is suggested whenever possible to fully pipeline this function.  If this DSP48 function was inferred, it is suggested to describe an additional register stage after this function.  If the DSP48 was instantiated in the design, it is suggested to set the PREG attribute to 1.
Related violations: <none>

DPOP-1#70 Warning
PREG Output pipelining  
DSP top_i/StreamingDataflowPartition_1/inst/StreamingDataflowPartition_1_MVAU_hls_6/StreamingDataflowPartition_1_MVAU_hls_6/inst/grp_Matrix_Vector_Activate_Stream_Batch_fu_30/mul_4s_4ns_8_1_1_U14/dout output top_i/StreamingDataflowPartition_1/inst/StreamingDataflowPartition_1_MVAU_hls_6/StreamingDataflowPartition_1_MVAU_hls_6/inst/grp_Matrix_Vector_Activate_Stream_Batch_fu_30/mul_4s_4ns_8_1_1_U14/dout/P[47:0] is not pipelined (PREG=0). Pipelining the DSP48 output will improve performance and often saves power so it is suggested whenever possible to fully pipeline this function.  If this DSP48 function was inferred, it is suggested to describe an additional register stage after this function.  If the DSP48 was instantiated in the design, it is suggested to set the PREG attribute to 1.
Related violations: <none>

DPOP-1#71 Warning
PREG Output pipelining  
DSP top_i/StreamingDataflowPartition_1/inst/StreamingDataflowPartition_1_MVAU_hls_6/StreamingDataflowPartition_1_MVAU_hls_6/inst/grp_Matrix_Vector_Activate_Stream_Batch_fu_30/mul_4s_4ns_8_1_1_U15/dout output top_i/StreamingDataflowPartition_1/inst/StreamingDataflowPartition_1_MVAU_hls_6/StreamingDataflowPartition_1_MVAU_hls_6/inst/grp_Matrix_Vector_Activate_Stream_Batch_fu_30/mul_4s_4ns_8_1_1_U15/dout/P[47:0] is not pipelined (PREG=0). Pipelining the DSP48 output will improve performance and often saves power so it is suggested whenever possible to fully pipeline this function.  If this DSP48 function was inferred, it is suggested to describe an additional register stage after this function.  If the DSP48 was instantiated in the design, it is suggested to set the PREG attribute to 1.
Related violations: <none>

DPOP-1#72 Warning
PREG Output pipelining  
DSP top_i/StreamingDataflowPartition_1/inst/StreamingDataflowPartition_1_MVAU_hls_6/StreamingDataflowPartition_1_MVAU_hls_6/inst/grp_Matrix_Vector_Activate_Stream_Batch_fu_30/mul_4s_4ns_8_1_1_U16/dout output top_i/StreamingDataflowPartition_1/inst/StreamingDataflowPartition_1_MVAU_hls_6/StreamingDataflowPartition_1_MVAU_hls_6/inst/grp_Matrix_Vector_Activate_Stream_Batch_fu_30/mul_4s_4ns_8_1_1_U16/dout/P[47:0] is not pipelined (PREG=0). Pipelining the DSP48 output will improve performance and often saves power so it is suggested whenever possible to fully pipeline this function.  If this DSP48 function was inferred, it is suggested to describe an additional register stage after this function.  If the DSP48 was instantiated in the design, it is suggested to set the PREG attribute to 1.
Related violations: <none>

DPOP-1#73 Warning
PREG Output pipelining  
DSP top_i/StreamingDataflowPartition_1/inst/StreamingDataflowPartition_1_MVAU_hls_6/StreamingDataflowPartition_1_MVAU_hls_6/inst/grp_Matrix_Vector_Activate_Stream_Batch_fu_30/mul_4s_4ns_8_1_1_U2/dout output top_i/StreamingDataflowPartition_1/inst/StreamingDataflowPartition_1_MVAU_hls_6/StreamingDataflowPartition_1_MVAU_hls_6/inst/grp_Matrix_Vector_Activate_Stream_Batch_fu_30/mul_4s_4ns_8_1_1_U2/dout/P[47:0] is not pipelined (PREG=0). Pipelining the DSP48 output will improve performance and often saves power so it is suggested whenever possible to fully pipeline this function.  If this DSP48 function was inferred, it is suggested to describe an additional register stage after this function.  If the DSP48 was instantiated in the design, it is suggested to set the PREG attribute to 1.
Related violations: <none>

DPOP-1#74 Warning
PREG Output pipelining  
DSP top_i/StreamingDataflowPartition_1/inst/StreamingDataflowPartition_1_MVAU_hls_6/StreamingDataflowPartition_1_MVAU_hls_6/inst/grp_Matrix_Vector_Activate_Stream_Batch_fu_30/mul_4s_4ns_8_1_1_U3/dout output top_i/StreamingDataflowPartition_1/inst/StreamingDataflowPartition_1_MVAU_hls_6/StreamingDataflowPartition_1_MVAU_hls_6/inst/grp_Matrix_Vector_Activate_Stream_Batch_fu_30/mul_4s_4ns_8_1_1_U3/dout/P[47:0] is not pipelined (PREG=0). Pipelining the DSP48 output will improve performance and often saves power so it is suggested whenever possible to fully pipeline this function.  If this DSP48 function was inferred, it is suggested to describe an additional register stage after this function.  If the DSP48 was instantiated in the design, it is suggested to set the PREG attribute to 1.
Related violations: <none>

DPOP-1#75 Warning
PREG Output pipelining  
DSP top_i/StreamingDataflowPartition_1/inst/StreamingDataflowPartition_1_MVAU_hls_6/StreamingDataflowPartition_1_MVAU_hls_6/inst/grp_Matrix_Vector_Activate_Stream_Batch_fu_30/mul_4s_4ns_8_1_1_U4/dout output top_i/StreamingDataflowPartition_1/inst/StreamingDataflowPartition_1_MVAU_hls_6/StreamingDataflowPartition_1_MVAU_hls_6/inst/grp_Matrix_Vector_Activate_Stream_Batch_fu_30/mul_4s_4ns_8_1_1_U4/dout/P[47:0] is not pipelined (PREG=0). Pipelining the DSP48 output will improve performance and often saves power so it is suggested whenever possible to fully pipeline this function.  If this DSP48 function was inferred, it is suggested to describe an additional register stage after this function.  If the DSP48 was instantiated in the design, it is suggested to set the PREG attribute to 1.
Related violations: <none>

DPOP-1#76 Warning
PREG Output pipelining  
DSP top_i/StreamingDataflowPartition_1/inst/StreamingDataflowPartition_1_MVAU_hls_6/StreamingDataflowPartition_1_MVAU_hls_6/inst/grp_Matrix_Vector_Activate_Stream_Batch_fu_30/mul_4s_4ns_8_1_1_U5/dout output top_i/StreamingDataflowPartition_1/inst/StreamingDataflowPartition_1_MVAU_hls_6/StreamingDataflowPartition_1_MVAU_hls_6/inst/grp_Matrix_Vector_Activate_Stream_Batch_fu_30/mul_4s_4ns_8_1_1_U5/dout/P[47:0] is not pipelined (PREG=0). Pipelining the DSP48 output will improve performance and often saves power so it is suggested whenever possible to fully pipeline this function.  If this DSP48 function was inferred, it is suggested to describe an additional register stage after this function.  If the DSP48 was instantiated in the design, it is suggested to set the PREG attribute to 1.
Related violations: <none>

DPOP-1#77 Warning
PREG Output pipelining  
DSP top_i/StreamingDataflowPartition_1/inst/StreamingDataflowPartition_1_MVAU_hls_6/StreamingDataflowPartition_1_MVAU_hls_6/inst/grp_Matrix_Vector_Activate_Stream_Batch_fu_30/mul_4s_4ns_8_1_1_U6/dout output top_i/StreamingDataflowPartition_1/inst/StreamingDataflowPartition_1_MVAU_hls_6/StreamingDataflowPartition_1_MVAU_hls_6/inst/grp_Matrix_Vector_Activate_Stream_Batch_fu_30/mul_4s_4ns_8_1_1_U6/dout/P[47:0] is not pipelined (PREG=0). Pipelining the DSP48 output will improve performance and often saves power so it is suggested whenever possible to fully pipeline this function.  If this DSP48 function was inferred, it is suggested to describe an additional register stage after this function.  If the DSP48 was instantiated in the design, it is suggested to set the PREG attribute to 1.
Related violations: <none>

DPOP-1#78 Warning
PREG Output pipelining  
DSP top_i/StreamingDataflowPartition_1/inst/StreamingDataflowPartition_1_MVAU_hls_6/StreamingDataflowPartition_1_MVAU_hls_6/inst/grp_Matrix_Vector_Activate_Stream_Batch_fu_30/mul_4s_4ns_8_1_1_U7/dout output top_i/StreamingDataflowPartition_1/inst/StreamingDataflowPartition_1_MVAU_hls_6/StreamingDataflowPartition_1_MVAU_hls_6/inst/grp_Matrix_Vector_Activate_Stream_Batch_fu_30/mul_4s_4ns_8_1_1_U7/dout/P[47:0] is not pipelined (PREG=0). Pipelining the DSP48 output will improve performance and often saves power so it is suggested whenever possible to fully pipeline this function.  If this DSP48 function was inferred, it is suggested to describe an additional register stage after this function.  If the DSP48 was instantiated in the design, it is suggested to set the PREG attribute to 1.
Related violations: <none>

DPOP-1#79 Warning
PREG Output pipelining  
DSP top_i/StreamingDataflowPartition_1/inst/StreamingDataflowPartition_1_MVAU_hls_6/StreamingDataflowPartition_1_MVAU_hls_6/inst/grp_Matrix_Vector_Activate_Stream_Batch_fu_30/mul_4s_4ns_8_1_1_U8/dout output top_i/StreamingDataflowPartition_1/inst/StreamingDataflowPartition_1_MVAU_hls_6/StreamingDataflowPartition_1_MVAU_hls_6/inst/grp_Matrix_Vector_Activate_Stream_Batch_fu_30/mul_4s_4ns_8_1_1_U8/dout/P[47:0] is not pipelined (PREG=0). Pipelining the DSP48 output will improve performance and often saves power so it is suggested whenever possible to fully pipeline this function.  If this DSP48 function was inferred, it is suggested to describe an additional register stage after this function.  If the DSP48 was instantiated in the design, it is suggested to set the PREG attribute to 1.
Related violations: <none>

DPOP-1#80 Warning
PREG Output pipelining  
DSP top_i/StreamingDataflowPartition_1/inst/StreamingDataflowPartition_1_MVAU_hls_6/StreamingDataflowPartition_1_MVAU_hls_6/inst/grp_Matrix_Vector_Activate_Stream_Batch_fu_30/mul_4s_4ns_8_1_1_U9/dout output top_i/StreamingDataflowPartition_1/inst/StreamingDataflowPartition_1_MVAU_hls_6/StreamingDataflowPartition_1_MVAU_hls_6/inst/grp_Matrix_Vector_Activate_Stream_Batch_fu_30/mul_4s_4ns_8_1_1_U9/dout/P[47:0] is not pipelined (PREG=0). Pipelining the DSP48 output will improve performance and often saves power so it is suggested whenever possible to fully pipeline this function.  If this DSP48 function was inferred, it is suggested to describe an additional register stage after this function.  If the DSP48 was instantiated in the design, it is suggested to set the PREG attribute to 1.
Related violations: <none>

DPOP-1#81 Warning
PREG Output pipelining  
DSP top_i/StreamingDataflowPartition_1/inst/StreamingDataflowPartition_1_MVAU_hls_7/inst/grp_Matrix_Vector_Activate_Batch_fu_30/mul_4ns_4s_8_1_1_U2/dout output top_i/StreamingDataflowPartition_1/inst/StreamingDataflowPartition_1_MVAU_hls_7/inst/grp_Matrix_Vector_Activate_Batch_fu_30/mul_4ns_4s_8_1_1_U2/dout/P[47:0] is not pipelined (PREG=0). Pipelining the DSP48 output will improve performance and often saves power so it is suggested whenever possible to fully pipeline this function.  If this DSP48 function was inferred, it is suggested to describe an additional register stage after this function.  If the DSP48 was instantiated in the design, it is suggested to set the PREG attribute to 1.
Related violations: <none>

DPOP-2#1 Warning
MREG Output pipelining  
DSP top_i/StreamingDataflowPartition_1/inst/StreamingDataflowPartition_1_MVAU_hls_0/StreamingDataflowPartition_1_MVAU_hls_0/inst/grp_Matrix_Vector_Activate_Stream_Batch_fu_60/trunc_ln840_reg_886_reg multiplier stage top_i/StreamingDataflowPartition_1/inst/StreamingDataflowPartition_1_MVAU_hls_0/StreamingDataflowPartition_1_MVAU_hls_0/inst/grp_Matrix_Vector_Activate_Stream_Batch_fu_60/trunc_ln840_reg_886_reg/P[47:0] is not pipelined (MREG=0). Pipelining the multiplier function will improve performance and will save significant power so it is suggested whenever possible to fully pipeline this function.  If this multiplier was inferred, it is suggested to describe an additional register stage after this function.  If there is no registered adder/accumulator following the multiply function, two pipeline stages are suggested to allow both the MREG and PREG registers to be used.  If the DSP48 was instantiated in the design, it is suggested to set both the MREG and PREG attributes to 1 when performing multiply functions.
Related violations: <none>

DPOP-2#2 Warning
MREG Output pipelining  
DSP top_i/StreamingDataflowPartition_1/inst/StreamingDataflowPartition_1_MVAU_hls_2/StreamingDataflowPartition_1_MVAU_hls_2/inst/grp_Matrix_Vector_Activate_Stream_Batch_fu_30/mul_4ns_4s_8_1_1_U1/dout multiplier stage top_i/StreamingDataflowPartition_1/inst/StreamingDataflowPartition_1_MVAU_hls_2/StreamingDataflowPartition_1_MVAU_hls_2/inst/grp_Matrix_Vector_Activate_Stream_Batch_fu_30/mul_4ns_4s_8_1_1_U1/dout/P[47:0] is not pipelined (MREG=0). Pipelining the multiplier function will improve performance and will save significant power so it is suggested whenever possible to fully pipeline this function.  If this multiplier was inferred, it is suggested to describe an additional register stage after this function.  If there is no registered adder/accumulator following the multiply function, two pipeline stages are suggested to allow both the MREG and PREG registers to be used.  If the DSP48 was instantiated in the design, it is suggested to set both the MREG and PREG attributes to 1 when performing multiply functions.
Related violations: <none>

DPOP-2#3 Warning
MREG Output pipelining  
DSP top_i/StreamingDataflowPartition_1/inst/StreamingDataflowPartition_1_MVAU_hls_2/StreamingDataflowPartition_1_MVAU_hls_2/inst/grp_Matrix_Vector_Activate_Stream_Batch_fu_30/mul_4s_4ns_8_1_1_U10/dout multiplier stage top_i/StreamingDataflowPartition_1/inst/StreamingDataflowPartition_1_MVAU_hls_2/StreamingDataflowPartition_1_MVAU_hls_2/inst/grp_Matrix_Vector_Activate_Stream_Batch_fu_30/mul_4s_4ns_8_1_1_U10/dout/P[47:0] is not pipelined (MREG=0). Pipelining the multiplier function will improve performance and will save significant power so it is suggested whenever possible to fully pipeline this function.  If this multiplier was inferred, it is suggested to describe an additional register stage after this function.  If there is no registered adder/accumulator following the multiply function, two pipeline stages are suggested to allow both the MREG and PREG registers to be used.  If the DSP48 was instantiated in the design, it is suggested to set both the MREG and PREG attributes to 1 when performing multiply functions.
Related violations: <none>

DPOP-2#4 Warning
MREG Output pipelining  
DSP top_i/StreamingDataflowPartition_1/inst/StreamingDataflowPartition_1_MVAU_hls_2/StreamingDataflowPartition_1_MVAU_hls_2/inst/grp_Matrix_Vector_Activate_Stream_Batch_fu_30/mul_4s_4ns_8_1_1_U11/dout multiplier stage top_i/StreamingDataflowPartition_1/inst/StreamingDataflowPartition_1_MVAU_hls_2/StreamingDataflowPartition_1_MVAU_hls_2/inst/grp_Matrix_Vector_Activate_Stream_Batch_fu_30/mul_4s_4ns_8_1_1_U11/dout/P[47:0] is not pipelined (MREG=0). Pipelining the multiplier function will improve performance and will save significant power so it is suggested whenever possible to fully pipeline this function.  If this multiplier was inferred, it is suggested to describe an additional register stage after this function.  If there is no registered adder/accumulator following the multiply function, two pipeline stages are suggested to allow both the MREG and PREG registers to be used.  If the DSP48 was instantiated in the design, it is suggested to set both the MREG and PREG attributes to 1 when performing multiply functions.
Related violations: <none>

DPOP-2#5 Warning
MREG Output pipelining  
DSP top_i/StreamingDataflowPartition_1/inst/StreamingDataflowPartition_1_MVAU_hls_2/StreamingDataflowPartition_1_MVAU_hls_2/inst/grp_Matrix_Vector_Activate_Stream_Batch_fu_30/mul_4s_4ns_8_1_1_U12/dout multiplier stage top_i/StreamingDataflowPartition_1/inst/StreamingDataflowPartition_1_MVAU_hls_2/StreamingDataflowPartition_1_MVAU_hls_2/inst/grp_Matrix_Vector_Activate_Stream_Batch_fu_30/mul_4s_4ns_8_1_1_U12/dout/P[47:0] is not pipelined (MREG=0). Pipelining the multiplier function will improve performance and will save significant power so it is suggested whenever possible to fully pipeline this function.  If this multiplier was inferred, it is suggested to describe an additional register stage after this function.  If there is no registered adder/accumulator following the multiply function, two pipeline stages are suggested to allow both the MREG and PREG registers to be used.  If the DSP48 was instantiated in the design, it is suggested to set both the MREG and PREG attributes to 1 when performing multiply functions.
Related violations: <none>

DPOP-2#6 Warning
MREG Output pipelining  
DSP top_i/StreamingDataflowPartition_1/inst/StreamingDataflowPartition_1_MVAU_hls_2/StreamingDataflowPartition_1_MVAU_hls_2/inst/grp_Matrix_Vector_Activate_Stream_Batch_fu_30/mul_4s_4ns_8_1_1_U13/dout multiplier stage top_i/StreamingDataflowPartition_1/inst/StreamingDataflowPartition_1_MVAU_hls_2/StreamingDataflowPartition_1_MVAU_hls_2/inst/grp_Matrix_Vector_Activate_Stream_Batch_fu_30/mul_4s_4ns_8_1_1_U13/dout/P[47:0] is not pipelined (MREG=0). Pipelining the multiplier function will improve performance and will save significant power so it is suggested whenever possible to fully pipeline this function.  If this multiplier was inferred, it is suggested to describe an additional register stage after this function.  If there is no registered adder/accumulator following the multiply function, two pipeline stages are suggested to allow both the MREG and PREG registers to be used.  If the DSP48 was instantiated in the design, it is suggested to set both the MREG and PREG attributes to 1 when performing multiply functions.
Related violations: <none>

DPOP-2#7 Warning
MREG Output pipelining  
DSP top_i/StreamingDataflowPartition_1/inst/StreamingDataflowPartition_1_MVAU_hls_2/StreamingDataflowPartition_1_MVAU_hls_2/inst/grp_Matrix_Vector_Activate_Stream_Batch_fu_30/mul_4s_4ns_8_1_1_U14/dout multiplier stage top_i/StreamingDataflowPartition_1/inst/StreamingDataflowPartition_1_MVAU_hls_2/StreamingDataflowPartition_1_MVAU_hls_2/inst/grp_Matrix_Vector_Activate_Stream_Batch_fu_30/mul_4s_4ns_8_1_1_U14/dout/P[47:0] is not pipelined (MREG=0). Pipelining the multiplier function will improve performance and will save significant power so it is suggested whenever possible to fully pipeline this function.  If this multiplier was inferred, it is suggested to describe an additional register stage after this function.  If there is no registered adder/accumulator following the multiply function, two pipeline stages are suggested to allow both the MREG and PREG registers to be used.  If the DSP48 was instantiated in the design, it is suggested to set both the MREG and PREG attributes to 1 when performing multiply functions.
Related violations: <none>

DPOP-2#8 Warning
MREG Output pipelining  
DSP top_i/StreamingDataflowPartition_1/inst/StreamingDataflowPartition_1_MVAU_hls_2/StreamingDataflowPartition_1_MVAU_hls_2/inst/grp_Matrix_Vector_Activate_Stream_Batch_fu_30/mul_4s_4ns_8_1_1_U15/dout multiplier stage top_i/StreamingDataflowPartition_1/inst/StreamingDataflowPartition_1_MVAU_hls_2/StreamingDataflowPartition_1_MVAU_hls_2/inst/grp_Matrix_Vector_Activate_Stream_Batch_fu_30/mul_4s_4ns_8_1_1_U15/dout/P[47:0] is not pipelined (MREG=0). Pipelining the multiplier function will improve performance and will save significant power so it is suggested whenever possible to fully pipeline this function.  If this multiplier was inferred, it is suggested to describe an additional register stage after this function.  If there is no registered adder/accumulator following the multiply function, two pipeline stages are suggested to allow both the MREG and PREG registers to be used.  If the DSP48 was instantiated in the design, it is suggested to set both the MREG and PREG attributes to 1 when performing multiply functions.
Related violations: <none>

DPOP-2#9 Warning
MREG Output pipelining  
DSP top_i/StreamingDataflowPartition_1/inst/StreamingDataflowPartition_1_MVAU_hls_2/StreamingDataflowPartition_1_MVAU_hls_2/inst/grp_Matrix_Vector_Activate_Stream_Batch_fu_30/mul_4s_4ns_8_1_1_U16/dout multiplier stage top_i/StreamingDataflowPartition_1/inst/StreamingDataflowPartition_1_MVAU_hls_2/StreamingDataflowPartition_1_MVAU_hls_2/inst/grp_Matrix_Vector_Activate_Stream_Batch_fu_30/mul_4s_4ns_8_1_1_U16/dout/P[47:0] is not pipelined (MREG=0). Pipelining the multiplier function will improve performance and will save significant power so it is suggested whenever possible to fully pipeline this function.  If this multiplier was inferred, it is suggested to describe an additional register stage after this function.  If there is no registered adder/accumulator following the multiply function, two pipeline stages are suggested to allow both the MREG and PREG registers to be used.  If the DSP48 was instantiated in the design, it is suggested to set both the MREG and PREG attributes to 1 when performing multiply functions.
Related violations: <none>

DPOP-2#10 Warning
MREG Output pipelining  
DSP top_i/StreamingDataflowPartition_1/inst/StreamingDataflowPartition_1_MVAU_hls_2/StreamingDataflowPartition_1_MVAU_hls_2/inst/grp_Matrix_Vector_Activate_Stream_Batch_fu_30/mul_4s_4ns_8_1_1_U2/dout multiplier stage top_i/StreamingDataflowPartition_1/inst/StreamingDataflowPartition_1_MVAU_hls_2/StreamingDataflowPartition_1_MVAU_hls_2/inst/grp_Matrix_Vector_Activate_Stream_Batch_fu_30/mul_4s_4ns_8_1_1_U2/dout/P[47:0] is not pipelined (MREG=0). Pipelining the multiplier function will improve performance and will save significant power so it is suggested whenever possible to fully pipeline this function.  If this multiplier was inferred, it is suggested to describe an additional register stage after this function.  If there is no registered adder/accumulator following the multiply function, two pipeline stages are suggested to allow both the MREG and PREG registers to be used.  If the DSP48 was instantiated in the design, it is suggested to set both the MREG and PREG attributes to 1 when performing multiply functions.
Related violations: <none>

DPOP-2#11 Warning
MREG Output pipelining  
DSP top_i/StreamingDataflowPartition_1/inst/StreamingDataflowPartition_1_MVAU_hls_2/StreamingDataflowPartition_1_MVAU_hls_2/inst/grp_Matrix_Vector_Activate_Stream_Batch_fu_30/mul_4s_4ns_8_1_1_U3/dout multiplier stage top_i/StreamingDataflowPartition_1/inst/StreamingDataflowPartition_1_MVAU_hls_2/StreamingDataflowPartition_1_MVAU_hls_2/inst/grp_Matrix_Vector_Activate_Stream_Batch_fu_30/mul_4s_4ns_8_1_1_U3/dout/P[47:0] is not pipelined (MREG=0). Pipelining the multiplier function will improve performance and will save significant power so it is suggested whenever possible to fully pipeline this function.  If this multiplier was inferred, it is suggested to describe an additional register stage after this function.  If there is no registered adder/accumulator following the multiply function, two pipeline stages are suggested to allow both the MREG and PREG registers to be used.  If the DSP48 was instantiated in the design, it is suggested to set both the MREG and PREG attributes to 1 when performing multiply functions.
Related violations: <none>

DPOP-2#12 Warning
MREG Output pipelining  
DSP top_i/StreamingDataflowPartition_1/inst/StreamingDataflowPartition_1_MVAU_hls_2/StreamingDataflowPartition_1_MVAU_hls_2/inst/grp_Matrix_Vector_Activate_Stream_Batch_fu_30/mul_4s_4ns_8_1_1_U4/dout multiplier stage top_i/StreamingDataflowPartition_1/inst/StreamingDataflowPartition_1_MVAU_hls_2/StreamingDataflowPartition_1_MVAU_hls_2/inst/grp_Matrix_Vector_Activate_Stream_Batch_fu_30/mul_4s_4ns_8_1_1_U4/dout/P[47:0] is not pipelined (MREG=0). Pipelining the multiplier function will improve performance and will save significant power so it is suggested whenever possible to fully pipeline this function.  If this multiplier was inferred, it is suggested to describe an additional register stage after this function.  If there is no registered adder/accumulator following the multiply function, two pipeline stages are suggested to allow both the MREG and PREG registers to be used.  If the DSP48 was instantiated in the design, it is suggested to set both the MREG and PREG attributes to 1 when performing multiply functions.
Related violations: <none>

DPOP-2#13 Warning
MREG Output pipelining  
DSP top_i/StreamingDataflowPartition_1/inst/StreamingDataflowPartition_1_MVAU_hls_2/StreamingDataflowPartition_1_MVAU_hls_2/inst/grp_Matrix_Vector_Activate_Stream_Batch_fu_30/mul_4s_4ns_8_1_1_U5/dout multiplier stage top_i/StreamingDataflowPartition_1/inst/StreamingDataflowPartition_1_MVAU_hls_2/StreamingDataflowPartition_1_MVAU_hls_2/inst/grp_Matrix_Vector_Activate_Stream_Batch_fu_30/mul_4s_4ns_8_1_1_U5/dout/P[47:0] is not pipelined (MREG=0). Pipelining the multiplier function will improve performance and will save significant power so it is suggested whenever possible to fully pipeline this function.  If this multiplier was inferred, it is suggested to describe an additional register stage after this function.  If there is no registered adder/accumulator following the multiply function, two pipeline stages are suggested to allow both the MREG and PREG registers to be used.  If the DSP48 was instantiated in the design, it is suggested to set both the MREG and PREG attributes to 1 when performing multiply functions.
Related violations: <none>

DPOP-2#14 Warning
MREG Output pipelining  
DSP top_i/StreamingDataflowPartition_1/inst/StreamingDataflowPartition_1_MVAU_hls_2/StreamingDataflowPartition_1_MVAU_hls_2/inst/grp_Matrix_Vector_Activate_Stream_Batch_fu_30/mul_4s_4ns_8_1_1_U6/dout multiplier stage top_i/StreamingDataflowPartition_1/inst/StreamingDataflowPartition_1_MVAU_hls_2/StreamingDataflowPartition_1_MVAU_hls_2/inst/grp_Matrix_Vector_Activate_Stream_Batch_fu_30/mul_4s_4ns_8_1_1_U6/dout/P[47:0] is not pipelined (MREG=0). Pipelining the multiplier function will improve performance and will save significant power so it is suggested whenever possible to fully pipeline this function.  If this multiplier was inferred, it is suggested to describe an additional register stage after this function.  If there is no registered adder/accumulator following the multiply function, two pipeline stages are suggested to allow both the MREG and PREG registers to be used.  If the DSP48 was instantiated in the design, it is suggested to set both the MREG and PREG attributes to 1 when performing multiply functions.
Related violations: <none>

DPOP-2#15 Warning
MREG Output pipelining  
DSP top_i/StreamingDataflowPartition_1/inst/StreamingDataflowPartition_1_MVAU_hls_2/StreamingDataflowPartition_1_MVAU_hls_2/inst/grp_Matrix_Vector_Activate_Stream_Batch_fu_30/mul_4s_4ns_8_1_1_U7/dout multiplier stage top_i/StreamingDataflowPartition_1/inst/StreamingDataflowPartition_1_MVAU_hls_2/StreamingDataflowPartition_1_MVAU_hls_2/inst/grp_Matrix_Vector_Activate_Stream_Batch_fu_30/mul_4s_4ns_8_1_1_U7/dout/P[47:0] is not pipelined (MREG=0). Pipelining the multiplier function will improve performance and will save significant power so it is suggested whenever possible to fully pipeline this function.  If this multiplier was inferred, it is suggested to describe an additional register stage after this function.  If there is no registered adder/accumulator following the multiply function, two pipeline stages are suggested to allow both the MREG and PREG registers to be used.  If the DSP48 was instantiated in the design, it is suggested to set both the MREG and PREG attributes to 1 when performing multiply functions.
Related violations: <none>

DPOP-2#16 Warning
MREG Output pipelining  
DSP top_i/StreamingDataflowPartition_1/inst/StreamingDataflowPartition_1_MVAU_hls_2/StreamingDataflowPartition_1_MVAU_hls_2/inst/grp_Matrix_Vector_Activate_Stream_Batch_fu_30/mul_4s_4ns_8_1_1_U8/dout multiplier stage top_i/StreamingDataflowPartition_1/inst/StreamingDataflowPartition_1_MVAU_hls_2/StreamingDataflowPartition_1_MVAU_hls_2/inst/grp_Matrix_Vector_Activate_Stream_Batch_fu_30/mul_4s_4ns_8_1_1_U8/dout/P[47:0] is not pipelined (MREG=0). Pipelining the multiplier function will improve performance and will save significant power so it is suggested whenever possible to fully pipeline this function.  If this multiplier was inferred, it is suggested to describe an additional register stage after this function.  If there is no registered adder/accumulator following the multiply function, two pipeline stages are suggested to allow both the MREG and PREG registers to be used.  If the DSP48 was instantiated in the design, it is suggested to set both the MREG and PREG attributes to 1 when performing multiply functions.
Related violations: <none>

DPOP-2#17 Warning
MREG Output pipelining  
DSP top_i/StreamingDataflowPartition_1/inst/StreamingDataflowPartition_1_MVAU_hls_2/StreamingDataflowPartition_1_MVAU_hls_2/inst/grp_Matrix_Vector_Activate_Stream_Batch_fu_30/mul_4s_4ns_8_1_1_U9/dout multiplier stage top_i/StreamingDataflowPartition_1/inst/StreamingDataflowPartition_1_MVAU_hls_2/StreamingDataflowPartition_1_MVAU_hls_2/inst/grp_Matrix_Vector_Activate_Stream_Batch_fu_30/mul_4s_4ns_8_1_1_U9/dout/P[47:0] is not pipelined (MREG=0). Pipelining the multiplier function will improve performance and will save significant power so it is suggested whenever possible to fully pipeline this function.  If this multiplier was inferred, it is suggested to describe an additional register stage after this function.  If there is no registered adder/accumulator following the multiply function, two pipeline stages are suggested to allow both the MREG and PREG registers to be used.  If the DSP48 was instantiated in the design, it is suggested to set both the MREG and PREG attributes to 1 when performing multiply functions.
Related violations: <none>

DPOP-2#18 Warning
MREG Output pipelining  
DSP top_i/StreamingDataflowPartition_1/inst/StreamingDataflowPartition_1_MVAU_hls_3/StreamingDataflowPartition_1_MVAU_hls_3/inst/grp_Matrix_Vector_Activate_Stream_Batch_fu_30/mul_4ns_4s_8_1_1_U1/dout multiplier stage top_i/StreamingDataflowPartition_1/inst/StreamingDataflowPartition_1_MVAU_hls_3/StreamingDataflowPartition_1_MVAU_hls_3/inst/grp_Matrix_Vector_Activate_Stream_Batch_fu_30/mul_4ns_4s_8_1_1_U1/dout/P[47:0] is not pipelined (MREG=0). Pipelining the multiplier function will improve performance and will save significant power so it is suggested whenever possible to fully pipeline this function.  If this multiplier was inferred, it is suggested to describe an additional register stage after this function.  If there is no registered adder/accumulator following the multiply function, two pipeline stages are suggested to allow both the MREG and PREG registers to be used.  If the DSP48 was instantiated in the design, it is suggested to set both the MREG and PREG attributes to 1 when performing multiply functions.
Related violations: <none>

DPOP-2#19 Warning
MREG Output pipelining  
DSP top_i/StreamingDataflowPartition_1/inst/StreamingDataflowPartition_1_MVAU_hls_3/StreamingDataflowPartition_1_MVAU_hls_3/inst/grp_Matrix_Vector_Activate_Stream_Batch_fu_30/mul_4s_4ns_8_1_1_U10/dout multiplier stage top_i/StreamingDataflowPartition_1/inst/StreamingDataflowPartition_1_MVAU_hls_3/StreamingDataflowPartition_1_MVAU_hls_3/inst/grp_Matrix_Vector_Activate_Stream_Batch_fu_30/mul_4s_4ns_8_1_1_U10/dout/P[47:0] is not pipelined (MREG=0). Pipelining the multiplier function will improve performance and will save significant power so it is suggested whenever possible to fully pipeline this function.  If this multiplier was inferred, it is suggested to describe an additional register stage after this function.  If there is no registered adder/accumulator following the multiply function, two pipeline stages are suggested to allow both the MREG and PREG registers to be used.  If the DSP48 was instantiated in the design, it is suggested to set both the MREG and PREG attributes to 1 when performing multiply functions.
Related violations: <none>

DPOP-2#20 Warning
MREG Output pipelining  
DSP top_i/StreamingDataflowPartition_1/inst/StreamingDataflowPartition_1_MVAU_hls_3/StreamingDataflowPartition_1_MVAU_hls_3/inst/grp_Matrix_Vector_Activate_Stream_Batch_fu_30/mul_4s_4ns_8_1_1_U11/dout multiplier stage top_i/StreamingDataflowPartition_1/inst/StreamingDataflowPartition_1_MVAU_hls_3/StreamingDataflowPartition_1_MVAU_hls_3/inst/grp_Matrix_Vector_Activate_Stream_Batch_fu_30/mul_4s_4ns_8_1_1_U11/dout/P[47:0] is not pipelined (MREG=0). Pipelining the multiplier function will improve performance and will save significant power so it is suggested whenever possible to fully pipeline this function.  If this multiplier was inferred, it is suggested to describe an additional register stage after this function.  If there is no registered adder/accumulator following the multiply function, two pipeline stages are suggested to allow both the MREG and PREG registers to be used.  If the DSP48 was instantiated in the design, it is suggested to set both the MREG and PREG attributes to 1 when performing multiply functions.
Related violations: <none>

DPOP-2#21 Warning
MREG Output pipelining  
DSP top_i/StreamingDataflowPartition_1/inst/StreamingDataflowPartition_1_MVAU_hls_3/StreamingDataflowPartition_1_MVAU_hls_3/inst/grp_Matrix_Vector_Activate_Stream_Batch_fu_30/mul_4s_4ns_8_1_1_U12/dout multiplier stage top_i/StreamingDataflowPartition_1/inst/StreamingDataflowPartition_1_MVAU_hls_3/StreamingDataflowPartition_1_MVAU_hls_3/inst/grp_Matrix_Vector_Activate_Stream_Batch_fu_30/mul_4s_4ns_8_1_1_U12/dout/P[47:0] is not pipelined (MREG=0). Pipelining the multiplier function will improve performance and will save significant power so it is suggested whenever possible to fully pipeline this function.  If this multiplier was inferred, it is suggested to describe an additional register stage after this function.  If there is no registered adder/accumulator following the multiply function, two pipeline stages are suggested to allow both the MREG and PREG registers to be used.  If the DSP48 was instantiated in the design, it is suggested to set both the MREG and PREG attributes to 1 when performing multiply functions.
Related violations: <none>

DPOP-2#22 Warning
MREG Output pipelining  
DSP top_i/StreamingDataflowPartition_1/inst/StreamingDataflowPartition_1_MVAU_hls_3/StreamingDataflowPartition_1_MVAU_hls_3/inst/grp_Matrix_Vector_Activate_Stream_Batch_fu_30/mul_4s_4ns_8_1_1_U13/dout multiplier stage top_i/StreamingDataflowPartition_1/inst/StreamingDataflowPartition_1_MVAU_hls_3/StreamingDataflowPartition_1_MVAU_hls_3/inst/grp_Matrix_Vector_Activate_Stream_Batch_fu_30/mul_4s_4ns_8_1_1_U13/dout/P[47:0] is not pipelined (MREG=0). Pipelining the multiplier function will improve performance and will save significant power so it is suggested whenever possible to fully pipeline this function.  If this multiplier was inferred, it is suggested to describe an additional register stage after this function.  If there is no registered adder/accumulator following the multiply function, two pipeline stages are suggested to allow both the MREG and PREG registers to be used.  If the DSP48 was instantiated in the design, it is suggested to set both the MREG and PREG attributes to 1 when performing multiply functions.
Related violations: <none>

DPOP-2#23 Warning
MREG Output pipelining  
DSP top_i/StreamingDataflowPartition_1/inst/StreamingDataflowPartition_1_MVAU_hls_3/StreamingDataflowPartition_1_MVAU_hls_3/inst/grp_Matrix_Vector_Activate_Stream_Batch_fu_30/mul_4s_4ns_8_1_1_U14/dout multiplier stage top_i/StreamingDataflowPartition_1/inst/StreamingDataflowPartition_1_MVAU_hls_3/StreamingDataflowPartition_1_MVAU_hls_3/inst/grp_Matrix_Vector_Activate_Stream_Batch_fu_30/mul_4s_4ns_8_1_1_U14/dout/P[47:0] is not pipelined (MREG=0). Pipelining the multiplier function will improve performance and will save significant power so it is suggested whenever possible to fully pipeline this function.  If this multiplier was inferred, it is suggested to describe an additional register stage after this function.  If there is no registered adder/accumulator following the multiply function, two pipeline stages are suggested to allow both the MREG and PREG registers to be used.  If the DSP48 was instantiated in the design, it is suggested to set both the MREG and PREG attributes to 1 when performing multiply functions.
Related violations: <none>

DPOP-2#24 Warning
MREG Output pipelining  
DSP top_i/StreamingDataflowPartition_1/inst/StreamingDataflowPartition_1_MVAU_hls_3/StreamingDataflowPartition_1_MVAU_hls_3/inst/grp_Matrix_Vector_Activate_Stream_Batch_fu_30/mul_4s_4ns_8_1_1_U15/dout multiplier stage top_i/StreamingDataflowPartition_1/inst/StreamingDataflowPartition_1_MVAU_hls_3/StreamingDataflowPartition_1_MVAU_hls_3/inst/grp_Matrix_Vector_Activate_Stream_Batch_fu_30/mul_4s_4ns_8_1_1_U15/dout/P[47:0] is not pipelined (MREG=0). Pipelining the multiplier function will improve performance and will save significant power so it is suggested whenever possible to fully pipeline this function.  If this multiplier was inferred, it is suggested to describe an additional register stage after this function.  If there is no registered adder/accumulator following the multiply function, two pipeline stages are suggested to allow both the MREG and PREG registers to be used.  If the DSP48 was instantiated in the design, it is suggested to set both the MREG and PREG attributes to 1 when performing multiply functions.
Related violations: <none>

DPOP-2#25 Warning
MREG Output pipelining  
DSP top_i/StreamingDataflowPartition_1/inst/StreamingDataflowPartition_1_MVAU_hls_3/StreamingDataflowPartition_1_MVAU_hls_3/inst/grp_Matrix_Vector_Activate_Stream_Batch_fu_30/mul_4s_4ns_8_1_1_U16/dout multiplier stage top_i/StreamingDataflowPartition_1/inst/StreamingDataflowPartition_1_MVAU_hls_3/StreamingDataflowPartition_1_MVAU_hls_3/inst/grp_Matrix_Vector_Activate_Stream_Batch_fu_30/mul_4s_4ns_8_1_1_U16/dout/P[47:0] is not pipelined (MREG=0). Pipelining the multiplier function will improve performance and will save significant power so it is suggested whenever possible to fully pipeline this function.  If this multiplier was inferred, it is suggested to describe an additional register stage after this function.  If there is no registered adder/accumulator following the multiply function, two pipeline stages are suggested to allow both the MREG and PREG registers to be used.  If the DSP48 was instantiated in the design, it is suggested to set both the MREG and PREG attributes to 1 when performing multiply functions.
Related violations: <none>

DPOP-2#26 Warning
MREG Output pipelining  
DSP top_i/StreamingDataflowPartition_1/inst/StreamingDataflowPartition_1_MVAU_hls_3/StreamingDataflowPartition_1_MVAU_hls_3/inst/grp_Matrix_Vector_Activate_Stream_Batch_fu_30/mul_4s_4ns_8_1_1_U2/dout multiplier stage top_i/StreamingDataflowPartition_1/inst/StreamingDataflowPartition_1_MVAU_hls_3/StreamingDataflowPartition_1_MVAU_hls_3/inst/grp_Matrix_Vector_Activate_Stream_Batch_fu_30/mul_4s_4ns_8_1_1_U2/dout/P[47:0] is not pipelined (MREG=0). Pipelining the multiplier function will improve performance and will save significant power so it is suggested whenever possible to fully pipeline this function.  If this multiplier was inferred, it is suggested to describe an additional register stage after this function.  If there is no registered adder/accumulator following the multiply function, two pipeline stages are suggested to allow both the MREG and PREG registers to be used.  If the DSP48 was instantiated in the design, it is suggested to set both the MREG and PREG attributes to 1 when performing multiply functions.
Related violations: <none>

DPOP-2#27 Warning
MREG Output pipelining  
DSP top_i/StreamingDataflowPartition_1/inst/StreamingDataflowPartition_1_MVAU_hls_3/StreamingDataflowPartition_1_MVAU_hls_3/inst/grp_Matrix_Vector_Activate_Stream_Batch_fu_30/mul_4s_4ns_8_1_1_U3/dout multiplier stage top_i/StreamingDataflowPartition_1/inst/StreamingDataflowPartition_1_MVAU_hls_3/StreamingDataflowPartition_1_MVAU_hls_3/inst/grp_Matrix_Vector_Activate_Stream_Batch_fu_30/mul_4s_4ns_8_1_1_U3/dout/P[47:0] is not pipelined (MREG=0). Pipelining the multiplier function will improve performance and will save significant power so it is suggested whenever possible to fully pipeline this function.  If this multiplier was inferred, it is suggested to describe an additional register stage after this function.  If there is no registered adder/accumulator following the multiply function, two pipeline stages are suggested to allow both the MREG and PREG registers to be used.  If the DSP48 was instantiated in the design, it is suggested to set both the MREG and PREG attributes to 1 when performing multiply functions.
Related violations: <none>

DPOP-2#28 Warning
MREG Output pipelining  
DSP top_i/StreamingDataflowPartition_1/inst/StreamingDataflowPartition_1_MVAU_hls_3/StreamingDataflowPartition_1_MVAU_hls_3/inst/grp_Matrix_Vector_Activate_Stream_Batch_fu_30/mul_4s_4ns_8_1_1_U4/dout multiplier stage top_i/StreamingDataflowPartition_1/inst/StreamingDataflowPartition_1_MVAU_hls_3/StreamingDataflowPartition_1_MVAU_hls_3/inst/grp_Matrix_Vector_Activate_Stream_Batch_fu_30/mul_4s_4ns_8_1_1_U4/dout/P[47:0] is not pipelined (MREG=0). Pipelining the multiplier function will improve performance and will save significant power so it is suggested whenever possible to fully pipeline this function.  If this multiplier was inferred, it is suggested to describe an additional register stage after this function.  If there is no registered adder/accumulator following the multiply function, two pipeline stages are suggested to allow both the MREG and PREG registers to be used.  If the DSP48 was instantiated in the design, it is suggested to set both the MREG and PREG attributes to 1 when performing multiply functions.
Related violations: <none>

DPOP-2#29 Warning
MREG Output pipelining  
DSP top_i/StreamingDataflowPartition_1/inst/StreamingDataflowPartition_1_MVAU_hls_3/StreamingDataflowPartition_1_MVAU_hls_3/inst/grp_Matrix_Vector_Activate_Stream_Batch_fu_30/mul_4s_4ns_8_1_1_U5/dout multiplier stage top_i/StreamingDataflowPartition_1/inst/StreamingDataflowPartition_1_MVAU_hls_3/StreamingDataflowPartition_1_MVAU_hls_3/inst/grp_Matrix_Vector_Activate_Stream_Batch_fu_30/mul_4s_4ns_8_1_1_U5/dout/P[47:0] is not pipelined (MREG=0). Pipelining the multiplier function will improve performance and will save significant power so it is suggested whenever possible to fully pipeline this function.  If this multiplier was inferred, it is suggested to describe an additional register stage after this function.  If there is no registered adder/accumulator following the multiply function, two pipeline stages are suggested to allow both the MREG and PREG registers to be used.  If the DSP48 was instantiated in the design, it is suggested to set both the MREG and PREG attributes to 1 when performing multiply functions.
Related violations: <none>

DPOP-2#30 Warning
MREG Output pipelining  
DSP top_i/StreamingDataflowPartition_1/inst/StreamingDataflowPartition_1_MVAU_hls_3/StreamingDataflowPartition_1_MVAU_hls_3/inst/grp_Matrix_Vector_Activate_Stream_Batch_fu_30/mul_4s_4ns_8_1_1_U6/dout multiplier stage top_i/StreamingDataflowPartition_1/inst/StreamingDataflowPartition_1_MVAU_hls_3/StreamingDataflowPartition_1_MVAU_hls_3/inst/grp_Matrix_Vector_Activate_Stream_Batch_fu_30/mul_4s_4ns_8_1_1_U6/dout/P[47:0] is not pipelined (MREG=0). Pipelining the multiplier function will improve performance and will save significant power so it is suggested whenever possible to fully pipeline this function.  If this multiplier was inferred, it is suggested to describe an additional register stage after this function.  If there is no registered adder/accumulator following the multiply function, two pipeline stages are suggested to allow both the MREG and PREG registers to be used.  If the DSP48 was instantiated in the design, it is suggested to set both the MREG and PREG attributes to 1 when performing multiply functions.
Related violations: <none>

DPOP-2#31 Warning
MREG Output pipelining  
DSP top_i/StreamingDataflowPartition_1/inst/StreamingDataflowPartition_1_MVAU_hls_3/StreamingDataflowPartition_1_MVAU_hls_3/inst/grp_Matrix_Vector_Activate_Stream_Batch_fu_30/mul_4s_4ns_8_1_1_U7/dout multiplier stage top_i/StreamingDataflowPartition_1/inst/StreamingDataflowPartition_1_MVAU_hls_3/StreamingDataflowPartition_1_MVAU_hls_3/inst/grp_Matrix_Vector_Activate_Stream_Batch_fu_30/mul_4s_4ns_8_1_1_U7/dout/P[47:0] is not pipelined (MREG=0). Pipelining the multiplier function will improve performance and will save significant power so it is suggested whenever possible to fully pipeline this function.  If this multiplier was inferred, it is suggested to describe an additional register stage after this function.  If there is no registered adder/accumulator following the multiply function, two pipeline stages are suggested to allow both the MREG and PREG registers to be used.  If the DSP48 was instantiated in the design, it is suggested to set both the MREG and PREG attributes to 1 when performing multiply functions.
Related violations: <none>

DPOP-2#32 Warning
MREG Output pipelining  
DSP top_i/StreamingDataflowPartition_1/inst/StreamingDataflowPartition_1_MVAU_hls_3/StreamingDataflowPartition_1_MVAU_hls_3/inst/grp_Matrix_Vector_Activate_Stream_Batch_fu_30/mul_4s_4ns_8_1_1_U8/dout multiplier stage top_i/StreamingDataflowPartition_1/inst/StreamingDataflowPartition_1_MVAU_hls_3/StreamingDataflowPartition_1_MVAU_hls_3/inst/grp_Matrix_Vector_Activate_Stream_Batch_fu_30/mul_4s_4ns_8_1_1_U8/dout/P[47:0] is not pipelined (MREG=0). Pipelining the multiplier function will improve performance and will save significant power so it is suggested whenever possible to fully pipeline this function.  If this multiplier was inferred, it is suggested to describe an additional register stage after this function.  If there is no registered adder/accumulator following the multiply function, two pipeline stages are suggested to allow both the MREG and PREG registers to be used.  If the DSP48 was instantiated in the design, it is suggested to set both the MREG and PREG attributes to 1 when performing multiply functions.
Related violations: <none>

DPOP-2#33 Warning
MREG Output pipelining  
DSP top_i/StreamingDataflowPartition_1/inst/StreamingDataflowPartition_1_MVAU_hls_3/StreamingDataflowPartition_1_MVAU_hls_3/inst/grp_Matrix_Vector_Activate_Stream_Batch_fu_30/mul_4s_4ns_8_1_1_U9/dout multiplier stage top_i/StreamingDataflowPartition_1/inst/StreamingDataflowPartition_1_MVAU_hls_3/StreamingDataflowPartition_1_MVAU_hls_3/inst/grp_Matrix_Vector_Activate_Stream_Batch_fu_30/mul_4s_4ns_8_1_1_U9/dout/P[47:0] is not pipelined (MREG=0). Pipelining the multiplier function will improve performance and will save significant power so it is suggested whenever possible to fully pipeline this function.  If this multiplier was inferred, it is suggested to describe an additional register stage after this function.  If there is no registered adder/accumulator following the multiply function, two pipeline stages are suggested to allow both the MREG and PREG registers to be used.  If the DSP48 was instantiated in the design, it is suggested to set both the MREG and PREG attributes to 1 when performing multiply functions.
Related violations: <none>

DPOP-2#34 Warning
MREG Output pipelining  
DSP top_i/StreamingDataflowPartition_1/inst/StreamingDataflowPartition_1_MVAU_hls_4/StreamingDataflowPartition_1_MVAU_hls_4/inst/grp_Matrix_Vector_Activate_Stream_Batch_fu_30/mul_4ns_4s_8_1_1_U1/dout multiplier stage top_i/StreamingDataflowPartition_1/inst/StreamingDataflowPartition_1_MVAU_hls_4/StreamingDataflowPartition_1_MVAU_hls_4/inst/grp_Matrix_Vector_Activate_Stream_Batch_fu_30/mul_4ns_4s_8_1_1_U1/dout/P[47:0] is not pipelined (MREG=0). Pipelining the multiplier function will improve performance and will save significant power so it is suggested whenever possible to fully pipeline this function.  If this multiplier was inferred, it is suggested to describe an additional register stage after this function.  If there is no registered adder/accumulator following the multiply function, two pipeline stages are suggested to allow both the MREG and PREG registers to be used.  If the DSP48 was instantiated in the design, it is suggested to set both the MREG and PREG attributes to 1 when performing multiply functions.
Related violations: <none>

DPOP-2#35 Warning
MREG Output pipelining  
DSP top_i/StreamingDataflowPartition_1/inst/StreamingDataflowPartition_1_MVAU_hls_4/StreamingDataflowPartition_1_MVAU_hls_4/inst/grp_Matrix_Vector_Activate_Stream_Batch_fu_30/mul_4s_4ns_8_1_1_U10/dout multiplier stage top_i/StreamingDataflowPartition_1/inst/StreamingDataflowPartition_1_MVAU_hls_4/StreamingDataflowPartition_1_MVAU_hls_4/inst/grp_Matrix_Vector_Activate_Stream_Batch_fu_30/mul_4s_4ns_8_1_1_U10/dout/P[47:0] is not pipelined (MREG=0). Pipelining the multiplier function will improve performance and will save significant power so it is suggested whenever possible to fully pipeline this function.  If this multiplier was inferred, it is suggested to describe an additional register stage after this function.  If there is no registered adder/accumulator following the multiply function, two pipeline stages are suggested to allow both the MREG and PREG registers to be used.  If the DSP48 was instantiated in the design, it is suggested to set both the MREG and PREG attributes to 1 when performing multiply functions.
Related violations: <none>

DPOP-2#36 Warning
MREG Output pipelining  
DSP top_i/StreamingDataflowPartition_1/inst/StreamingDataflowPartition_1_MVAU_hls_4/StreamingDataflowPartition_1_MVAU_hls_4/inst/grp_Matrix_Vector_Activate_Stream_Batch_fu_30/mul_4s_4ns_8_1_1_U11/dout multiplier stage top_i/StreamingDataflowPartition_1/inst/StreamingDataflowPartition_1_MVAU_hls_4/StreamingDataflowPartition_1_MVAU_hls_4/inst/grp_Matrix_Vector_Activate_Stream_Batch_fu_30/mul_4s_4ns_8_1_1_U11/dout/P[47:0] is not pipelined (MREG=0). Pipelining the multiplier function will improve performance and will save significant power so it is suggested whenever possible to fully pipeline this function.  If this multiplier was inferred, it is suggested to describe an additional register stage after this function.  If there is no registered adder/accumulator following the multiply function, two pipeline stages are suggested to allow both the MREG and PREG registers to be used.  If the DSP48 was instantiated in the design, it is suggested to set both the MREG and PREG attributes to 1 when performing multiply functions.
Related violations: <none>

DPOP-2#37 Warning
MREG Output pipelining  
DSP top_i/StreamingDataflowPartition_1/inst/StreamingDataflowPartition_1_MVAU_hls_4/StreamingDataflowPartition_1_MVAU_hls_4/inst/grp_Matrix_Vector_Activate_Stream_Batch_fu_30/mul_4s_4ns_8_1_1_U12/dout multiplier stage top_i/StreamingDataflowPartition_1/inst/StreamingDataflowPartition_1_MVAU_hls_4/StreamingDataflowPartition_1_MVAU_hls_4/inst/grp_Matrix_Vector_Activate_Stream_Batch_fu_30/mul_4s_4ns_8_1_1_U12/dout/P[47:0] is not pipelined (MREG=0). Pipelining the multiplier function will improve performance and will save significant power so it is suggested whenever possible to fully pipeline this function.  If this multiplier was inferred, it is suggested to describe an additional register stage after this function.  If there is no registered adder/accumulator following the multiply function, two pipeline stages are suggested to allow both the MREG and PREG registers to be used.  If the DSP48 was instantiated in the design, it is suggested to set both the MREG and PREG attributes to 1 when performing multiply functions.
Related violations: <none>

DPOP-2#38 Warning
MREG Output pipelining  
DSP top_i/StreamingDataflowPartition_1/inst/StreamingDataflowPartition_1_MVAU_hls_4/StreamingDataflowPartition_1_MVAU_hls_4/inst/grp_Matrix_Vector_Activate_Stream_Batch_fu_30/mul_4s_4ns_8_1_1_U13/dout multiplier stage top_i/StreamingDataflowPartition_1/inst/StreamingDataflowPartition_1_MVAU_hls_4/StreamingDataflowPartition_1_MVAU_hls_4/inst/grp_Matrix_Vector_Activate_Stream_Batch_fu_30/mul_4s_4ns_8_1_1_U13/dout/P[47:0] is not pipelined (MREG=0). Pipelining the multiplier function will improve performance and will save significant power so it is suggested whenever possible to fully pipeline this function.  If this multiplier was inferred, it is suggested to describe an additional register stage after this function.  If there is no registered adder/accumulator following the multiply function, two pipeline stages are suggested to allow both the MREG and PREG registers to be used.  If the DSP48 was instantiated in the design, it is suggested to set both the MREG and PREG attributes to 1 when performing multiply functions.
Related violations: <none>

DPOP-2#39 Warning
MREG Output pipelining  
DSP top_i/StreamingDataflowPartition_1/inst/StreamingDataflowPartition_1_MVAU_hls_4/StreamingDataflowPartition_1_MVAU_hls_4/inst/grp_Matrix_Vector_Activate_Stream_Batch_fu_30/mul_4s_4ns_8_1_1_U14/dout multiplier stage top_i/StreamingDataflowPartition_1/inst/StreamingDataflowPartition_1_MVAU_hls_4/StreamingDataflowPartition_1_MVAU_hls_4/inst/grp_Matrix_Vector_Activate_Stream_Batch_fu_30/mul_4s_4ns_8_1_1_U14/dout/P[47:0] is not pipelined (MREG=0). Pipelining the multiplier function will improve performance and will save significant power so it is suggested whenever possible to fully pipeline this function.  If this multiplier was inferred, it is suggested to describe an additional register stage after this function.  If there is no registered adder/accumulator following the multiply function, two pipeline stages are suggested to allow both the MREG and PREG registers to be used.  If the DSP48 was instantiated in the design, it is suggested to set both the MREG and PREG attributes to 1 when performing multiply functions.
Related violations: <none>

DPOP-2#40 Warning
MREG Output pipelining  
DSP top_i/StreamingDataflowPartition_1/inst/StreamingDataflowPartition_1_MVAU_hls_4/StreamingDataflowPartition_1_MVAU_hls_4/inst/grp_Matrix_Vector_Activate_Stream_Batch_fu_30/mul_4s_4ns_8_1_1_U15/dout multiplier stage top_i/StreamingDataflowPartition_1/inst/StreamingDataflowPartition_1_MVAU_hls_4/StreamingDataflowPartition_1_MVAU_hls_4/inst/grp_Matrix_Vector_Activate_Stream_Batch_fu_30/mul_4s_4ns_8_1_1_U15/dout/P[47:0] is not pipelined (MREG=0). Pipelining the multiplier function will improve performance and will save significant power so it is suggested whenever possible to fully pipeline this function.  If this multiplier was inferred, it is suggested to describe an additional register stage after this function.  If there is no registered adder/accumulator following the multiply function, two pipeline stages are suggested to allow both the MREG and PREG registers to be used.  If the DSP48 was instantiated in the design, it is suggested to set both the MREG and PREG attributes to 1 when performing multiply functions.
Related violations: <none>

DPOP-2#41 Warning
MREG Output pipelining  
DSP top_i/StreamingDataflowPartition_1/inst/StreamingDataflowPartition_1_MVAU_hls_4/StreamingDataflowPartition_1_MVAU_hls_4/inst/grp_Matrix_Vector_Activate_Stream_Batch_fu_30/mul_4s_4ns_8_1_1_U16/dout multiplier stage top_i/StreamingDataflowPartition_1/inst/StreamingDataflowPartition_1_MVAU_hls_4/StreamingDataflowPartition_1_MVAU_hls_4/inst/grp_Matrix_Vector_Activate_Stream_Batch_fu_30/mul_4s_4ns_8_1_1_U16/dout/P[47:0] is not pipelined (MREG=0). Pipelining the multiplier function will improve performance and will save significant power so it is suggested whenever possible to fully pipeline this function.  If this multiplier was inferred, it is suggested to describe an additional register stage after this function.  If there is no registered adder/accumulator following the multiply function, two pipeline stages are suggested to allow both the MREG and PREG registers to be used.  If the DSP48 was instantiated in the design, it is suggested to set both the MREG and PREG attributes to 1 when performing multiply functions.
Related violations: <none>

DPOP-2#42 Warning
MREG Output pipelining  
DSP top_i/StreamingDataflowPartition_1/inst/StreamingDataflowPartition_1_MVAU_hls_4/StreamingDataflowPartition_1_MVAU_hls_4/inst/grp_Matrix_Vector_Activate_Stream_Batch_fu_30/mul_4s_4ns_8_1_1_U2/dout multiplier stage top_i/StreamingDataflowPartition_1/inst/StreamingDataflowPartition_1_MVAU_hls_4/StreamingDataflowPartition_1_MVAU_hls_4/inst/grp_Matrix_Vector_Activate_Stream_Batch_fu_30/mul_4s_4ns_8_1_1_U2/dout/P[47:0] is not pipelined (MREG=0). Pipelining the multiplier function will improve performance and will save significant power so it is suggested whenever possible to fully pipeline this function.  If this multiplier was inferred, it is suggested to describe an additional register stage after this function.  If there is no registered adder/accumulator following the multiply function, two pipeline stages are suggested to allow both the MREG and PREG registers to be used.  If the DSP48 was instantiated in the design, it is suggested to set both the MREG and PREG attributes to 1 when performing multiply functions.
Related violations: <none>

DPOP-2#43 Warning
MREG Output pipelining  
DSP top_i/StreamingDataflowPartition_1/inst/StreamingDataflowPartition_1_MVAU_hls_4/StreamingDataflowPartition_1_MVAU_hls_4/inst/grp_Matrix_Vector_Activate_Stream_Batch_fu_30/mul_4s_4ns_8_1_1_U3/dout multiplier stage top_i/StreamingDataflowPartition_1/inst/StreamingDataflowPartition_1_MVAU_hls_4/StreamingDataflowPartition_1_MVAU_hls_4/inst/grp_Matrix_Vector_Activate_Stream_Batch_fu_30/mul_4s_4ns_8_1_1_U3/dout/P[47:0] is not pipelined (MREG=0). Pipelining the multiplier function will improve performance and will save significant power so it is suggested whenever possible to fully pipeline this function.  If this multiplier was inferred, it is suggested to describe an additional register stage after this function.  If there is no registered adder/accumulator following the multiply function, two pipeline stages are suggested to allow both the MREG and PREG registers to be used.  If the DSP48 was instantiated in the design, it is suggested to set both the MREG and PREG attributes to 1 when performing multiply functions.
Related violations: <none>

DPOP-2#44 Warning
MREG Output pipelining  
DSP top_i/StreamingDataflowPartition_1/inst/StreamingDataflowPartition_1_MVAU_hls_4/StreamingDataflowPartition_1_MVAU_hls_4/inst/grp_Matrix_Vector_Activate_Stream_Batch_fu_30/mul_4s_4ns_8_1_1_U4/dout multiplier stage top_i/StreamingDataflowPartition_1/inst/StreamingDataflowPartition_1_MVAU_hls_4/StreamingDataflowPartition_1_MVAU_hls_4/inst/grp_Matrix_Vector_Activate_Stream_Batch_fu_30/mul_4s_4ns_8_1_1_U4/dout/P[47:0] is not pipelined (MREG=0). Pipelining the multiplier function will improve performance and will save significant power so it is suggested whenever possible to fully pipeline this function.  If this multiplier was inferred, it is suggested to describe an additional register stage after this function.  If there is no registered adder/accumulator following the multiply function, two pipeline stages are suggested to allow both the MREG and PREG registers to be used.  If the DSP48 was instantiated in the design, it is suggested to set both the MREG and PREG attributes to 1 when performing multiply functions.
Related violations: <none>

DPOP-2#45 Warning
MREG Output pipelining  
DSP top_i/StreamingDataflowPartition_1/inst/StreamingDataflowPartition_1_MVAU_hls_4/StreamingDataflowPartition_1_MVAU_hls_4/inst/grp_Matrix_Vector_Activate_Stream_Batch_fu_30/mul_4s_4ns_8_1_1_U5/dout multiplier stage top_i/StreamingDataflowPartition_1/inst/StreamingDataflowPartition_1_MVAU_hls_4/StreamingDataflowPartition_1_MVAU_hls_4/inst/grp_Matrix_Vector_Activate_Stream_Batch_fu_30/mul_4s_4ns_8_1_1_U5/dout/P[47:0] is not pipelined (MREG=0). Pipelining the multiplier function will improve performance and will save significant power so it is suggested whenever possible to fully pipeline this function.  If this multiplier was inferred, it is suggested to describe an additional register stage after this function.  If there is no registered adder/accumulator following the multiply function, two pipeline stages are suggested to allow both the MREG and PREG registers to be used.  If the DSP48 was instantiated in the design, it is suggested to set both the MREG and PREG attributes to 1 when performing multiply functions.
Related violations: <none>

DPOP-2#46 Warning
MREG Output pipelining  
DSP top_i/StreamingDataflowPartition_1/inst/StreamingDataflowPartition_1_MVAU_hls_4/StreamingDataflowPartition_1_MVAU_hls_4/inst/grp_Matrix_Vector_Activate_Stream_Batch_fu_30/mul_4s_4ns_8_1_1_U6/dout multiplier stage top_i/StreamingDataflowPartition_1/inst/StreamingDataflowPartition_1_MVAU_hls_4/StreamingDataflowPartition_1_MVAU_hls_4/inst/grp_Matrix_Vector_Activate_Stream_Batch_fu_30/mul_4s_4ns_8_1_1_U6/dout/P[47:0] is not pipelined (MREG=0). Pipelining the multiplier function will improve performance and will save significant power so it is suggested whenever possible to fully pipeline this function.  If this multiplier was inferred, it is suggested to describe an additional register stage after this function.  If there is no registered adder/accumulator following the multiply function, two pipeline stages are suggested to allow both the MREG and PREG registers to be used.  If the DSP48 was instantiated in the design, it is suggested to set both the MREG and PREG attributes to 1 when performing multiply functions.
Related violations: <none>

DPOP-2#47 Warning
MREG Output pipelining  
DSP top_i/StreamingDataflowPartition_1/inst/StreamingDataflowPartition_1_MVAU_hls_4/StreamingDataflowPartition_1_MVAU_hls_4/inst/grp_Matrix_Vector_Activate_Stream_Batch_fu_30/mul_4s_4ns_8_1_1_U7/dout multiplier stage top_i/StreamingDataflowPartition_1/inst/StreamingDataflowPartition_1_MVAU_hls_4/StreamingDataflowPartition_1_MVAU_hls_4/inst/grp_Matrix_Vector_Activate_Stream_Batch_fu_30/mul_4s_4ns_8_1_1_U7/dout/P[47:0] is not pipelined (MREG=0). Pipelining the multiplier function will improve performance and will save significant power so it is suggested whenever possible to fully pipeline this function.  If this multiplier was inferred, it is suggested to describe an additional register stage after this function.  If there is no registered adder/accumulator following the multiply function, two pipeline stages are suggested to allow both the MREG and PREG registers to be used.  If the DSP48 was instantiated in the design, it is suggested to set both the MREG and PREG attributes to 1 when performing multiply functions.
Related violations: <none>

DPOP-2#48 Warning
MREG Output pipelining  
DSP top_i/StreamingDataflowPartition_1/inst/StreamingDataflowPartition_1_MVAU_hls_4/StreamingDataflowPartition_1_MVAU_hls_4/inst/grp_Matrix_Vector_Activate_Stream_Batch_fu_30/mul_4s_4ns_8_1_1_U8/dout multiplier stage top_i/StreamingDataflowPartition_1/inst/StreamingDataflowPartition_1_MVAU_hls_4/StreamingDataflowPartition_1_MVAU_hls_4/inst/grp_Matrix_Vector_Activate_Stream_Batch_fu_30/mul_4s_4ns_8_1_1_U8/dout/P[47:0] is not pipelined (MREG=0). Pipelining the multiplier function will improve performance and will save significant power so it is suggested whenever possible to fully pipeline this function.  If this multiplier was inferred, it is suggested to describe an additional register stage after this function.  If there is no registered adder/accumulator following the multiply function, two pipeline stages are suggested to allow both the MREG and PREG registers to be used.  If the DSP48 was instantiated in the design, it is suggested to set both the MREG and PREG attributes to 1 when performing multiply functions.
Related violations: <none>

DPOP-2#49 Warning
MREG Output pipelining  
DSP top_i/StreamingDataflowPartition_1/inst/StreamingDataflowPartition_1_MVAU_hls_4/StreamingDataflowPartition_1_MVAU_hls_4/inst/grp_Matrix_Vector_Activate_Stream_Batch_fu_30/mul_4s_4ns_8_1_1_U9/dout multiplier stage top_i/StreamingDataflowPartition_1/inst/StreamingDataflowPartition_1_MVAU_hls_4/StreamingDataflowPartition_1_MVAU_hls_4/inst/grp_Matrix_Vector_Activate_Stream_Batch_fu_30/mul_4s_4ns_8_1_1_U9/dout/P[47:0] is not pipelined (MREG=0). Pipelining the multiplier function will improve performance and will save significant power so it is suggested whenever possible to fully pipeline this function.  If this multiplier was inferred, it is suggested to describe an additional register stage after this function.  If there is no registered adder/accumulator following the multiply function, two pipeline stages are suggested to allow both the MREG and PREG registers to be used.  If the DSP48 was instantiated in the design, it is suggested to set both the MREG and PREG attributes to 1 when performing multiply functions.
Related violations: <none>

DPOP-2#50 Warning
MREG Output pipelining  
DSP top_i/StreamingDataflowPartition_1/inst/StreamingDataflowPartition_1_MVAU_hls_5/StreamingDataflowPartition_1_MVAU_hls_5/inst/grp_Matrix_Vector_Activate_Stream_Batch_fu_30/mul_4ns_4s_8_1_1_U1/dout multiplier stage top_i/StreamingDataflowPartition_1/inst/StreamingDataflowPartition_1_MVAU_hls_5/StreamingDataflowPartition_1_MVAU_hls_5/inst/grp_Matrix_Vector_Activate_Stream_Batch_fu_30/mul_4ns_4s_8_1_1_U1/dout/P[47:0] is not pipelined (MREG=0). Pipelining the multiplier function will improve performance and will save significant power so it is suggested whenever possible to fully pipeline this function.  If this multiplier was inferred, it is suggested to describe an additional register stage after this function.  If there is no registered adder/accumulator following the multiply function, two pipeline stages are suggested to allow both the MREG and PREG registers to be used.  If the DSP48 was instantiated in the design, it is suggested to set both the MREG and PREG attributes to 1 when performing multiply functions.
Related violations: <none>

DPOP-2#51 Warning
MREG Output pipelining  
DSP top_i/StreamingDataflowPartition_1/inst/StreamingDataflowPartition_1_MVAU_hls_5/StreamingDataflowPartition_1_MVAU_hls_5/inst/grp_Matrix_Vector_Activate_Stream_Batch_fu_30/mul_4s_4ns_8_1_1_U10/dout multiplier stage top_i/StreamingDataflowPartition_1/inst/StreamingDataflowPartition_1_MVAU_hls_5/StreamingDataflowPartition_1_MVAU_hls_5/inst/grp_Matrix_Vector_Activate_Stream_Batch_fu_30/mul_4s_4ns_8_1_1_U10/dout/P[47:0] is not pipelined (MREG=0). Pipelining the multiplier function will improve performance and will save significant power so it is suggested whenever possible to fully pipeline this function.  If this multiplier was inferred, it is suggested to describe an additional register stage after this function.  If there is no registered adder/accumulator following the multiply function, two pipeline stages are suggested to allow both the MREG and PREG registers to be used.  If the DSP48 was instantiated in the design, it is suggested to set both the MREG and PREG attributes to 1 when performing multiply functions.
Related violations: <none>

DPOP-2#52 Warning
MREG Output pipelining  
DSP top_i/StreamingDataflowPartition_1/inst/StreamingDataflowPartition_1_MVAU_hls_5/StreamingDataflowPartition_1_MVAU_hls_5/inst/grp_Matrix_Vector_Activate_Stream_Batch_fu_30/mul_4s_4ns_8_1_1_U11/dout multiplier stage top_i/StreamingDataflowPartition_1/inst/StreamingDataflowPartition_1_MVAU_hls_5/StreamingDataflowPartition_1_MVAU_hls_5/inst/grp_Matrix_Vector_Activate_Stream_Batch_fu_30/mul_4s_4ns_8_1_1_U11/dout/P[47:0] is not pipelined (MREG=0). Pipelining the multiplier function will improve performance and will save significant power so it is suggested whenever possible to fully pipeline this function.  If this multiplier was inferred, it is suggested to describe an additional register stage after this function.  If there is no registered adder/accumulator following the multiply function, two pipeline stages are suggested to allow both the MREG and PREG registers to be used.  If the DSP48 was instantiated in the design, it is suggested to set both the MREG and PREG attributes to 1 when performing multiply functions.
Related violations: <none>

DPOP-2#53 Warning
MREG Output pipelining  
DSP top_i/StreamingDataflowPartition_1/inst/StreamingDataflowPartition_1_MVAU_hls_5/StreamingDataflowPartition_1_MVAU_hls_5/inst/grp_Matrix_Vector_Activate_Stream_Batch_fu_30/mul_4s_4ns_8_1_1_U12/dout multiplier stage top_i/StreamingDataflowPartition_1/inst/StreamingDataflowPartition_1_MVAU_hls_5/StreamingDataflowPartition_1_MVAU_hls_5/inst/grp_Matrix_Vector_Activate_Stream_Batch_fu_30/mul_4s_4ns_8_1_1_U12/dout/P[47:0] is not pipelined (MREG=0). Pipelining the multiplier function will improve performance and will save significant power so it is suggested whenever possible to fully pipeline this function.  If this multiplier was inferred, it is suggested to describe an additional register stage after this function.  If there is no registered adder/accumulator following the multiply function, two pipeline stages are suggested to allow both the MREG and PREG registers to be used.  If the DSP48 was instantiated in the design, it is suggested to set both the MREG and PREG attributes to 1 when performing multiply functions.
Related violations: <none>

DPOP-2#54 Warning
MREG Output pipelining  
DSP top_i/StreamingDataflowPartition_1/inst/StreamingDataflowPartition_1_MVAU_hls_5/StreamingDataflowPartition_1_MVAU_hls_5/inst/grp_Matrix_Vector_Activate_Stream_Batch_fu_30/mul_4s_4ns_8_1_1_U13/dout multiplier stage top_i/StreamingDataflowPartition_1/inst/StreamingDataflowPartition_1_MVAU_hls_5/StreamingDataflowPartition_1_MVAU_hls_5/inst/grp_Matrix_Vector_Activate_Stream_Batch_fu_30/mul_4s_4ns_8_1_1_U13/dout/P[47:0] is not pipelined (MREG=0). Pipelining the multiplier function will improve performance and will save significant power so it is suggested whenever possible to fully pipeline this function.  If this multiplier was inferred, it is suggested to describe an additional register stage after this function.  If there is no registered adder/accumulator following the multiply function, two pipeline stages are suggested to allow both the MREG and PREG registers to be used.  If the DSP48 was instantiated in the design, it is suggested to set both the MREG and PREG attributes to 1 when performing multiply functions.
Related violations: <none>

DPOP-2#55 Warning
MREG Output pipelining  
DSP top_i/StreamingDataflowPartition_1/inst/StreamingDataflowPartition_1_MVAU_hls_5/StreamingDataflowPartition_1_MVAU_hls_5/inst/grp_Matrix_Vector_Activate_Stream_Batch_fu_30/mul_4s_4ns_8_1_1_U14/dout multiplier stage top_i/StreamingDataflowPartition_1/inst/StreamingDataflowPartition_1_MVAU_hls_5/StreamingDataflowPartition_1_MVAU_hls_5/inst/grp_Matrix_Vector_Activate_Stream_Batch_fu_30/mul_4s_4ns_8_1_1_U14/dout/P[47:0] is not pipelined (MREG=0). Pipelining the multiplier function will improve performance and will save significant power so it is suggested whenever possible to fully pipeline this function.  If this multiplier was inferred, it is suggested to describe an additional register stage after this function.  If there is no registered adder/accumulator following the multiply function, two pipeline stages are suggested to allow both the MREG and PREG registers to be used.  If the DSP48 was instantiated in the design, it is suggested to set both the MREG and PREG attributes to 1 when performing multiply functions.
Related violations: <none>

DPOP-2#56 Warning
MREG Output pipelining  
DSP top_i/StreamingDataflowPartition_1/inst/StreamingDataflowPartition_1_MVAU_hls_5/StreamingDataflowPartition_1_MVAU_hls_5/inst/grp_Matrix_Vector_Activate_Stream_Batch_fu_30/mul_4s_4ns_8_1_1_U15/dout multiplier stage top_i/StreamingDataflowPartition_1/inst/StreamingDataflowPartition_1_MVAU_hls_5/StreamingDataflowPartition_1_MVAU_hls_5/inst/grp_Matrix_Vector_Activate_Stream_Batch_fu_30/mul_4s_4ns_8_1_1_U15/dout/P[47:0] is not pipelined (MREG=0). Pipelining the multiplier function will improve performance and will save significant power so it is suggested whenever possible to fully pipeline this function.  If this multiplier was inferred, it is suggested to describe an additional register stage after this function.  If there is no registered adder/accumulator following the multiply function, two pipeline stages are suggested to allow both the MREG and PREG registers to be used.  If the DSP48 was instantiated in the design, it is suggested to set both the MREG and PREG attributes to 1 when performing multiply functions.
Related violations: <none>

DPOP-2#57 Warning
MREG Output pipelining  
DSP top_i/StreamingDataflowPartition_1/inst/StreamingDataflowPartition_1_MVAU_hls_5/StreamingDataflowPartition_1_MVAU_hls_5/inst/grp_Matrix_Vector_Activate_Stream_Batch_fu_30/mul_4s_4ns_8_1_1_U16/dout multiplier stage top_i/StreamingDataflowPartition_1/inst/StreamingDataflowPartition_1_MVAU_hls_5/StreamingDataflowPartition_1_MVAU_hls_5/inst/grp_Matrix_Vector_Activate_Stream_Batch_fu_30/mul_4s_4ns_8_1_1_U16/dout/P[47:0] is not pipelined (MREG=0). Pipelining the multiplier function will improve performance and will save significant power so it is suggested whenever possible to fully pipeline this function.  If this multiplier was inferred, it is suggested to describe an additional register stage after this function.  If there is no registered adder/accumulator following the multiply function, two pipeline stages are suggested to allow both the MREG and PREG registers to be used.  If the DSP48 was instantiated in the design, it is suggested to set both the MREG and PREG attributes to 1 when performing multiply functions.
Related violations: <none>

DPOP-2#58 Warning
MREG Output pipelining  
DSP top_i/StreamingDataflowPartition_1/inst/StreamingDataflowPartition_1_MVAU_hls_5/StreamingDataflowPartition_1_MVAU_hls_5/inst/grp_Matrix_Vector_Activate_Stream_Batch_fu_30/mul_4s_4ns_8_1_1_U2/dout multiplier stage top_i/StreamingDataflowPartition_1/inst/StreamingDataflowPartition_1_MVAU_hls_5/StreamingDataflowPartition_1_MVAU_hls_5/inst/grp_Matrix_Vector_Activate_Stream_Batch_fu_30/mul_4s_4ns_8_1_1_U2/dout/P[47:0] is not pipelined (MREG=0). Pipelining the multiplier function will improve performance and will save significant power so it is suggested whenever possible to fully pipeline this function.  If this multiplier was inferred, it is suggested to describe an additional register stage after this function.  If there is no registered adder/accumulator following the multiply function, two pipeline stages are suggested to allow both the MREG and PREG registers to be used.  If the DSP48 was instantiated in the design, it is suggested to set both the MREG and PREG attributes to 1 when performing multiply functions.
Related violations: <none>

DPOP-2#59 Warning
MREG Output pipelining  
DSP top_i/StreamingDataflowPartition_1/inst/StreamingDataflowPartition_1_MVAU_hls_5/StreamingDataflowPartition_1_MVAU_hls_5/inst/grp_Matrix_Vector_Activate_Stream_Batch_fu_30/mul_4s_4ns_8_1_1_U3/dout multiplier stage top_i/StreamingDataflowPartition_1/inst/StreamingDataflowPartition_1_MVAU_hls_5/StreamingDataflowPartition_1_MVAU_hls_5/inst/grp_Matrix_Vector_Activate_Stream_Batch_fu_30/mul_4s_4ns_8_1_1_U3/dout/P[47:0] is not pipelined (MREG=0). Pipelining the multiplier function will improve performance and will save significant power so it is suggested whenever possible to fully pipeline this function.  If this multiplier was inferred, it is suggested to describe an additional register stage after this function.  If there is no registered adder/accumulator following the multiply function, two pipeline stages are suggested to allow both the MREG and PREG registers to be used.  If the DSP48 was instantiated in the design, it is suggested to set both the MREG and PREG attributes to 1 when performing multiply functions.
Related violations: <none>

DPOP-2#60 Warning
MREG Output pipelining  
DSP top_i/StreamingDataflowPartition_1/inst/StreamingDataflowPartition_1_MVAU_hls_5/StreamingDataflowPartition_1_MVAU_hls_5/inst/grp_Matrix_Vector_Activate_Stream_Batch_fu_30/mul_4s_4ns_8_1_1_U4/dout multiplier stage top_i/StreamingDataflowPartition_1/inst/StreamingDataflowPartition_1_MVAU_hls_5/StreamingDataflowPartition_1_MVAU_hls_5/inst/grp_Matrix_Vector_Activate_Stream_Batch_fu_30/mul_4s_4ns_8_1_1_U4/dout/P[47:0] is not pipelined (MREG=0). Pipelining the multiplier function will improve performance and will save significant power so it is suggested whenever possible to fully pipeline this function.  If this multiplier was inferred, it is suggested to describe an additional register stage after this function.  If there is no registered adder/accumulator following the multiply function, two pipeline stages are suggested to allow both the MREG and PREG registers to be used.  If the DSP48 was instantiated in the design, it is suggested to set both the MREG and PREG attributes to 1 when performing multiply functions.
Related violations: <none>

DPOP-2#61 Warning
MREG Output pipelining  
DSP top_i/StreamingDataflowPartition_1/inst/StreamingDataflowPartition_1_MVAU_hls_5/StreamingDataflowPartition_1_MVAU_hls_5/inst/grp_Matrix_Vector_Activate_Stream_Batch_fu_30/mul_4s_4ns_8_1_1_U5/dout multiplier stage top_i/StreamingDataflowPartition_1/inst/StreamingDataflowPartition_1_MVAU_hls_5/StreamingDataflowPartition_1_MVAU_hls_5/inst/grp_Matrix_Vector_Activate_Stream_Batch_fu_30/mul_4s_4ns_8_1_1_U5/dout/P[47:0] is not pipelined (MREG=0). Pipelining the multiplier function will improve performance and will save significant power so it is suggested whenever possible to fully pipeline this function.  If this multiplier was inferred, it is suggested to describe an additional register stage after this function.  If there is no registered adder/accumulator following the multiply function, two pipeline stages are suggested to allow both the MREG and PREG registers to be used.  If the DSP48 was instantiated in the design, it is suggested to set both the MREG and PREG attributes to 1 when performing multiply functions.
Related violations: <none>

DPOP-2#62 Warning
MREG Output pipelining  
DSP top_i/StreamingDataflowPartition_1/inst/StreamingDataflowPartition_1_MVAU_hls_5/StreamingDataflowPartition_1_MVAU_hls_5/inst/grp_Matrix_Vector_Activate_Stream_Batch_fu_30/mul_4s_4ns_8_1_1_U6/dout multiplier stage top_i/StreamingDataflowPartition_1/inst/StreamingDataflowPartition_1_MVAU_hls_5/StreamingDataflowPartition_1_MVAU_hls_5/inst/grp_Matrix_Vector_Activate_Stream_Batch_fu_30/mul_4s_4ns_8_1_1_U6/dout/P[47:0] is not pipelined (MREG=0). Pipelining the multiplier function will improve performance and will save significant power so it is suggested whenever possible to fully pipeline this function.  If this multiplier was inferred, it is suggested to describe an additional register stage after this function.  If there is no registered adder/accumulator following the multiply function, two pipeline stages are suggested to allow both the MREG and PREG registers to be used.  If the DSP48 was instantiated in the design, it is suggested to set both the MREG and PREG attributes to 1 when performing multiply functions.
Related violations: <none>

DPOP-2#63 Warning
MREG Output pipelining  
DSP top_i/StreamingDataflowPartition_1/inst/StreamingDataflowPartition_1_MVAU_hls_5/StreamingDataflowPartition_1_MVAU_hls_5/inst/grp_Matrix_Vector_Activate_Stream_Batch_fu_30/mul_4s_4ns_8_1_1_U7/dout multiplier stage top_i/StreamingDataflowPartition_1/inst/StreamingDataflowPartition_1_MVAU_hls_5/StreamingDataflowPartition_1_MVAU_hls_5/inst/grp_Matrix_Vector_Activate_Stream_Batch_fu_30/mul_4s_4ns_8_1_1_U7/dout/P[47:0] is not pipelined (MREG=0). Pipelining the multiplier function will improve performance and will save significant power so it is suggested whenever possible to fully pipeline this function.  If this multiplier was inferred, it is suggested to describe an additional register stage after this function.  If there is no registered adder/accumulator following the multiply function, two pipeline stages are suggested to allow both the MREG and PREG registers to be used.  If the DSP48 was instantiated in the design, it is suggested to set both the MREG and PREG attributes to 1 when performing multiply functions.
Related violations: <none>

DPOP-2#64 Warning
MREG Output pipelining  
DSP top_i/StreamingDataflowPartition_1/inst/StreamingDataflowPartition_1_MVAU_hls_5/StreamingDataflowPartition_1_MVAU_hls_5/inst/grp_Matrix_Vector_Activate_Stream_Batch_fu_30/mul_4s_4ns_8_1_1_U8/dout multiplier stage top_i/StreamingDataflowPartition_1/inst/StreamingDataflowPartition_1_MVAU_hls_5/StreamingDataflowPartition_1_MVAU_hls_5/inst/grp_Matrix_Vector_Activate_Stream_Batch_fu_30/mul_4s_4ns_8_1_1_U8/dout/P[47:0] is not pipelined (MREG=0). Pipelining the multiplier function will improve performance and will save significant power so it is suggested whenever possible to fully pipeline this function.  If this multiplier was inferred, it is suggested to describe an additional register stage after this function.  If there is no registered adder/accumulator following the multiply function, two pipeline stages are suggested to allow both the MREG and PREG registers to be used.  If the DSP48 was instantiated in the design, it is suggested to set both the MREG and PREG attributes to 1 when performing multiply functions.
Related violations: <none>

DPOP-2#65 Warning
MREG Output pipelining  
DSP top_i/StreamingDataflowPartition_1/inst/StreamingDataflowPartition_1_MVAU_hls_5/StreamingDataflowPartition_1_MVAU_hls_5/inst/grp_Matrix_Vector_Activate_Stream_Batch_fu_30/mul_4s_4ns_8_1_1_U9/dout multiplier stage top_i/StreamingDataflowPartition_1/inst/StreamingDataflowPartition_1_MVAU_hls_5/StreamingDataflowPartition_1_MVAU_hls_5/inst/grp_Matrix_Vector_Activate_Stream_Batch_fu_30/mul_4s_4ns_8_1_1_U9/dout/P[47:0] is not pipelined (MREG=0). Pipelining the multiplier function will improve performance and will save significant power so it is suggested whenever possible to fully pipeline this function.  If this multiplier was inferred, it is suggested to describe an additional register stage after this function.  If there is no registered adder/accumulator following the multiply function, two pipeline stages are suggested to allow both the MREG and PREG registers to be used.  If the DSP48 was instantiated in the design, it is suggested to set both the MREG and PREG attributes to 1 when performing multiply functions.
Related violations: <none>

DPOP-2#66 Warning
MREG Output pipelining  
DSP top_i/StreamingDataflowPartition_1/inst/StreamingDataflowPartition_1_MVAU_hls_6/StreamingDataflowPartition_1_MVAU_hls_6/inst/grp_Matrix_Vector_Activate_Stream_Batch_fu_30/mul_4ns_4s_8_1_1_U1/dout multiplier stage top_i/StreamingDataflowPartition_1/inst/StreamingDataflowPartition_1_MVAU_hls_6/StreamingDataflowPartition_1_MVAU_hls_6/inst/grp_Matrix_Vector_Activate_Stream_Batch_fu_30/mul_4ns_4s_8_1_1_U1/dout/P[47:0] is not pipelined (MREG=0). Pipelining the multiplier function will improve performance and will save significant power so it is suggested whenever possible to fully pipeline this function.  If this multiplier was inferred, it is suggested to describe an additional register stage after this function.  If there is no registered adder/accumulator following the multiply function, two pipeline stages are suggested to allow both the MREG and PREG registers to be used.  If the DSP48 was instantiated in the design, it is suggested to set both the MREG and PREG attributes to 1 when performing multiply functions.
Related violations: <none>

DPOP-2#67 Warning
MREG Output pipelining  
DSP top_i/StreamingDataflowPartition_1/inst/StreamingDataflowPartition_1_MVAU_hls_6/StreamingDataflowPartition_1_MVAU_hls_6/inst/grp_Matrix_Vector_Activate_Stream_Batch_fu_30/mul_4s_4ns_8_1_1_U10/dout multiplier stage top_i/StreamingDataflowPartition_1/inst/StreamingDataflowPartition_1_MVAU_hls_6/StreamingDataflowPartition_1_MVAU_hls_6/inst/grp_Matrix_Vector_Activate_Stream_Batch_fu_30/mul_4s_4ns_8_1_1_U10/dout/P[47:0] is not pipelined (MREG=0). Pipelining the multiplier function will improve performance and will save significant power so it is suggested whenever possible to fully pipeline this function.  If this multiplier was inferred, it is suggested to describe an additional register stage after this function.  If there is no registered adder/accumulator following the multiply function, two pipeline stages are suggested to allow both the MREG and PREG registers to be used.  If the DSP48 was instantiated in the design, it is suggested to set both the MREG and PREG attributes to 1 when performing multiply functions.
Related violations: <none>

DPOP-2#68 Warning
MREG Output pipelining  
DSP top_i/StreamingDataflowPartition_1/inst/StreamingDataflowPartition_1_MVAU_hls_6/StreamingDataflowPartition_1_MVAU_hls_6/inst/grp_Matrix_Vector_Activate_Stream_Batch_fu_30/mul_4s_4ns_8_1_1_U11/dout multiplier stage top_i/StreamingDataflowPartition_1/inst/StreamingDataflowPartition_1_MVAU_hls_6/StreamingDataflowPartition_1_MVAU_hls_6/inst/grp_Matrix_Vector_Activate_Stream_Batch_fu_30/mul_4s_4ns_8_1_1_U11/dout/P[47:0] is not pipelined (MREG=0). Pipelining the multiplier function will improve performance and will save significant power so it is suggested whenever possible to fully pipeline this function.  If this multiplier was inferred, it is suggested to describe an additional register stage after this function.  If there is no registered adder/accumulator following the multiply function, two pipeline stages are suggested to allow both the MREG and PREG registers to be used.  If the DSP48 was instantiated in the design, it is suggested to set both the MREG and PREG attributes to 1 when performing multiply functions.
Related violations: <none>

DPOP-2#69 Warning
MREG Output pipelining  
DSP top_i/StreamingDataflowPartition_1/inst/StreamingDataflowPartition_1_MVAU_hls_6/StreamingDataflowPartition_1_MVAU_hls_6/inst/grp_Matrix_Vector_Activate_Stream_Batch_fu_30/mul_4s_4ns_8_1_1_U12/dout multiplier stage top_i/StreamingDataflowPartition_1/inst/StreamingDataflowPartition_1_MVAU_hls_6/StreamingDataflowPartition_1_MVAU_hls_6/inst/grp_Matrix_Vector_Activate_Stream_Batch_fu_30/mul_4s_4ns_8_1_1_U12/dout/P[47:0] is not pipelined (MREG=0). Pipelining the multiplier function will improve performance and will save significant power so it is suggested whenever possible to fully pipeline this function.  If this multiplier was inferred, it is suggested to describe an additional register stage after this function.  If there is no registered adder/accumulator following the multiply function, two pipeline stages are suggested to allow both the MREG and PREG registers to be used.  If the DSP48 was instantiated in the design, it is suggested to set both the MREG and PREG attributes to 1 when performing multiply functions.
Related violations: <none>

DPOP-2#70 Warning
MREG Output pipelining  
DSP top_i/StreamingDataflowPartition_1/inst/StreamingDataflowPartition_1_MVAU_hls_6/StreamingDataflowPartition_1_MVAU_hls_6/inst/grp_Matrix_Vector_Activate_Stream_Batch_fu_30/mul_4s_4ns_8_1_1_U13/dout multiplier stage top_i/StreamingDataflowPartition_1/inst/StreamingDataflowPartition_1_MVAU_hls_6/StreamingDataflowPartition_1_MVAU_hls_6/inst/grp_Matrix_Vector_Activate_Stream_Batch_fu_30/mul_4s_4ns_8_1_1_U13/dout/P[47:0] is not pipelined (MREG=0). Pipelining the multiplier function will improve performance and will save significant power so it is suggested whenever possible to fully pipeline this function.  If this multiplier was inferred, it is suggested to describe an additional register stage after this function.  If there is no registered adder/accumulator following the multiply function, two pipeline stages are suggested to allow both the MREG and PREG registers to be used.  If the DSP48 was instantiated in the design, it is suggested to set both the MREG and PREG attributes to 1 when performing multiply functions.
Related violations: <none>

DPOP-2#71 Warning
MREG Output pipelining  
DSP top_i/StreamingDataflowPartition_1/inst/StreamingDataflowPartition_1_MVAU_hls_6/StreamingDataflowPartition_1_MVAU_hls_6/inst/grp_Matrix_Vector_Activate_Stream_Batch_fu_30/mul_4s_4ns_8_1_1_U14/dout multiplier stage top_i/StreamingDataflowPartition_1/inst/StreamingDataflowPartition_1_MVAU_hls_6/StreamingDataflowPartition_1_MVAU_hls_6/inst/grp_Matrix_Vector_Activate_Stream_Batch_fu_30/mul_4s_4ns_8_1_1_U14/dout/P[47:0] is not pipelined (MREG=0). Pipelining the multiplier function will improve performance and will save significant power so it is suggested whenever possible to fully pipeline this function.  If this multiplier was inferred, it is suggested to describe an additional register stage after this function.  If there is no registered adder/accumulator following the multiply function, two pipeline stages are suggested to allow both the MREG and PREG registers to be used.  If the DSP48 was instantiated in the design, it is suggested to set both the MREG and PREG attributes to 1 when performing multiply functions.
Related violations: <none>

DPOP-2#72 Warning
MREG Output pipelining  
DSP top_i/StreamingDataflowPartition_1/inst/StreamingDataflowPartition_1_MVAU_hls_6/StreamingDataflowPartition_1_MVAU_hls_6/inst/grp_Matrix_Vector_Activate_Stream_Batch_fu_30/mul_4s_4ns_8_1_1_U15/dout multiplier stage top_i/StreamingDataflowPartition_1/inst/StreamingDataflowPartition_1_MVAU_hls_6/StreamingDataflowPartition_1_MVAU_hls_6/inst/grp_Matrix_Vector_Activate_Stream_Batch_fu_30/mul_4s_4ns_8_1_1_U15/dout/P[47:0] is not pipelined (MREG=0). Pipelining the multiplier function will improve performance and will save significant power so it is suggested whenever possible to fully pipeline this function.  If this multiplier was inferred, it is suggested to describe an additional register stage after this function.  If there is no registered adder/accumulator following the multiply function, two pipeline stages are suggested to allow both the MREG and PREG registers to be used.  If the DSP48 was instantiated in the design, it is suggested to set both the MREG and PREG attributes to 1 when performing multiply functions.
Related violations: <none>

DPOP-2#73 Warning
MREG Output pipelining  
DSP top_i/StreamingDataflowPartition_1/inst/StreamingDataflowPartition_1_MVAU_hls_6/StreamingDataflowPartition_1_MVAU_hls_6/inst/grp_Matrix_Vector_Activate_Stream_Batch_fu_30/mul_4s_4ns_8_1_1_U16/dout multiplier stage top_i/StreamingDataflowPartition_1/inst/StreamingDataflowPartition_1_MVAU_hls_6/StreamingDataflowPartition_1_MVAU_hls_6/inst/grp_Matrix_Vector_Activate_Stream_Batch_fu_30/mul_4s_4ns_8_1_1_U16/dout/P[47:0] is not pipelined (MREG=0). Pipelining the multiplier function will improve performance and will save significant power so it is suggested whenever possible to fully pipeline this function.  If this multiplier was inferred, it is suggested to describe an additional register stage after this function.  If there is no registered adder/accumulator following the multiply function, two pipeline stages are suggested to allow both the MREG and PREG registers to be used.  If the DSP48 was instantiated in the design, it is suggested to set both the MREG and PREG attributes to 1 when performing multiply functions.
Related violations: <none>

DPOP-2#74 Warning
MREG Output pipelining  
DSP top_i/StreamingDataflowPartition_1/inst/StreamingDataflowPartition_1_MVAU_hls_6/StreamingDataflowPartition_1_MVAU_hls_6/inst/grp_Matrix_Vector_Activate_Stream_Batch_fu_30/mul_4s_4ns_8_1_1_U2/dout multiplier stage top_i/StreamingDataflowPartition_1/inst/StreamingDataflowPartition_1_MVAU_hls_6/StreamingDataflowPartition_1_MVAU_hls_6/inst/grp_Matrix_Vector_Activate_Stream_Batch_fu_30/mul_4s_4ns_8_1_1_U2/dout/P[47:0] is not pipelined (MREG=0). Pipelining the multiplier function will improve performance and will save significant power so it is suggested whenever possible to fully pipeline this function.  If this multiplier was inferred, it is suggested to describe an additional register stage after this function.  If there is no registered adder/accumulator following the multiply function, two pipeline stages are suggested to allow both the MREG and PREG registers to be used.  If the DSP48 was instantiated in the design, it is suggested to set both the MREG and PREG attributes to 1 when performing multiply functions.
Related violations: <none>

DPOP-2#75 Warning
MREG Output pipelining  
DSP top_i/StreamingDataflowPartition_1/inst/StreamingDataflowPartition_1_MVAU_hls_6/StreamingDataflowPartition_1_MVAU_hls_6/inst/grp_Matrix_Vector_Activate_Stream_Batch_fu_30/mul_4s_4ns_8_1_1_U3/dout multiplier stage top_i/StreamingDataflowPartition_1/inst/StreamingDataflowPartition_1_MVAU_hls_6/StreamingDataflowPartition_1_MVAU_hls_6/inst/grp_Matrix_Vector_Activate_Stream_Batch_fu_30/mul_4s_4ns_8_1_1_U3/dout/P[47:0] is not pipelined (MREG=0). Pipelining the multiplier function will improve performance and will save significant power so it is suggested whenever possible to fully pipeline this function.  If this multiplier was inferred, it is suggested to describe an additional register stage after this function.  If there is no registered adder/accumulator following the multiply function, two pipeline stages are suggested to allow both the MREG and PREG registers to be used.  If the DSP48 was instantiated in the design, it is suggested to set both the MREG and PREG attributes to 1 when performing multiply functions.
Related violations: <none>

DPOP-2#76 Warning
MREG Output pipelining  
DSP top_i/StreamingDataflowPartition_1/inst/StreamingDataflowPartition_1_MVAU_hls_6/StreamingDataflowPartition_1_MVAU_hls_6/inst/grp_Matrix_Vector_Activate_Stream_Batch_fu_30/mul_4s_4ns_8_1_1_U4/dout multiplier stage top_i/StreamingDataflowPartition_1/inst/StreamingDataflowPartition_1_MVAU_hls_6/StreamingDataflowPartition_1_MVAU_hls_6/inst/grp_Matrix_Vector_Activate_Stream_Batch_fu_30/mul_4s_4ns_8_1_1_U4/dout/P[47:0] is not pipelined (MREG=0). Pipelining the multiplier function will improve performance and will save significant power so it is suggested whenever possible to fully pipeline this function.  If this multiplier was inferred, it is suggested to describe an additional register stage after this function.  If there is no registered adder/accumulator following the multiply function, two pipeline stages are suggested to allow both the MREG and PREG registers to be used.  If the DSP48 was instantiated in the design, it is suggested to set both the MREG and PREG attributes to 1 when performing multiply functions.
Related violations: <none>

DPOP-2#77 Warning
MREG Output pipelining  
DSP top_i/StreamingDataflowPartition_1/inst/StreamingDataflowPartition_1_MVAU_hls_6/StreamingDataflowPartition_1_MVAU_hls_6/inst/grp_Matrix_Vector_Activate_Stream_Batch_fu_30/mul_4s_4ns_8_1_1_U5/dout multiplier stage top_i/StreamingDataflowPartition_1/inst/StreamingDataflowPartition_1_MVAU_hls_6/StreamingDataflowPartition_1_MVAU_hls_6/inst/grp_Matrix_Vector_Activate_Stream_Batch_fu_30/mul_4s_4ns_8_1_1_U5/dout/P[47:0] is not pipelined (MREG=0). Pipelining the multiplier function will improve performance and will save significant power so it is suggested whenever possible to fully pipeline this function.  If this multiplier was inferred, it is suggested to describe an additional register stage after this function.  If there is no registered adder/accumulator following the multiply function, two pipeline stages are suggested to allow both the MREG and PREG registers to be used.  If the DSP48 was instantiated in the design, it is suggested to set both the MREG and PREG attributes to 1 when performing multiply functions.
Related violations: <none>

DPOP-2#78 Warning
MREG Output pipelining  
DSP top_i/StreamingDataflowPartition_1/inst/StreamingDataflowPartition_1_MVAU_hls_6/StreamingDataflowPartition_1_MVAU_hls_6/inst/grp_Matrix_Vector_Activate_Stream_Batch_fu_30/mul_4s_4ns_8_1_1_U6/dout multiplier stage top_i/StreamingDataflowPartition_1/inst/StreamingDataflowPartition_1_MVAU_hls_6/StreamingDataflowPartition_1_MVAU_hls_6/inst/grp_Matrix_Vector_Activate_Stream_Batch_fu_30/mul_4s_4ns_8_1_1_U6/dout/P[47:0] is not pipelined (MREG=0). Pipelining the multiplier function will improve performance and will save significant power so it is suggested whenever possible to fully pipeline this function.  If this multiplier was inferred, it is suggested to describe an additional register stage after this function.  If there is no registered adder/accumulator following the multiply function, two pipeline stages are suggested to allow both the MREG and PREG registers to be used.  If the DSP48 was instantiated in the design, it is suggested to set both the MREG and PREG attributes to 1 when performing multiply functions.
Related violations: <none>

DPOP-2#79 Warning
MREG Output pipelining  
DSP top_i/StreamingDataflowPartition_1/inst/StreamingDataflowPartition_1_MVAU_hls_6/StreamingDataflowPartition_1_MVAU_hls_6/inst/grp_Matrix_Vector_Activate_Stream_Batch_fu_30/mul_4s_4ns_8_1_1_U7/dout multiplier stage top_i/StreamingDataflowPartition_1/inst/StreamingDataflowPartition_1_MVAU_hls_6/StreamingDataflowPartition_1_MVAU_hls_6/inst/grp_Matrix_Vector_Activate_Stream_Batch_fu_30/mul_4s_4ns_8_1_1_U7/dout/P[47:0] is not pipelined (MREG=0). Pipelining the multiplier function will improve performance and will save significant power so it is suggested whenever possible to fully pipeline this function.  If this multiplier was inferred, it is suggested to describe an additional register stage after this function.  If there is no registered adder/accumulator following the multiply function, two pipeline stages are suggested to allow both the MREG and PREG registers to be used.  If the DSP48 was instantiated in the design, it is suggested to set both the MREG and PREG attributes to 1 when performing multiply functions.
Related violations: <none>

DPOP-2#80 Warning
MREG Output pipelining  
DSP top_i/StreamingDataflowPartition_1/inst/StreamingDataflowPartition_1_MVAU_hls_6/StreamingDataflowPartition_1_MVAU_hls_6/inst/grp_Matrix_Vector_Activate_Stream_Batch_fu_30/mul_4s_4ns_8_1_1_U8/dout multiplier stage top_i/StreamingDataflowPartition_1/inst/StreamingDataflowPartition_1_MVAU_hls_6/StreamingDataflowPartition_1_MVAU_hls_6/inst/grp_Matrix_Vector_Activate_Stream_Batch_fu_30/mul_4s_4ns_8_1_1_U8/dout/P[47:0] is not pipelined (MREG=0). Pipelining the multiplier function will improve performance and will save significant power so it is suggested whenever possible to fully pipeline this function.  If this multiplier was inferred, it is suggested to describe an additional register stage after this function.  If there is no registered adder/accumulator following the multiply function, two pipeline stages are suggested to allow both the MREG and PREG registers to be used.  If the DSP48 was instantiated in the design, it is suggested to set both the MREG and PREG attributes to 1 when performing multiply functions.
Related violations: <none>

DPOP-2#81 Warning
MREG Output pipelining  
DSP top_i/StreamingDataflowPartition_1/inst/StreamingDataflowPartition_1_MVAU_hls_6/StreamingDataflowPartition_1_MVAU_hls_6/inst/grp_Matrix_Vector_Activate_Stream_Batch_fu_30/mul_4s_4ns_8_1_1_U9/dout multiplier stage top_i/StreamingDataflowPartition_1/inst/StreamingDataflowPartition_1_MVAU_hls_6/StreamingDataflowPartition_1_MVAU_hls_6/inst/grp_Matrix_Vector_Activate_Stream_Batch_fu_30/mul_4s_4ns_8_1_1_U9/dout/P[47:0] is not pipelined (MREG=0). Pipelining the multiplier function will improve performance and will save significant power so it is suggested whenever possible to fully pipeline this function.  If this multiplier was inferred, it is suggested to describe an additional register stage after this function.  If there is no registered adder/accumulator following the multiply function, two pipeline stages are suggested to allow both the MREG and PREG registers to be used.  If the DSP48 was instantiated in the design, it is suggested to set both the MREG and PREG attributes to 1 when performing multiply functions.
Related violations: <none>

DPOP-2#82 Warning
MREG Output pipelining  
DSP top_i/StreamingDataflowPartition_1/inst/StreamingDataflowPartition_1_MVAU_hls_7/inst/grp_Matrix_Vector_Activate_Batch_fu_30/mul_4ns_4s_8_1_1_U2/dout multiplier stage top_i/StreamingDataflowPartition_1/inst/StreamingDataflowPartition_1_MVAU_hls_7/inst/grp_Matrix_Vector_Activate_Batch_fu_30/mul_4ns_4s_8_1_1_U2/dout/P[47:0] is not pipelined (MREG=0). Pipelining the multiplier function will improve performance and will save significant power so it is suggested whenever possible to fully pipeline this function.  If this multiplier was inferred, it is suggested to describe an additional register stage after this function.  If there is no registered adder/accumulator following the multiply function, two pipeline stages are suggested to allow both the MREG and PREG registers to be used.  If the DSP48 was instantiated in the design, it is suggested to set both the MREG and PREG attributes to 1 when performing multiply functions.
Related violations: <none>


